client_id,default_probability
CC_0012A082B7B7,0.1721457305836753
CC_0012BC27DFB6,0.14127457538238217
CC_001563B2143D,0.10853898317780795
CC_001B46930B6F,0.09521514788775527
CC_001D771E1C9F,0.07021810693575223
CC_0028BD91E759,0.09382091447461056
CC_0029971D7EF4,0.2503500346882341
CC_002B8C00B239,0.050611875659109164
CC_0035DFA86185,0.7212951263335573
CC_0042D11A6D0F,0.058343418624839584
CC_004D21A4ABB6,0.12783026176569381
CC_004EE05FC2EF,0.5833470646336607
CC_0050E546EDCE,0.6755544596612266
CC_005D7F31F785,0.07888689621290113
CC_0079996ED779,0.16593691595423007
CC_0082B4E1D9CE,0.06339298924720688
CC_00B01C73CEB8,0.14833540190434355
CC_00B74FFEEA53,0.15414306251933346
CC_00BF6791C18C,0.13249869018173857
CC_00C5E30B288C,0.2954902478874303
CC_00C68CE1CC12,0.313938109470574
CC_00CC4148959F,0.1824321783331447
CC_00D428772D30,0.37967977942324405
CC_00D5806C7783,0.12431501042832413
CC_00D5C677C2AE,0.44430464202192743
CC_00DA781C4D66,0.12817815823578252
CC_00E7E2D6B548,0.21097264064654933
CC_012BC0A68DC1,0.09897886714696946
CC_014911033882,0.1657180925940739
CC_014F7EF4E595,0.699106801864011
CC_016501B25F2B,0.08217112835782298
CC_016767D9B049,0.0354804901896906
CC_017598512EA2,0.12216265510167243
CC_01941532C804,0.17520108960925
CC_01A66C6E22FF,0.742250734774627
CC_01A684355200,0.17527559167400572
CC_01AC62740827,0.1365771217076303
CC_01B0EFE5DB79,0.21311237817423664
CC_01B876B2988F,0.20841668981086173
CC_01CBB64C1DB1,0.299105984507061
CC_01DBD993A1FC,0.08664103983400637
CC_01DC49D55C2D,0.03848622149044872
CC_01EF18A3ADBC,0.444570780686065
CC_020252D37557,0.17258395820463487
CC_020BCDBCA8CA,0.3231566753762745
CC_021A6DD97ED4,0.13125397085933815
CC_022054506F33,0.07925936089436753
CC_0225D6231EAA,0.07049032125534556
CC_024B524B0176,0.048403440286145516
CC_0256303A6DC0,0.18340885715355118
CC_02589E6E4714,0.09049003579800474
CC_025927626E10,0.7039970825689098
CC_0283023DB294,0.04670300456460267
CC_02903C6FC0C0,0.1627858330053021
CC_0296E572CF21,0.06320452789887047
CC_02999E509460,0.4542708810563637
CC_029E835D91BB,0.0875722050438163
CC_02A32EC3526B,0.09998402344458615
CC_02A393632CD3,0.24461811578391215
CC_02A3E21B28BC,0.7951621709601425
CC_02A4B4644529,0.12407685753568129
CC_02B43865B30E,0.054928486503066476
CC_02B5A1A178A2,0.17023990702285735
CC_02BC4785773C,0.23351013573706847
CC_02BEDD9627DD,0.6429985204113552
CC_02CD2C1EFBB0,0.12181973647376854
CC_02D4430492D3,0.31852367949182875
CC_02F79A06858B,0.10071554104516232
CC_02FA254C9D43,0.06912858488269964
CC_03062402B4EE,0.0861879479439112
CC_03072CF2EC63,0.3306921930385758
CC_0315369B079D,0.12065578065155741
CC_03199242A810,0.1700389764888557
CC_03214BA76DB4,0.2288212332380081
CC_032735A44CC6,0.06853530210410992
CC_0330340F2FE5,0.17777325571297176
CC_033236FAAFDB,0.1183424518056556
CC_0337298F948C,0.05458633122001504
CC_0341CAE5E2E8,0.25603391204755055
CC_03434E2371CD,0.3649372184087135
CC_03547AAB948A,0.24145111895688626
CC_0354D0453D8E,0.15296864082080988
CC_03592E51F427,0.7309938391552012
CC_0365DEB525A3,0.09583704669865749
CC_036782052BC9,0.3165206050772346
CC_036977A50F1A,0.14778056011436427
CC_03720D08B8C2,0.26234776727630066
CC_038AE599BCA8,0.28392162072006283
CC_039E67CDFE1E,0.3852352776770859
CC_03AC962FC717,0.17797218134493903
CC_03B00DFA3A85,0.7879099830918679
CC_03BC6380E968,0.44245017013946436
CC_03BC730E0B02,0.021765687153500465
CC_03BD4F22DA3D,0.15554374346948904
CC_03C7E1EF6F69,0.7939086705024123
CC_03C9FA383477,0.07979531371403366
CC_03D1AAE90CA6,0.07172708176948174
CC_03DBB9598F39,0.11917040978855316
CC_03F18B43797C,0.08457841980610316
CC_03F80118E46D,0.04944148649798361
CC_0405E0151A6D,0.13876869611764545
CC_041FEE6C805E,0.4026409752060412
CC_042F88EE269B,0.1795801917400038
CC_043D98ED7F98,0.21671048280027697
CC_044C3537B769,0.18827277270889164
CC_045932C46685,0.12377520556729182
CC_04629624AA8D,0.1884442582234043
CC_04690B4A6AF1,0.21602440042137944
CC_046CF40369FB,0.12005364778744998
CC_046D6EC816AB,0.3987928259739663
CC_0475CD95EDC9,0.11017298377418172
CC_04796F06B82B,0.10480674043393162
CC_04AC7C1CE736,0.3404350531860785
CC_04AEDD051B96,0.2805207902168789
CC_04B42AD0E01A,0.3077585969979251
CC_04BBD1DB360C,0.30240345482645137
CC_04C767FFDA0F,0.40670830350514103
CC_04C7B819B9B9,0.10226849213010238
CC_04D127A775DE,0.10554287279585024
CC_04D9ED00053F,0.07216765338634563
CC_04E0EFC4F548,0.23744537476477837
CC_04E6848903E8,0.0453203766417359
CC_04F69D03ECE1,0.2671608142484877
CC_04FA1CFA1DEB,0.22591692660726329
CC_04FA6842AC62,0.05616364058537093
CC_0502F3791166,0.2404535675815382
CC_050B514E15FD,0.16888346781070107
CC_051ADBD6D835,0.10021386608378918
CC_051B4644216C,0.0929507707475532
CC_051C0A644DD3,0.019837450433993313
CC_051CBF566856,0.04280555002869229
CC_051EEA9AE819,0.13709578792018962
CC_0520E27BE904,0.15807419711930473
CC_05224448D290,0.11437415342722844
CC_0525DE4744C0,0.03706816620434332
CC_052F5CD81EFE,0.1653421003963925
CC_05368FAD2E6D,0.09020107387024269
CC_053788B82006,0.09091187057359079
CC_05471A48C6F5,0.131963632601359
CC_056DBA1A87BA,0.09249653787319986
CC_05901F3E7A0D,0.11105991894210414
CC_05906BC8ED3F,0.1783399216102267
CC_059D55E32C78,0.09058033656856788
CC_05A12EF84A86,0.4101898804271912
CC_05A42D035609,0.16702870491191488
CC_05AD75A5CE38,0.07411429617281558
CC_05BBD4B92613,0.6210024970924513
CC_05C8EF6500D7,0.7925548039249716
CC_05DDB7B07497,0.13199393587427352
CC_05ECAE6E0774,0.237407095508333
CC_05F11F14DF9E,0.2944725363290549
CC_05FA9192590F,0.1196873469772892
CC_05FD764FB154,0.8077309695924488
CC_0608DBB4DF03,0.19696389158414074
CC_06198383F6D4,0.07321734675521174
CC_06199EBE2B05,0.21410093937135669
CC_062A8881A331,0.07601937361093901
CC_062F74350907,0.044519525269457835
CC_0635AD30F004,0.8059749294912076
CC_0639F539946C,0.2854512595821266
CC_063DDB42CF5C,0.09135211471714734
CC_06405C00E240,0.2694607378789384
CC_064920FC9DAC,0.06834845419338267
CC_0650AB329174,0.6738100380280121
CC_066941B109B9,0.139424832808356
CC_066AA16F5874,0.32533547699758564
CC_06732311FB8B,0.16775962500205982
CC_06780061F889,0.10238729966478478
CC_068A81B06B74,0.36742850509689395
CC_06A1C5FE269B,0.289092055958861
CC_06AA7138DAF8,0.057925596748546325
CC_06C0DD0D066E,0.7505256393422922
CC_06C97CFBD476,0.13494009375814242
CC_06D15F523C05,0.21940366524355387
CC_06D35787AD65,0.05636253190906292
CC_06DA375201A2,0.1273876278661739
CC_06DB455FF19B,0.629762136085204
CC_06F3674E7313,0.44361976508102957
CC_070232DF9996,0.1286133603211574
CC_07141FA77DBF,0.09853998490897378
CC_0715F11CC8CA,0.20667566738889454
CC_07168A9C843C,0.21484811442375407
CC_072AB9F855DD,0.03347049533073326
CC_07337AF6AC2A,0.10617771299269027
CC_07434E4E5C28,0.08641806612731409
CC_074381358A2C,0.0545941482574963
CC_074E7CA75E8A,0.2169741389189521
CC_075D0C618BAB,0.2692410516422381
CC_075D804F7851,0.0984343919227463
CC_0765961D818F,0.3547116738751246
CC_07698F10563E,0.07468238832621872
CC_0773B9BA9E18,0.2735906935546102
CC_0784ABDA7F8C,0.14350627133019736
CC_0790C9F9EC9C,0.07473437208620279
CC_07A996E6CA6C,0.19102912067950506
CC_07B588ED677A,0.14356654589686824
CC_07B730FD7F82,0.10832006372085913
CC_07BE6961D039,0.10174446824178575
CC_07D23A6BAF5C,0.16810546369876592
CC_07E08196A3DB,0.05899177369714385
CC_07E4850039B3,0.09885824670691146
CC_07FAAF8B2D23,0.06186211715733791
CC_07FB3FD9BE0B,0.16962948194884492
CC_080CB94A724F,0.3613478916196505
CC_0837C56711FE,0.12730915122431397
CC_084100A049EE,0.06746208008634309
CC_084113D0951B,0.2741067391075559
CC_0843DDCDD601,0.7091558303994074
CC_0846C14EAAFE,0.04080519408437724
CC_085091ADED2C,0.1651414987241657
CC_087943B4A5D2,0.1040490001794619
CC_08A97B98C405,0.13923813917013528
CC_08AA321BC4AD,0.10954146637660346
CC_08AA44ECBDD5,0.10838736450445215
CC_08AE2EE9D798,0.1798247464470563
CC_08B149462891,0.12893692309304705
CC_08C71A8D2D58,0.05113889730259326
CC_08D645F7B257,0.05267789588006578
CC_08D80BF0B273,0.05725509896639482
CC_08F52B1BE431,0.16114218642482112
CC_0903571AC7E7,0.12240707655612638
CC_090D528C09D0,0.4772369060377765
CC_09106BA6CFC9,0.10609285884124116
CC_0915905A5D48,0.08700581490230963
CC_0918F67CDF01,0.1615953079083926
CC_0925D0B6276C,0.1402635855963879
CC_092A2830E36A,0.7760177943288412
CC_0951489C8F79,0.050319170964418604
CC_0951FA4D5513,0.1062320753616745
CC_095C712064EA,0.08819533186394667
CC_0969AA7BEC71,0.10006455039678831
CC_0974840BED49,0.7167562442777284
CC_097BD371F652,0.1050226150717849
CC_097C8139DBD1,0.057259146784764806
CC_0981CA4DBCE0,0.04082149354571626
CC_09A5D2F129A4,0.2190121276400271
CC_09A9BE38080D,0.10100205100937673
CC_09CDC42E000B,0.22344635463838688
CC_09D8DBAB2A42,0.1045001006888082
CC_09EBB1960580,0.06141006923172623
CC_09EBF206FEE6,0.19345527455070824
CC_09F2AE996181,0.07741005433306443
CC_09F45833F53F,0.14141585374493562
CC_09F4F5C5B4EA,0.7793432776274364
CC_0A04BF4005F8,0.16784163014582604
CC_0A0E563D1060,0.08479082174046262
CC_0A0F781A999D,0.17315744753821255
CC_0A1138C37BC0,0.13822798067739533
CC_0A334A16524B,0.07615715636186304
CC_0A359CD5D73A,0.07021785397865812
CC_0A3E2C273DB5,0.11660327211258886
CC_0A4705B1E08B,0.0620891934643692
CC_0A67EB7C5282,0.17059020349172438
CC_0A6CD64871E5,0.4056106183791466
CC_0A75643FDC7B,0.06534657554258279
CC_0A8066F501AC,0.05615126007690704
CC_0A83017D027D,0.19668781564723467
CC_0A9AB7441D5B,0.34533416728362104
CC_0AAA72FA148E,0.28856679018664094
CC_0AAC488C8AE4,0.49722314211968804
CC_0AC2DB82398C,0.32466159455856913
CC_0ACA2C49A497,0.10982612578204137
CC_0AD4BBEA75ED,0.06118231864315692
CC_0ADCD6553B8C,0.07349624968905431
CC_0ADE56B56C41,0.05396613796274781
CC_0AF4B5B4162F,0.8066352204123534
CC_0AF9BD814AC7,0.14769882360682035
CC_0B083BE0FEA3,0.1321251226595694
CC_0B1384331163,0.07867132102669212
CC_0B216C6AF0F2,0.0313911639782838
CC_0B3465DB0684,0.602095409709912
CC_0B442B91679E,0.16234499565331514
CC_0B455175F494,0.11322544378512008
CC_0B4C01B4002C,0.19767998007474105
CC_0B544A526D6C,0.0733027524756379
CC_0B5B19AFCD18,0.051325622020161624
CC_0B5BD2D224BF,0.07851580353044467
CC_0B6407C2C9BD,0.19636341552605144
CC_0B73F59991EE,0.06303415870412146
CC_0B7579216681,0.1011352488713311
CC_0B7F3B4B32C1,0.27249902114715735
CC_0B830A67900A,0.10314327521880676
CC_0B84250F96B8,0.2168241048992073
CC_0B92212B8E27,0.4369188402208076
CC_0BB43BC4B3BC,0.10714225369436356
CC_0BB992973640,0.054094755433920685
CC_0BBC41297846,0.11464891393545275
CC_0BDDB468A1E0,0.2832749880132753
CC_0C00A631C2B4,0.12564484330164408
CC_0C011AF6C857,0.33267215819395834
CC_0C0459AB67DE,0.12884736506935213
CC_0C18B07E451D,0.10389578831004795
CC_0C19EB845CA2,0.19329108180818236
CC_0C1A736F37CC,0.09779527350886168
CC_0C335C9D86F7,0.8154995405219151
CC_0C4C24D066E9,0.14825992651258146
CC_0C5499989AF4,0.15769858280438978
CC_0C95548CC1BD,0.12986111814752002
CC_0CA2DE660B41,0.17835730032395913
CC_0CA6D8CFCF2B,0.24398351156586381
CC_0CA9DF9C5C15,0.08735314637408173
CC_0CA9F52C92A8,0.20481916456875693
CC_0CAFB6C41CE7,0.12110167907079873
CC_0CB27D5313F1,0.6007513830283621
CC_0CC9DDDB8B44,0.056020156713443424
CC_0CCA18595BA5,0.2424590575698363
CC_0CD90568D3E6,0.22413736004651164
CC_0CE0D56B0584,0.11217009796643317
CC_0CEA028BF961,0.219901504353366
CC_0CF67D68AF16,0.34142344567874905
CC_0CFAA0FB0691,0.07926541589014341
CC_0CFFD2785D2D,0.120521191122264
CC_0D28AF91CE97,0.16584537892792475
CC_0D34E55A580B,0.10231719250649526
CC_0D3663B6524E,0.7063598554207728
CC_0D3C2864ACD2,0.3366666025760207
CC_0D5F4BE8132C,0.20275634101918064
CC_0D6D5ACB0889,0.27207415704416144
CC_0D7BFE8CC0D5,0.16207927489421511
CC_0D8852AAB481,0.20122026100109844
CC_0D97EF394C79,0.4181352686513339
CC_0DA8FDDE6DD0,0.06700178259950537
CC_0DABB89E37CE,0.08081825300167068
CC_0DAF0F2FAA86,0.07874477263537809
CC_0DB9E5F8EDAD,0.12837289138718838
CC_0DBC64F88C05,0.16056702842026593
CC_0DBDF018E822,0.09069960528461599
CC_0DC31A5A1096,0.0533511848059465
CC_0DC3870F23D0,0.050256765234150166
CC_0DD39F5D7C0D,0.07624367191262879
CC_0DDC2C18BBDE,0.07928267784032945
CC_0DE09CAA93E5,0.12712013493869517
CC_0DEA4477FDC1,0.12912856893243177
CC_0DED63EF6639,0.21321379090568293
CC_0DED7DBF26F6,0.2355711768619711
CC_0DF01CD21B9D,0.16625921258800114
CC_0DF6A478C01B,0.23688369093183245
CC_0DFE1A3FA5AE,0.18254995938442173
CC_0E07D5FB24B2,0.10842655602056336
CC_0E0CD9F23A5F,0.8085230467977668
CC_0E121FCB1D47,0.09707750850771722
CC_0E1423A4C263,0.29384045045799306
CC_0E16883EE8E6,0.35804770766171884
CC_0E1A2BA1C545,0.2654638741893884
CC_0E2B52BBA69B,0.0886892437435134
CC_0E40BAFC3530,0.16662715848822066
CC_0E48EE235179,0.06552664861248582
CC_0E4FA0FB9797,0.6395537776367993
CC_0E5162F59924,0.7680796494321728
CC_0E5E2FCAC8C2,0.27413330320970625
CC_0E68C2BE2A75,0.1483484809554617
CC_0E6C5A8D8CE4,0.08397502064243072
CC_0E6E9B0E674E,0.09816537272538904
CC_0E746EAD6CE9,0.09319567481962977
CC_0E968E7C22C1,0.26863926789171094
CC_0EA1483F50A9,0.15131667968147056
CC_0EA81362C7D1,0.18803092344894265
CC_0EAE97520873,0.3994436593114679
CC_0EBCF4228FF2,0.47758012752350537
CC_0EBDEFD0BDC2,0.10069443977613116
CC_0EC6AEDA63EC,0.331289867891959
CC_0ED61DD76795,0.10074340588895266
CC_0EE33B1B71D5,0.11124153560662685
CC_0EE7EFF13EBA,0.056442315327688106
CC_0F0F136B0991,0.1745407854895757
CC_0F0FAF218BCB,0.08611395330222493
CC_0F125B48F175,0.0822470898937918
CC_0F292A238627,0.13956323268811482
CC_0F2949A1746E,0.0934628882980071
CC_0F2B71163121,0.07235624848998352
CC_0F393F1DE2EB,0.07307610268501984
CC_0F41B187053C,0.39628140323993183
CC_0F52EDC9D383,0.11103713220006567
CC_0F62C4F36236,0.13203558568773843
CC_0F6A29CE5D45,0.17186459643989185
CC_0F7C0515A6CF,0.15439051714258728
CC_0F8D6C89202F,0.151400072945674
CC_0F933684CC08,0.1556899029773159
CC_0F9BA54F2AF6,0.04252832391814029
CC_0FA06CE7FAE8,0.05530358399783843
CC_0FD25AA655DA,0.17819160984180712
CC_0FF5570E06EC,0.6829474096410988
CC_10197FE0E34B,0.7034384510994149
CC_10355B5718CD,0.11479844932632888
CC_103A9D18EC12,0.1358274177390274
CC_1040DB6A21EA,0.12352113886104515
CC_104D2B84FC4F,0.06784262973589084
CC_104EA2802A11,0.1221121713412147
CC_105777B1BF91,0.05250634138579379
CC_1059F1B6C0C3,0.0846377477517821
CC_1061947FDD14,0.07083802550001596
CC_10689257E68C,0.3799862387732516
CC_106BFCFA7D7B,0.03701127773993085
CC_108FA04AC10D,0.06567998586809588
CC_1092915D0093,0.15550919753621625
CC_10A30F88E157,0.1138814310847256
CC_10A657027AC9,0.7853340867267864
CC_10A6EAF27BF3,0.06672467665994579
CC_10B148BED568,0.3859654095446695
CC_10BB7101F191,0.028506900661294122
CC_10BC5BC3A9AD,0.3857256648339893
CC_10F27C70AB99,0.12581424563757562
CC_10FADDF63CDC,0.16419386335995087
CC_1107D9301AA0,0.1318120246644117
CC_111A6DE5D9C7,0.6941858752839815
CC_111DC3B1756E,0.2867651678369993
CC_1131156CC6F6,0.12994966513421785
CC_113B66D5D5D9,0.13516420092835701
CC_1143254EFF36,0.07838021336929413
CC_1145E5277FA7,0.3317302764729672
CC_11521077BBB0,0.1037435514610594
CC_1154861ABCCB,0.5919189869266687
CC_115BCAEAE2A0,0.12026905951260333
CC_115BF13E8BFC,0.18211203519318256
CC_115EBE5044BD,0.32009079982035077
CC_1165AA07FC47,0.6630024079277433
CC_116EE8219753,0.05351815141642279
CC_1176FA3233B3,0.07321528603788864
CC_117C2A1587ED,0.07389702387734443
CC_118C0A1D14B2,0.2659099284887452
CC_118ECB589F3C,0.09461017583228229
CC_1190F13FB1FC,0.11522394696510467
CC_1192EEC65A1E,0.1995314637841675
CC_119B1FEC4D83,0.21339226982659595
CC_119C413C2580,0.1321783292049026
CC_11AB74142A2E,0.7935757441519514
CC_11C8A291FD11,0.14746274414639607
CC_11D1E9C39E41,0.08033358658721715
CC_11D600EE1BD6,0.14347429212326263
CC_11D7539AC69D,0.2685846194830789
CC_11D78BB50016,0.14021406303232253
CC_11E0C583685C,0.06552887487804886
CC_11E0D2F15AA1,0.03811404481871228
CC_11EDFE67C719,0.6958577125182953
CC_11EE85F284B8,0.22714736999915627
CC_11F700202C6D,0.14392444993488493
CC_11FB668DF543,0.10704885193837677
CC_1209FA26609D,0.04120320191022937
CC_120CA1B916D0,0.12048776596591068
CC_1210186F4D33,0.04843022305609927
CC_121F621374FC,0.2241028637283927
CC_122532C1FBCB,0.13680555484151033
CC_122B19CBC88C,0.7021962840771928
CC_123C7F0111C7,0.6318120892412438
CC_1241EE42F174,0.12039179650143093
CC_125B7100F1DD,0.09916725769513239
CC_1263B255B3B5,0.1891808931270726
CC_12878596E940,0.10593542018903201
CC_1298ED71A9E0,0.06838285933770603
CC_12B555C6F086,0.15714557105375454
CC_12D22C629874,0.15402349939557597
CC_12DD89EA0C14,0.12748890954306433
CC_12E24CDE2684,0.1468581097400866
CC_12F3B7309455,0.6356418792686074
CC_12F8E7A4BBE5,0.3108255341610299
CC_12FDEAE4873F,0.20552337440329743
CC_130F7B067939,0.3048929436580595
CC_13209EDC85EE,0.6675226257663199
CC_1332B6F0E543,0.17896463900783113
CC_1334E256AEBC,0.654930119563538
CC_1337726B2AE6,0.09817006508201231
CC_1338237BF402,0.1644870540519428
CC_1341DF38D9C1,0.17743230980521363
CC_1342F868176B,0.6454590999369035
CC_134651CCD2F8,0.13025988290577328
CC_1363E3090578,0.07130899600364404
CC_13736493B695,0.0707749102350139
CC_1392DE633D4C,0.24273917670355907
CC_139ED2E0AD76,0.06879541123648161
CC_13A5383EA098,0.6475192075790001
CC_13AA272C6861,0.06412546862808298
CC_13B74E4EE3EF,0.2706934717288148
CC_13C437E86B81,0.4342951465303382
CC_13D61B077E7C,0.08041648603956517
CC_13D7115A8FCC,0.18150053672147115
CC_13DFE319B21E,0.8075087775913651
CC_13E0F0B3FAE6,0.1589414265760429
CC_13FD88C2920A,0.7939476086824243
CC_1401CB818627,0.2958201256212742
CC_140B86E74F74,0.8060404029174378
CC_1452A0B69085,0.0387469188981183
CC_1458CA7329A7,0.2520874119448177
CC_1459E7125AFB,0.13981017448821073
CC_14633EC7F622,0.406665407068007
CC_147B1B30DE7F,0.12362890946428781
CC_1484511F54C5,0.2857440469956924
CC_1489A941A69B,0.2803225226042492
CC_14A8B16706E9,0.10031690426893891
CC_14BE52BADB77,0.10463997318703706
CC_14D53413FBCE,0.3005645546862293
CC_14D59B58E51E,0.1450350142924244
CC_14D964327B1D,0.08720355292629675
CC_14F5D06CF093,0.10170430226802252
CC_1501D63D5A80,0.35587665261222323
CC_150E3A0E5084,0.17527951771848493
CC_15152312AC56,0.06072272315420266
CC_1522BA0411C3,0.06826158085209215
CC_1534B0241A1B,0.0681577532724142
CC_153BE2BEB74C,0.17079980181738247
CC_154BBCD4DCEA,0.2177189166869723
CC_1552EC27FC0C,0.6777588696406318
CC_1566BFF4BCDC,0.3117314173965827
CC_1579BD86A63D,0.3051347806727572
CC_1583CFD90530,0.21408200912859057
CC_1584385F38C8,0.08556092419307593
CC_159656F13BE8,0.09752330609807204
CC_159B6F6AAF1E,0.1147967993946253
CC_15A4934FD96E,0.15200289535840236
CC_15B2140CE869,0.09825101725290261
CC_15C0972DE384,0.6320520387834054
CC_15C0E30FF2DC,0.12586796153315274
CC_15D617FAB434,0.073791605298889
CC_15DA0F4FFF0E,0.2806108895063229
CC_15DAE76D15DF,0.0629083491853389
CC_15DC7C139EBC,0.32884089133212235
CC_15EB741857ED,0.09071328908044256
CC_15EC51F4C521,0.26469236484555175
CC_15F6259C7C53,0.06341219461877763
CC_15F7C012E10D,0.48381599506626466
CC_15F7C1BEC28F,0.16740233965721146
CC_15FF58854AEA,0.2524058417897571
CC_16035CDDC2F6,0.1629855269782048
CC_16095572722B,0.08520919124185952
CC_16109F1CE0A6,0.33599850180969265
CC_16150E74E4DA,0.16127425635105105
CC_1629E47AFBA5,0.07176628809388158
CC_162F4582D06D,0.6528252800268143
CC_163194DFEDDA,0.0543297476396896
CC_1640F01B7730,0.1054471620248147
CC_16460554039F,0.03703427591654335
CC_164D308CDE41,0.22491374598322988
CC_1661041F819B,0.7906950920598965
CC_166829780A76,0.11016531871611272
CC_16798666E855,0.12714572652911466
CC_1684B5493414,0.1958815405200591
CC_168A8907C8F4,0.06505329535186459
CC_1690EC56D088,0.07679968969609047
CC_169853EEAB4A,0.08824682953732213
CC_169B7FD839BA,0.13043748773153355
CC_16AED1A3008A,0.15527755060805407
CC_16BAC7837C73,0.13099528889380568
CC_16D57E1EEA01,0.12380690908019641
CC_16D833E56D7A,0.14028686009879376
CC_1702487A047B,0.18382333184170813
CC_17029F78E70E,0.07965388057349834
CC_1702F3E986AE,0.06467189607153132
CC_1707181BB559,0.06267411146354569
CC_17117BF03935,0.3073356396266369
CC_1723E40C3D40,0.1697211474993122
CC_174FBBE9ADD9,0.18692242058419264
CC_176E6E58FD1E,0.11040181631181688
CC_1783F37259BE,0.1091870377067611
CC_178B135605CA,0.11636091168492146
CC_179AA5165026,0.29417415448956774
CC_179DBA1C4CDB,0.3636542345514913
CC_17A1090B69C9,0.123230076634299
CC_17AA1A4C904D,0.24037429591131623
CC_17B06C06FDC1,0.24133590241038028
CC_17B89AC1FD03,0.160491744777634
CC_17DC33AA73F3,0.08096697210672892
CC_17DE4D267831,0.08408544807277513
CC_17E929BE0344,0.35135810598681455
CC_17EB83DECE5E,0.4918815472590635
CC_17EC9982E5A6,0.1818365555318648
CC_17ED5555B4FD,0.2442749132781294
CC_17F4292DAF8D,0.15546790819858294
CC_1807B0980C86,0.08850787082715386
CC_181354A58B53,0.10937246277966849
CC_181E7266E018,0.10109094622437306
CC_182AAE7CC3CA,0.6093464860476073
CC_183EDEDC5DA7,0.11150870470710332
CC_184C47552665,0.1847465119837526
CC_185A7392A475,0.24256257180218352
CC_185FEFD3233A,0.36273952747932414
CC_18676FE5FC07,0.08081747654881764
CC_18776C4FDE28,0.09207406113021654
CC_187A8AECEFBC,0.1872691200774187
CC_187E7D0B4E82,0.7498671213842978
CC_18839D393105,0.1769093388166182
CC_1888476F6CF3,0.10041826138659715
CC_188B1ED2AAA5,0.30236779921757256
CC_18A4257C3172,0.24495580460424257
CC_18A7929D9FC9,0.24653168218229918
CC_18A8695F185E,0.09765985083628617
CC_18ACE64E8F74,0.1431518932645174
CC_18BF4A29BB38,0.13282588207578133
CC_18DE36F7D294,0.1591284738111611
CC_190EB07AC1FC,0.10342702614956241
CC_19219F2C60B7,0.15162513238459283
CC_192262DB0B0F,0.09930527306613326
CC_1929746E06CD,0.6787758830469458
CC_193356E72D61,0.7089669429166481
CC_193938E8EA40,0.13668165120182446
CC_193C60092202,0.5974601920778378
CC_193F669537D1,0.25045847161527235
CC_194E13150BE5,0.044734451327161195
CC_19556DDCCDB3,0.038879949404484505
CC_195A6E9B48A2,0.15616179529505766
CC_196DEC616B33,0.12360712783622838
CC_1978B23D64A8,0.1286173763132836
CC_198562A4BD86,0.11056237514158455
CC_19864C9572BC,0.13267335098066282
CC_19868B6887C9,0.13340011491976442
CC_19969E05AB2B,0.13625594804998126
CC_199FC89885C7,0.1198076302312649
CC_19A40411B404,0.18894230058171108
CC_19A6D9B60B29,0.5620524982142485
CC_19AAB010550E,0.05054054287393382
CC_19B4743DFEEC,0.05598868678827905
CC_19B95A61D757,0.16964925100257325
CC_19E6A00F6A5B,0.10895165742724074
CC_19E8DEC29F47,0.6384241189728578
CC_19EA54976042,0.1992614131406412
CC_19FBBEA75B7F,0.13036864967490527
CC_1A039E58840A,0.05650376729444907
CC_1A075331756B,0.1386452088714851
CC_1A1E1302C432,0.24530964303028463
CC_1A37690EAEDB,0.12191970718887829
CC_1A3BF9F5BD42,0.14008077299047839
CC_1A4268FEB02E,0.21269169644723304
CC_1A5F8618A912,0.3584211261966157
CC_1A659D4D521E,0.40087287987947606
CC_1A879655902A,0.07835800697095666
CC_1A9F6DA46BC2,0.1315116244014618
CC_1AAB15E81743,0.031194780763333357
CC_1AAC389EF8A2,0.24622628553151707
CC_1AAD0CE365D9,0.1173274492494085
CC_1AAD9152C90B,0.052804320289737604
CC_1AB15BDA9296,0.0913787150112998
CC_1AB8BDA3041B,0.08457869765877304
CC_1ABB9CB074E2,0.7778713517776995
CC_1AC1B1A3978D,0.0783349238082097
CC_1AD20D1F9C08,0.6506056186086178
CC_1AD881A90D1A,0.2501064742632346
CC_1AE9811724DD,0.6366507907220198
CC_1AF1AAAB9D12,0.8007939180573239
CC_1AFCC4D0ABD4,0.13862478868351408
CC_1B08ADAFD1C4,0.18286017264209664
CC_1B10139C7917,0.11909083085224885
CC_1B127133B948,0.1179379242997583
CC_1B25964EA376,0.13647191220260957
CC_1B27A85C7244,0.16633859238284077
CC_1B29F4378A34,0.13555193678175495
CC_1B2EC0BD0677,0.3123862876077788
CC_1B4AAF37FB97,0.10285859936380104
CC_1B5E792F6E6C,0.2738120996222999
CC_1B7166DAA790,0.11675287341277733
CC_1B89FD901C95,0.08308708445837434
CC_1B91E3A70338,0.05970094909562586
CC_1B9D9B7184F7,0.15770768812518351
CC_1BA3FDD92B1B,0.056901777634635935
CC_1BA9B3D67170,0.12810913282949205
CC_1BAF97E2BCF2,0.12691723905779456
CC_1BB7D8A54021,0.11644803689387674
CC_1BD548A5FEF3,0.10933722280190258
CC_1BDF1893ECEB,0.19089538714674673
CC_1BF117A8AF9A,0.08220365508543313
CC_1BFA7E407428,0.7040112956980598
CC_1C0066F472E4,0.7517059685096402
CC_1C09CC2385AF,0.07558455828231943
CC_1C11467AB472,0.717574824860367
CC_1C1627B7EE6E,0.043803962021315763
CC_1C3259B85E28,0.19869909192327173
CC_1C334ED885FA,0.05231515264583639
CC_1C376760FE39,0.06538422279825949
CC_1C39A1ADF3F2,0.15825952689473563
CC_1C450FC77478,0.12177250527884087
CC_1C48409023DF,0.3885227540412864
CC_1C4D03324C60,0.3108038232847677
CC_1C5F1E1028DB,0.05613005994110136
CC_1C6681C0AA7A,0.7860417374663797
CC_1C84CFE19CDC,0.2670653072619575
CC_1C8B3F689C6D,0.22965100964395413
CC_1C95674B902D,0.037330753138840045
CC_1C9A4C11F28F,0.15316757542994253
CC_1CA3F50BABEA,0.08707364719292093
CC_1CBF42D35AED,0.6515417095801873
CC_1CC11BEADBD5,0.13376396761797177
CC_1CC3CE396A8A,0.21650939085627371
CC_1CD2B13C2E6B,0.08164883000235672
CC_1CE0B37CA670,0.1028866461246238
CC_1CF5A99FC068,0.11575600928142231
CC_1CF71AEB6671,0.08587898527386276
CC_1CFE066F5EE4,0.21098686265759756
CC_1D00B360809D,0.12253561018477195
CC_1D1173F82F2F,0.11444111510251939
CC_1D1E06E0B393,0.16321377983731547
CC_1D2789866B1B,0.04755372050402959
CC_1D2DD7DF781A,0.17577207106577147
CC_1D313498A2DF,0.12898559406602073
CC_1D68396533F9,0.32407134204072546
CC_1D7235BA1EAF,0.20083125301037003
CC_1D7ABAF9D080,0.05316740548778401
CC_1D7FA51D0D7D,0.4327441869409041
CC_1D8CFB3589AE,0.044346674985458134
CC_1D9421A6EB19,0.2746726325793519
CC_1DA0AC68719F,0.35445233856299446
CC_1DA366D588B6,0.08763645181608055
CC_1DACBFE0296C,0.10628057230653495
CC_1DBD6A716910,0.5762843663333536
CC_1DCB75B5CBDE,0.30680140055902116
CC_1DCDADBC0E90,0.34880459652935053
CC_1DD11FAF43E8,0.12225040086432748
CC_1DD8064E71C7,0.20675432054552162
CC_1DEC926EE25C,0.1004544957038506
CC_1DECBAE4FC5B,0.04059714090885753
CC_1DFF80E6D4DF,0.06991915471030587
CC_1E025C3597E7,0.23389105364709778
CC_1E082052CCBA,0.6973008815634603
CC_1E0E30441DD1,0.145280213486001
CC_1E20E200611C,0.17648025851590718
CC_1E354C75EB9B,0.03913778590422402
CC_1E3B2C15EBCD,0.2097049992619935
CC_1E4DF11FAF55,0.1357745043948019
CC_1E4FE60DFD8D,0.7770220774961404
CC_1E5A648D299F,0.19641235033163623
CC_1E6C0A8B3841,0.7024754363106804
CC_1E7FA6E807A3,0.22981454774753923
CC_1E93F760EC93,0.18799509452844565
CC_1E99F40FA03E,0.09824053689715662
CC_1EAD09DBC23F,0.20735266092227073
CC_1EB3D53252DB,0.22359992592664782
CC_1EC889E04D69,0.10649851586102992
CC_1ECCBF6853F6,0.5827655215402068
CC_1EEC4520436C,0.15588273043618953
CC_1F2827DC99C0,0.10471060900458001
CC_1F2C184C5227,0.08514100426713919
CC_1F3FA8091B02,0.16593319555190106
CC_1F4E07BFDC8C,0.04101917330076553
CC_1F4E0E9B54BF,0.09534822225388515
CC_1F55738A6A27,0.40352679167798855
CC_1F65276D0EF8,0.11061549828187113
CC_1F65C797BD40,0.05014624042566679
CC_1F668C0AE868,0.09756000755124317
CC_1F6B19A04BD8,0.07453545509163959
CC_1F945A60367E,0.4965785902948723
CC_1FAB6F11DFCA,0.674065559340982
CC_1FACCCE95224,0.25006777733173663
CC_1FD010E5EA82,0.09115045748882844
CC_1FD2B7BCCD20,0.7153513475834306
CC_1FDAEC3D5CBB,0.11425964346070488
CC_1FDC65FE3DBE,0.17402472357638168
CC_1FE696D8A81B,0.083812266027634
CC_20027685F59C,0.7720955563425032
CC_2009F3D77774,0.14764603895556175
CC_200C552C40F3,0.14785404345821868
CC_201459527065,0.10725147203764736
CC_20275029A688,0.09427382182494637
CC_2028DA597C34,0.24126277878428168
CC_204E557E5046,0.3544608108461073
CC_20542CFCFB39,0.03745738645802381
CC_2060F813C9B2,0.22505529328062893
CC_20813A9A7F71,0.1322704206264853
CC_208429A11E2F,0.16490746506331283
CC_208B0FE7CBAD,0.11364278370470614
CC_209A511030A7,0.04058627497095277
CC_209DD60421B5,0.10176214661445364
CC_20B26D646D62,0.1725214096064238
CC_20C47966B174,0.19117882109473472
CC_20CFE9681E4D,0.0867357954375196
CC_20D4DB0F3E3D,0.06332132649691932
CC_20DD84CE3CA0,0.09759413540493868
CC_20E57CA675DA,0.6112955577890251
CC_20F129FFBE00,0.2066286579725678
CC_20F4E0F62D2C,0.08790500226475262
CC_20FEE0B2130D,0.6237497070125858
CC_2111B298C212,0.09023757066819112
CC_211315AD7633,0.2235522043087313
CC_211504721E27,0.11076056753078178
CC_2119919BCB4F,0.6671909888232294
CC_21375C9ED931,0.19017735052236948
CC_213D2A5355FB,0.24585409038130035
CC_214B50E48E94,0.15623316375381746
CC_215F86D986BA,0.11812119802154766
CC_21600308F496,0.05492034908818538
CC_2166F3F6344B,0.11742244940620004
CC_2168BBB42053,0.12109283560303204
CC_217030CE0127,0.05630209915067107
CC_2179067B405D,0.05267957017663858
CC_219B59B67193,0.15924190888596979
CC_21A9E8DB58FE,0.1945438412233825
CC_21AE679C5E95,0.24747504217391791
CC_21B98D13174C,0.10065832566818823
CC_21C81BC15002,0.1319497948473835
CC_21C9B26CFEA3,0.09334948830481599
CC_21D22081A4CA,0.735705453345386
CC_21D29CD736D3,0.2899768704981511
CC_21D3CEAF838E,0.16945575477532135
CC_21EF792A3811,0.5595448698313523
CC_21F04E996723,0.4834487220300761
CC_21FB6C8AB8BF,0.38315689508808204
CC_22067686F6C4,0.6668271748445572
CC_2207A39B7BB8,0.12969950599416796
CC_221053121AAB,0.16507376411191788
CC_222423774191,0.06874714177503861
CC_2230EFBC99AE,0.3490084736576842
CC_223BDED2A465,0.2520855268941601
CC_223E3CA7A07F,0.14906626742913093
CC_2250B42E48B2,0.1095770015106269
CC_225935E43583,0.10784941698000254
CC_22781E93CF84,0.18748222756846852
CC_22784AF3CB6B,0.41442476644936255
CC_22831690395E,0.22695109554947762
CC_228E6CBCC935,0.6202696660822826
CC_229338EBBA6C,0.10104037986708421
CC_229A63057E54,0.41902681054221985
CC_22A2D8A4B437,0.05768540231249805
CC_22ADE1EE9BC7,0.1386202807400182
CC_22B69E7C415A,0.06193755238902277
CC_22C590B43FEF,0.33747555289374975
CC_22F06379D8FD,0.051403162389907935
CC_22F282264A1D,0.1230653278232415
CC_22FBF5F0E1C0,0.178725936370035
CC_2302088175A3,0.25450355381286704
CC_230672EAA654,0.03054199606107695
CC_230870B121F6,0.17290686554376974
CC_230A051B2B3E,0.06214844773569766
CC_2316F57AFB7A,0.08194505358214159
CC_231D091FCD1D,0.0898331238580362
CC_231FDED1781F,0.20158832873412472
CC_2320053D1183,0.04111391230393097
CC_2320AF507566,0.19912707020618
CC_23321FF41C3D,0.21825212730121304
CC_233470D6BE72,0.6200604222665558
CC_233C8EBC95FC,0.3322714311081891
CC_235F99F13500,0.10999237141636964
CC_235FC02CA52F,0.22696450026156442
CC_236C80CAF53D,0.2188782037838137
CC_236E7222D97C,0.0892615028477496
CC_237B86FDC93C,0.08930550497269474
CC_237E7EB2D7D8,0.08792155929172134
CC_23830081EE1A,0.6509935401230679
CC_23894AAA08DB,0.523310441526638
CC_238CBFD6E20C,0.34830033668210075
CC_2392A4A79C9E,0.03905162221405489
CC_23A474D43C73,0.1559090553721567
CC_23A9CC59BA0D,0.024752954332765878
CC_23B158D8306A,0.12335940895446165
CC_23D147F1870B,0.213247204517499
CC_23D2E73DCFCF,0.10278668785095718
CC_23D9103D1EAB,0.03317434866882866
CC_23E142182F2F,0.6978755034776795
CC_23E43713A108,0.0340250289046341
CC_23EF2911610E,0.428364830283067
CC_24056B76BD7D,0.07344659004972753
CC_2416ECE66177,0.11063622496336906
CC_241E65816FC2,0.040079506112652465
CC_241F7E97FBDD,0.06804810313516359
CC_24217201D7A1,0.3911145599341026
CC_242301FCCE50,0.07746644348658077
CC_242C69CF0B12,0.10622969990478792
CC_243B23702DC1,0.1535312997681736
CC_2456B9C796E4,0.10385857623026724
CC_2457D89CB88B,0.6650579914443944
CC_24667210E2AF,0.23876343462914165
CC_2468D206CAEA,0.07530186529735021
CC_2469630A4F86,0.27668142864160045
CC_2469D83D9594,0.02738052819970323
CC_248C65EF54A5,0.7039458867318816
CC_24BCCA7941E8,0.10713289054172051
CC_24BDC1CE2A3A,0.1918403803210706
CC_24BFCCDF957C,0.041998333312498956
CC_24CC8A1B1CB7,0.1815895724589186
CC_24D4B1852554,0.20865642896033934
CC_24E65FA5A32E,0.11430090960578253
CC_24EF3EDB6857,0.06552512573934512
CC_24F15A19D648,0.1701994425287383
CC_24F2410B5A19,0.14150544407652113
CC_24F27E7DE1C6,0.5891052919561819
CC_24FFFD0C983B,0.05214693742598096
CC_2504E9D5D5E4,0.1778695797775084
CC_250F6A0DB62D,0.08814744885833295
CC_2520E13DF0A2,0.778542133456406
CC_2539C315029D,0.2239068405867035
CC_25519ED78507,0.12156147115237628
CC_255D49296DB6,0.09551264529158535
CC_255DC60FF5BD,0.06679614640669003
CC_2563C9EF9D55,0.05965345354904221
CC_25756EB9651F,0.11011911061088663
CC_257CC46D379B,0.4088369111152114
CC_258D5F80A933,0.7039696723166973
CC_259D87270257,0.18065548727528072
CC_25A41AB21C94,0.20069542768582604
CC_25ABCDCC8B71,0.11384731801467461
CC_25AF0D0569B5,0.07129888846481977
CC_25B61D393144,0.1703248538160141
CC_25B95D7288CB,0.3984837763748706
CC_25CE2F2F13BE,0.16902420474955263
CC_25D1A5971976,0.3565110850462915
CC_25D411B46F00,0.6007568755480056
CC_25E7A2DC5E41,0.05780405901148858
CC_25F4C8E51AC2,0.435146327762538
CC_260323EFB122,0.6362510212871784
CC_260F10484312,0.07845261297263377
CC_2610D0F1D0A7,0.1262687577661412
CC_2615866F35A2,0.09161930882043705
CC_261DA4E8DBEB,0.11193587827995202
CC_2628F00B0745,0.3684837717386523
CC_26338E9AD15F,0.13528236981494118
CC_26346B99BDBE,0.6433850308676161
CC_26351DBC1AF6,0.11991811099137906
CC_2637397AA3F3,0.7023677207960092
CC_26675C32611C,0.7505716352518311
CC_266E49E49071,0.18121242179602007
CC_2696368A4DC6,0.030077819176809326
CC_2698641B68A5,0.09190232836460055
CC_269C5AE6A1A3,0.6688815711505767
CC_26A06AD1206C,0.7354712296427188
CC_26A358B0C10F,0.1866359167978653
CC_26B07CB02EA3,0.5792159300845039
CC_26B638BEA8CE,0.142247658251222
CC_26C33B649FC9,0.06964144129018307
CC_26D5B969A36F,0.3675171055697281
CC_26E3A1226C2D,0.14736122228658885
CC_26EEA3F0224A,0.32767402159978726
CC_26FA5E5A718C,0.14545686448856263
CC_26FE119D4919,0.09054390918590957
CC_270B462BAEF3,0.044547595272575305
CC_270D929FEA9F,0.07965338416732491
CC_2731AD82BA11,0.15634848727995637
CC_274144AE3E86,0.1702684480391409
CC_274AE6E82879,0.16135337058107965
CC_2757A490C5E1,0.08391949203590128
CC_2766F6011BD0,0.36801617761093675
CC_2768E644C697,0.06809540738118261
CC_2770DF70328D,0.07907814547709087
CC_277503968C44,0.49606550668586263
CC_277CE974AA8F,0.25537222961561845
CC_277D246E39B9,0.275182401076713
CC_27A1CC725B7A,0.08182667362701808
CC_27A798829CA8,0.6795406969779106
CC_27C938FC8DC6,0.4773555441470538
CC_27CA2D819E7A,0.050962845509078994
CC_27E3712F0E38,0.1264287590505544
CC_27F3B3F43FF9,0.05126819673918231
CC_27F9832EAB8A,0.43518542462507087
CC_2809CC131F3A,0.6507239926042307
CC_2812523510C0,0.18382729921382385
CC_28151C75756D,0.05622517652562905
CC_28203CC976F9,0.1432037519265874
CC_282AFAE06F96,0.08047893445905262
CC_282C2404F4C0,0.07939772635101065
CC_2834BA2F19FC,0.16647362196711696
CC_28432E22F47D,0.6255892420442856
CC_2844882CC439,0.07677768683675652
CC_284F79726032,0.4129552159329075
CC_28544783AB15,0.4504415005872386
CC_2856104729EA,0.6971699832814898
CC_28625CD86761,0.1369663993482197
CC_2866BDB46FB1,0.07154548566619877
CC_2872415C6B36,0.07913992554936863
CC_28752737647D,0.6541389172646777
CC_2875C281EE88,0.05522294592555856
CC_287E3E9EDAC9,0.08396986171398711
CC_288A2C49D62A,0.07069768584646564
CC_288FA8CD819C,0.14998565465648467
CC_2891894CCED4,0.09550771482040872
CC_2895608A9699,0.12152024316681376
CC_28A2EF7926AE,0.7076179012040801
CC_28A7DBD2B710,0.21987069299727335
CC_28AD81DF2C51,0.11599463212170655
CC_28AEC29CEC25,0.19946897183369378
CC_28C1C3DF7928,0.09981534201040711
CC_28CA76962EC8,0.17284926331796932
CC_28CD47803B6A,0.07390751132434445
CC_28DF569DBBE5,0.06839485294576121
CC_28DFE611C657,0.06978178146099968
CC_28E11E6A6C8D,0.18770093521981251
CC_28F58ADC7CBC,0.12659434209292364
CC_2916479EBC84,0.12744513148693234
CC_2917C6CB0B2C,0.14177820112287332
CC_291C7830D4B5,0.3343084175098501
CC_291FE1744E5F,0.1272201003501963
CC_293124F1ACD1,0.12919569241311626
CC_293C2D704AA9,0.3122420153243045
CC_29432A6B2555,0.15744944115777396
CC_2944B427406C,0.20213017426320667
CC_29468B7035D6,0.14233481428446831
CC_294A9A24E473,0.05556298607234465
CC_294B94EB0E07,0.13423492153841865
CC_2967C29E4C3A,0.16927957566959867
CC_29716D5835F4,0.15805352055661204
CC_297179FF2BCC,0.40490198580728765
CC_29803690C939,0.25052795069615114
CC_29821539DC4D,0.14317450166188073
CC_2983C1D2A273,0.18832456142416598
CC_298CAC5A1868,0.6274405229207266
CC_299EBE0FB429,0.15111564162290908
CC_29A1C0073882,0.49136437516896553
CC_29B6065F187B,0.37366826976986306
CC_29BC66C10F87,0.6182379915591777
CC_29BF3C3D9682,0.19554092361967093
CC_29C4425FB2DA,0.1363198994621927
CC_29C5D0D72D61,0.1274136610394202
CC_29D65E313500,0.0980405305923108
CC_29FD856F47A5,0.7310267342064222
CC_2A097F88615A,0.09400075062612878
CC_2A0CB4CE1A48,0.26751868834865467
CC_2A14C1652D6D,0.1867651538050949
CC_2A1F96F80938,0.10939686042528046
CC_2A23F71805A2,0.12457157546642567
CC_2A2BF2FD0498,0.15920148281051344
CC_2A358A1D3DDF,0.6432660784526456
CC_2A3E371F0DAD,0.2207069776789872
CC_2A423FC8A330,0.28291709858824293
CC_2A43368D54F9,0.41585156396606376
CC_2A47A21C0E07,0.6220286509664448
CC_2A4CB02E7A1E,0.1256791995161372
CC_2A510080BA29,0.15923230629637536
CC_2A5316E550F0,0.10421561987643872
CC_2A59695EF90A,0.6594852907301499
CC_2A606D00CC46,0.05205331558542066
CC_2A6C69145AE0,0.08983536850553503
CC_2A6CD71471A6,0.11351069046471578
CC_2A70D6EF64E1,0.08889183220825585
CC_2A844754AE67,0.5945962131196265
CC_2A85A7B242FD,0.14389146457493968
CC_2A9A51067D7F,0.12853761444907638
CC_2AAAD4020436,0.18596933050751532
CC_2AB62BCF3704,0.09274161695337159
CC_2AC1C8DE5649,0.12660588011639595
CC_2AD10D78793D,0.7274805674297601
CC_2AD26446A7AE,0.03663697587927666
CC_2AD2D35975D1,0.09160696249067328
CC_2ADA07B0211F,0.2717708111003366
CC_2AED2D284351,0.28346875791550946
CC_2B01FDE2552D,0.21735865698341475
CC_2B06DDFD7F8A,0.10160185188693571
CC_2B08FBC0A948,0.17842983385081682
CC_2B1914218468,0.6969353765345988
CC_2B1D93E12DC9,0.17316154761875704
CC_2B248C488918,0.10960924200503226
CC_2B256891C60A,0.5887351666066453
CC_2B2801591A25,0.3962440414829057
CC_2B2B7CF1E40F,0.10624514712115392
CC_2B2F4204834B,0.2098305192053056
CC_2B5443C7AB87,0.09455244679481264
CC_2B5D780AC244,0.6435314523470806
CC_2B64E67CFF13,0.07954569983603473
CC_2B6B872C8D21,0.05691536318010511
CC_2B85D931F011,0.0935718642045096
CC_2B959EF030DD,0.1390925848564574
CC_2B973D1AC16E,0.12085153112354662
CC_2B98983C2687,0.05512120479280325
CC_2BA581E7B8D2,0.11130728482493388
CC_2BB2C432C369,0.11684795994744714
CC_2BBE19587CD5,0.10126201315696812
CC_2BCB838A9581,0.17294922128361093
CC_2BD0E9336EB4,0.09296580352510735
CC_2BD1633FD528,0.10218689648172907
CC_2BD58FC8C2B9,0.03637762777861868
CC_2BD6083CAB0B,0.7946604811875222
CC_2BDD47B177E5,0.8254515140482804
CC_2BDE889EB05C,0.2909973024305326
CC_2BF8DB192A49,0.7041395454070284
CC_2BFDF46F3AC2,0.11695594777331465
CC_2C00CF2FAE22,0.17416497134178566
CC_2C06DDBA1073,0.33974101351424785
CC_2C16C7838FAB,0.773434255755629
CC_2C263A1A732C,0.14684643933431815
CC_2C34105831A6,0.16326641139166967
CC_2C43FFA06F31,0.10458876665162814
CC_2C4DEE4CA1CF,0.07750812266698551
CC_2C56DB55E40E,0.07422295981137293
CC_2C59F565C183,0.16014689823568656
CC_2C7F54E56925,0.16161310420765893
CC_2C8CFCC646BE,0.050407627067240925
CC_2C91AB1DB754,0.07547421457468269
CC_2C93356976AE,0.36971081878351636
CC_2C9DADC294C8,0.05822959035863205
CC_2CA94231028A,0.2276673698051409
CC_2CC8CB17283A,0.1886446174571544
CC_2CCD42AA2376,0.15395890223807115
CC_2CCFE560A79E,0.08732172573126538
CC_2CED227E5216,0.09648134624560832
CC_2CF326E90715,0.0578425613012297
CC_2CFEA03CC6A0,0.7154345085404911
CC_2D1D032137DA,0.14065506042729892
CC_2D258781011B,0.20231345348116964
CC_2D30260A1CEC,0.17825564587126838
CC_2D35C002A9F1,0.17499228334998726
CC_2D45DEA4EB25,0.17632786843341927
CC_2D5494C13FFA,0.08818616952854041
CC_2D5EA2953E81,0.1600737306251914
CC_2D6E7894EA16,0.6197186172126232
CC_2D7DA36360AD,0.19386419037723776
CC_2D7DFEACA38C,0.25294640384133926
CC_2D836654A121,0.15150896172680559
CC_2D9CDFC6C57E,0.6437479360343361
CC_2DAC67585B03,0.17938320409349048
CC_2DAE338809DE,0.255130372330156
CC_2DB062A18C75,0.5872323129210426
CC_2DB2C55CF89E,0.7893469174502908
CC_2DBCBF870292,0.050651990993710545
CC_2DCBC03B4FA3,0.6784151394712248
CC_2DD78131B5A1,0.12314019098326381
CC_2DD7BCA75AB9,0.11174647802435729
CC_2DEB49017220,0.11458437539466508
CC_2DF6C71ED372,0.20750400560630425
CC_2DFBFA1A4FE8,0.13871462654731162
CC_2E12A41F7733,0.10508134875723875
CC_2E1A348EB1E6,0.10256764696380767
CC_2E23CB0F6F7B,0.4044370500695823
CC_2E3634587158,0.06153451557039207
CC_2E3F4B14D8DF,0.33496567785462483
CC_2E3FDDBF4F48,0.1468150896599814
CC_2E61C46BC16A,0.18845350239640132
CC_2E62AEB14351,0.2504615265648765
CC_2E6F1C0ADEB8,0.17455550007379936
CC_2E7415FAB62E,0.09846073357196054
CC_2E77F7444FDF,0.0690601634085322
CC_2E78431BE3DB,0.13548739145247227
CC_2E7D44FB8075,0.1242985098116991
CC_2E7D8539BDA6,0.34109561220894724
CC_2E7F248874AA,0.6881374887404497
CC_2E85BB8F3BB5,0.08232267001664924
CC_2E8897E4D9BB,0.34315758534357155
CC_2E8CCDE89E2D,0.2237344458441322
CC_2E927D910813,0.10571564600505612
CC_2E9891F5A2D5,0.11727190899480175
CC_2EA56A7EAC04,0.27598994725223264
CC_2EB45D13B248,0.15895215198428259
CC_2EC924B0EAAE,0.12157031040629732
CC_2ECC248C96B7,0.056278831364698675
CC_2ECF0C98B06D,0.42462811800107
CC_2ED3F6481454,0.11629252658971162
CC_2EDDF0B40ED8,0.1629550826410586
CC_2EE2A139642B,0.10243775034935819
CC_2EEE072DA301,0.19749297809861777
CC_2EFEBB85DAEB,0.11841864945806245
CC_2F133BEFAA69,0.12395742824107016
CC_2F1AAE3B81F2,0.09027770490351524
CC_2F1BC47CC90E,0.05340632330325038
CC_2F2128FBBDDC,0.1502684416396985
CC_2F3D3342834E,0.044388697690442416
CC_2F42D39F710B,0.6002610766318617
CC_2F4AFE398419,0.7770393823198125
CC_2F4C24B38EE6,0.1275118675742514
CC_2F508C0838A6,0.144874059057539
CC_2F50EC193942,0.2465372544117254
CC_2F5BD03D4900,0.06051987862672999
CC_2F73AF6728BC,0.07100605290210364
CC_2F7EBEAB9CF2,0.1705625625904628
CC_2F9AD2BC25F5,0.08294112002882195
CC_2FA3172ED3FE,0.772084152719567
CC_2FBEF8808F48,0.15778611619636435
CC_2FC014F0EA3C,0.07234252867448418
CC_2FC3AD2EC986,0.2339326355038421
CC_2FCC82AC097C,0.25355523169940825
CC_2FE2ED7D464E,0.23760096725511085
CC_2FFCC9802D2A,0.16814310524508674
CC_2FFE32627DF8,0.201039663423014
CC_300BEA90EF3F,0.15590060813176976
CC_3017B64D0364,0.20760238904126996
CC_3017E5E87C94,0.14887708536712052
CC_3028375CC87E,0.7862590503665244
CC_302A48CFCEDA,0.0988084541052023
CC_3031F96196BD,0.4814890807271395
CC_30328ADA0AE8,0.11208714762778148
CC_30451015D913,0.04477465372377023
CC_305D33AC15A9,0.7495654436563793
CC_306015CFB66A,0.16686772039573783
CC_306413849CEA,0.4140573543779062
CC_306EF0BC7CB3,0.040152207884007744
CC_3075C5B861A8,0.148873057320479
CC_3083D9B76858,0.08975054583223513
CC_3096994A495B,0.22951538194989576
CC_30B106BC1657,0.20435588402212057
CC_30B967417C42,0.15001290967445433
CC_30CABAFF5453,0.14480488556127513
CC_30D68208FB23,0.3188820837178543
CC_30E2A90BACAD,0.1567949526110719
CC_30FFD856443D,0.5955507294218381
CC_311EF26786A8,0.06745568533248116
CC_3129843EADE6,0.7550596413566237
CC_312C34EF683B,0.05251481234854652
CC_31302B64C078,0.13969762238118247
CC_31344A25B569,0.04437277535118709
CC_31397A399AD5,0.1329243128038009
CC_3145B5EAD7AE,0.26521729728149934
CC_3146EE0BF81A,0.12885774430812844
CC_314D02632843,0.29410838066360523
CC_315133406E42,0.2873899122031148
CC_3180D1C6FB7E,0.20290592787088693
CC_31827EE8A968,0.2630001062104212
CC_319BE06CC27F,0.04278243562950736
CC_31A0A97AFFCC,0.4458834971155695
CC_31B22116E36C,0.17379052487880214
CC_31C78D9B6494,0.367878800682265
CC_31D3FA367B41,0.1046240107268524
CC_31DAAB3E6DA7,0.16444816870211482
CC_31E36F666FB7,0.09028127241055359
CC_31E72EA14FE4,0.10100815803437156
CC_31FC6DC9482C,0.20760669201345516
CC_32076DA6AE23,0.105389604775544
CC_3209FA12D938,0.2798831581219552
CC_320E17F947CD,0.45451157821622995
CC_3223C706DD92,0.23924703829291408
CC_322EFB2E377D,0.10852231965112881
CC_3248EB928073,0.14928479668844263
CC_325D5DC52B1F,0.10434794029258748
CC_32662A6DB78D,0.14922491010209932
CC_328DD3BA068A,0.2353602216625977
CC_328DF7798F91,0.1765010951272686
CC_3295CFEB188B,0.0830745855589604
CC_329DC79286ED,0.6536334505348449
CC_32CB77D55C73,0.13923710152394403
CC_32D129B9E651,0.13388396488020832
CC_32DB12551D37,0.6368753760791431
CC_32F00D77D5CD,0.13191231454174293
CC_32FF5F6892D9,0.231458122112106
CC_3301EF60877F,0.10409711116579068
CC_330F334BD816,0.10887709809359875
CC_331285B3494C,0.23571858775641055
CC_331364283D5C,0.12519776246981054
CC_331718E0F54F,0.11549463720594823
CC_33194D48FF66,0.09660556853295484
CC_331E8B8BCAB8,0.12724561625961653
CC_33254134ABA9,0.7710306272079056
CC_332E42439579,0.11950979754219825
CC_333102AB964C,0.14590694234301999
CC_3338AC0E8112,0.2715289446546028
CC_33656EEDE6F2,0.5220666938786681
CC_336777D934E0,0.4538648577892102
CC_336DBFE464D1,0.43665600535393245
CC_3382BB2F3152,0.1148060662491917
CC_3387207793E4,0.0413741138034563
CC_33992C973839,0.1541095309150222
CC_339C36703675,0.1227107802066491
CC_339CA5814519,0.13124507996786536
CC_33B157F2A921,0.09212067461448877
CC_33BBD10F239D,0.06484930588071511
CC_33D3B12EE56E,0.10094252556208723
CC_33DB68EA27CB,0.10795447352546614
CC_33F0B95E70CE,0.21954744080097222
CC_33F40275D630,0.06134989021475054
CC_33FD5DE22692,0.0986286891204487
CC_340961106343,0.16138948498753491
CC_340BB1F4CEF0,0.14016391035133063
CC_3410B11F1FA3,0.18956423579334952
CC_3424972707B6,0.6399828845171959
CC_34452758A645,0.029149692236675958
CC_344D239879D6,0.13223102709942341
CC_34503B6891CE,0.2940601687554221
CC_3451722A3813,0.11759312163036283
CC_34517B513D8E,0.6084484217154829
CC_346ECB4CF2F8,0.12834558510866909
CC_3478E8B6B56A,0.09010556681756195
CC_347AFDE16722,0.08983666049041095
CC_347B1A01467F,0.07123507092704344
CC_348AA62FF484,0.2696483069217076
CC_348D3F098A4D,0.0815847082990555
CC_349290E4D0C9,0.1515181484998338
CC_349347D553D1,0.30401331453756775
CC_3495CE27BB05,0.2011654069705039
CC_34B10A654721,0.13400448577271876
CC_34BD2C5130C8,0.1196004951403009
CC_34C433439160,0.06004341428477718
CC_34CA271F73E3,0.3364606886315381
CC_34CEBEA3B15A,0.0850902740805023
CC_34E58CF793A0,0.12125167367666072
CC_34E6909B6027,0.6201719834245698
CC_34F4292A8B5C,0.27506769534245434
CC_34F6DD223594,0.05027408238175747
CC_3508A7A5E9EB,0.10430943843732356
CC_35094977DD75,0.15325772148875227
CC_350DE157CE6D,0.20165149281840358
CC_351BD5C2EE8B,0.040325583922542804
CC_35486249EDEF,0.19971475317526066
CC_354C9ABE6DDE,0.07787842538132281
CC_35578162927A,0.10593326514907173
CC_357C3E7518D3,0.8015563198401006
CC_3584C15BF11F,0.07539178430467329
CC_3588C5166872,0.09795040143689175
CC_35A68306B19E,0.20349543337329656
CC_35BFB3093D02,0.07454430305239508
CC_35C085ED37BD,0.46963856082710836
CC_35C695C13279,0.10743006350411721
CC_35D1668A4C13,0.2131365972726972
CC_35D27495E0CB,0.774831421947931
CC_35D562E1DBE1,0.680027644809188
CC_35DCDC74A757,0.48585785719366154
CC_35EC2AB1D1EE,0.1208954054092107
CC_35EEB90317B9,0.5852862753735507
CC_361A9EAF7706,0.2681965757981327
CC_361B968FEB98,0.2351483994203553
CC_361C9FA031A7,0.8107284199536483
CC_3620C5D1B3E2,0.0630508173001414
CC_3622D7221940,0.03558881473749034
CC_363175E92F74,0.2943958929044621
CC_3638C9146BFC,0.13020408650945034
CC_3643A4C7EC5C,0.057500894392350274
CC_36690A9AE112,0.7156679842265782
CC_36719170F638,0.102506067766422
CC_3673466BA7A7,0.08100749158322214
CC_36847054DF52,0.34567737181590513
CC_3691CE792752,0.6931463138033226
CC_36A27FE53743,0.6406038206800455
CC_36A3FB06D1D8,0.7994379078331053
CC_36B0F2AD5413,0.07041665572205305
CC_36B1B7BF5F75,0.13887604035836526
CC_36B68E66951E,0.4058202379203653
CC_36D3F09AD810,0.4998213503593097
CC_36DBD8424220,0.5438750332556594
CC_36E5645D8018,0.05019999198946514
CC_36E6592E4E23,0.17516632137787316
CC_36F143AEC864,0.1023578121749286
CC_36F2A735DF73,0.16536871737784248
CC_36F81C003E8F,0.029162554843111695
CC_36FCD55EE425,0.6058482078391003
CC_3701D5DB7FA1,0.1393305247127833
CC_3706E1EB2587,0.5709542057435992
CC_370E0F8EF86F,0.5103414289611038
CC_371D47444D5B,0.7057056399689219
CC_372CFE308EA4,0.6718972019879922
CC_3731D90357A6,0.2901503817069076
CC_37322F66C543,0.04149783958830054
CC_373539DE38C5,0.13002386371619987
CC_375225700242,0.35366494669397186
CC_3762D0B6F3C2,0.14910137775979507
CC_377A277E831A,0.10711315102434078
CC_377B6066B91B,0.17401329812864014
CC_378D71726B5E,0.06722523134694956
CC_37A46BD0DCBF,0.07284241681103426
CC_37B447368F02,0.8017931765821938
CC_37BFDFE369A3,0.23396722364609107
CC_37D09FE492BD,0.1096696589344808
CC_37D3F4C07235,0.2065696385543154
CC_37DDACE48E3C,0.11778198691162076
CC_37DEF85C0A37,0.31244851483319697
CC_38020CED9EEF,0.06876020713399916
CC_382207621EC5,0.7319370696449246
CC_38374AB27F95,0.09429108713225764
CC_383A5544DD5C,0.13469676338038317
CC_383C129A5B96,0.21325525556292882
CC_3847AAA649C7,0.1290603926513401
CC_3849D992C1E3,0.09939727020767228
CC_384BB17F0F0B,0.581097122025985
CC_3851177E5E76,0.10727900603392002
CC_3862F88850B8,0.25230509059098993
CC_3867CFCFCC94,0.2244100756691974
CC_3872ED018F85,0.17082576712233613
CC_3881A587C072,0.10992739537774103
CC_3882F8EB5EEB,0.521325727714733
CC_38911341EA6C,0.12860203877579068
CC_389E5B71E254,0.5047182523919963
CC_38A0DBCD3728,0.1243095389021529
CC_38B3E9142747,0.0506325677709683
CC_38C1B8860300,0.09314811775020973
CC_38C8CF250B60,0.03086831150596318
CC_38D32B790B4A,0.15557822338120036
CC_38EB304A9915,0.17940330773668595
CC_38F26461C872,0.6898348023315561
CC_38F942257E28,0.49394165899100967
CC_38FA5D78A8A7,0.0406267817981988
CC_3903D7BCCA95,0.12510703000559828
CC_39043D7ED04D,0.17345242859202065
CC_39098B256732,0.06162280420942962
CC_3909A2E4C679,0.1309988915239442
CC_392344DF8D55,0.25185639767386897
CC_392628C8AD47,0.09073492167092237
CC_39285F4C42BF,0.42417763756888593
CC_392A376EA1A2,0.08954985374474227
CC_3932E086F150,0.17700817178509232
CC_393D1D3640D0,0.08169696163116144
CC_3943B3490B49,0.7846533269132246
CC_394DE164DBCD,0.14823165078802625
CC_395600E84A54,0.15161600474898163
CC_395D181A7E1F,0.10974847078254522
CC_395E8CACC437,0.13291323423810908
CC_39635AC6A70E,0.056490779050105404
CC_3969352E3ABC,0.14426475253450685
CC_3985C0DF9CB5,0.4883883035222469
CC_3989F2C6A9F8,0.1601484114198811
CC_39A82672A1B2,0.09487987329978927
CC_39AA15DAE17D,0.6357513754719044
CC_39AA2A3D98CC,0.06257658240025511
CC_39AC257B00C5,0.08110362550679229
CC_39ACC63CDAEE,0.13731013683288887
CC_39CE40784C2C,0.222710893034736
CC_39E1A306D418,0.13906059458225914
CC_39F2B11C46D7,0.06834298820776546
CC_3A10F5F50A27,0.05537481558975875
CC_3A27CF9D162A,0.5632793693217868
CC_3A297424A7F7,0.1121345700273866
CC_3A39F7930BF3,0.10840215525356149
CC_3A57566F9977,0.5554031865567792
CC_3A61121254E6,0.08298062710980332
CC_3A81C568A7F8,0.1912066783288052
CC_3A82E7050A4D,0.06237358547928492
CC_3A860AADE6CE,0.16438139513012862
CC_3A8B3FC29C9E,0.146447719152465
CC_3A8E9056A5A2,0.11989165466270806
CC_3A9617A5777D,0.36253655480865465
CC_3A99D25777CD,0.14605412150781186
CC_3AA9E8D01340,0.5294153256911908
CC_3AAEFC09C290,0.7751067788727888
CC_3AB5E579843E,0.1919146210492907
CC_3AB77A30AD40,0.11178547062176189
CC_3AB7BA36A414,0.29606990837363056
CC_3ABA830A5BB2,0.1454628289349039
CC_3ADDDA550A57,0.11764142012290575
CC_3AE7B1151DC9,0.14580738335742485
CC_3AE9A209EE00,0.06462802559682204
CC_3B06FCD75C98,0.08458640297045017
CC_3B0722FB5E8E,0.2939750915189002
CC_3B1C51DD7429,0.19632231933591973
CC_3B1F4696D710,0.6372898518877954
CC_3B224413A072,0.22393502676361435
CC_3B35C3783CCD,0.2004798952117157
CC_3B3626F3DF9F,0.19102025938596334
CC_3B4405C7E486,0.5822937108956797
CC_3B4C4A9C9D99,0.25185191941556767
CC_3B72F0E9E3F8,0.14460185010259868
CC_3BB02A95C6C1,0.727170206601787
CC_3BB8B675C2BC,0.43426590314148933
CC_3BC51B069218,0.10754339920556782
CC_3BCA5BD201AC,0.14819395830710796
CC_3BCAC9793441,0.2951755546874167
CC_3BCBC867AC4A,0.03652889564947633
CC_3BE51412ABE7,0.4461832234987735
CC_3BEA98B401CD,0.6692254921080221
CC_3BED6DF1ABF1,0.17789648735045366
CC_3BF0BF7CF827,0.8210042458866041
CC_3BF110035599,0.5002394248218157
CC_3BF213810DEE,0.7038117168948823
CC_3BF21CA88D3C,0.37148609180631825
CC_3C0E29764C71,0.06513340147431435
CC_3C19509D4636,0.12583262475346285
CC_3C1B038BB068,0.15793212749846752
CC_3C594CADCA2E,0.17530449556282426
CC_3C5D909498F7,0.7914220410970974
CC_3C68D5179A01,0.12115453359190276
CC_3C83955704BA,0.7598757534708362
CC_3C93218F41B2,0.36060831129053034
CC_3C9CFC8FB4D1,0.7092832957369664
CC_3CA266EB55BE,0.13656586124872946
CC_3CE49C937F7C,0.11011763433836703
CC_3CEEB9C04F0B,0.35336254323922395
CC_3CF504AD4DD9,0.08709285199691769
CC_3D1092DBC5C2,0.1782677000174478
CC_3D185833E7BB,0.035542209099188336
CC_3D2309981121,0.30956167041292276
CC_3D27A0086AA6,0.14650765147465597
CC_3D3BE7D0F4D8,0.11670991856654396
CC_3D412B5EA919,0.09026999953326843
CC_3D47650C6F30,0.11904386978161789
CC_3D55D1FD8457,0.07522439544331556
CC_3D599501BA76,0.0766420744838096
CC_3D6181EE3C87,0.6125079546162281
CC_3D65CC165F44,0.13372174008991394
CC_3D6CF6DB8014,0.46496981750828914
CC_3D7C14801D40,0.18186202182363048
CC_3D836BDBF866,0.7165934646645147
CC_3D8DF3A3DB71,0.7734902797147771
CC_3D9309851089,0.19911957138307412
CC_3D9ECB4274C3,0.17886548922422268
CC_3DC8A9A92802,0.32682250799817214
CC_3DDD3813D1D4,0.09659298778709832
CC_3DF3FFB3CFC7,0.13441133350976506
CC_3DF88701601B,0.15277292183407773
CC_3DF91A482CFD,0.28850566975527114
CC_3DFD6349D046,0.7256696883388337
CC_3E0D54125AE0,0.175440417586439
CC_3E10CFE1DD57,0.07966407304033007
CC_3E13CB98572B,0.11367345902579587
CC_3E142C8ACA6F,0.0689073743937961
CC_3E1BAC4E5B90,0.07557486429065563
CC_3E2DD0D1E2D8,0.11035329571695565
CC_3E403BF08A45,0.06374122826419253
CC_3E46368104AE,0.09130887236821225
CC_3E48A086B5C7,0.27117730656045125
CC_3E54451B0F6D,0.10632412413609302
CC_3E6335ED3F4F,0.13786552665331642
CC_3E87A65C50A5,0.1741554331455823
CC_3E91109E2090,0.08956840530175056
CC_3E92A1EDA618,0.17565479199743825
CC_3E94684FE270,0.41566626610284313
CC_3E9DB402F352,0.19684091286483876
CC_3EB5A15A6C04,0.7712788145302301
CC_3EB8A9A6C49D,0.1282692237483438
CC_3EC96BC884F2,0.1403693924396834
CC_3ECA9E44B90F,0.21591132614225803
CC_3ECE4EF16A44,0.153721663215152
CC_3EDDB8E70F57,0.2868228680789838
CC_3EDF137D0E1C,0.13379325453955138
CC_3EEEE844410D,0.36297919849471183
CC_3EF4F348C967,0.09877645228491336
CC_3EF91DD11A81,0.13855530101637872
CC_3F08C55E7A40,0.1959581827036036
CC_3F171CED0CFA,0.03429891692975338
CC_3F2544EFA753,0.11391415062166059
CC_3F28F3286CCA,0.07692615605150635
CC_3F379CB37B0D,0.19617174132644102
CC_3F42D798AB1D,0.5977448994808979
CC_3F48724540D5,0.16387778986108564
CC_3F68068E2D5E,0.09534841884899971
CC_3F7FBE71B77F,0.07349001727722415
CC_3F80017B8599,0.08315098317371043
CC_3F8B17953200,0.08251177342771125
CC_3F964BADC4BC,0.7589103778090407
CC_3F9767602FCB,0.20534397749666117
CC_3FA84F0B23CE,0.1045709384964604
CC_3FB4B189143F,0.15332297034907705
CC_3FB7C976EB26,0.47678867645731815
CC_3FBCEB2F36D5,0.15113113263656613
CC_3FC4FE843245,0.14919432738407878
CC_3FD52E32FE8B,0.6315334622932433
CC_3FDB44EC6254,0.046941683927636306
CC_3FEFBD6DC62F,0.21215682455687446
CC_4005466D00ED,0.35295808917894955
CC_40095FFBC1A2,0.05392208354740435
CC_400F1887A662,0.14596881767180223
CC_40133FF3069C,0.058366807841544056
CC_401C6F0EED5A,0.12020277495770822
CC_4021AD03FA01,0.1370743459231758
CC_402E91F3A56C,0.11010674915040243
CC_403754B6988D,0.13152069004510564
CC_4052DFCB1656,0.1761911257983711
CC_40579C5C13D5,0.7946771580829493
CC_406937FF97E7,0.09709431047978133
CC_406C4233347A,0.12235018062272542
CC_4073E42E11E4,0.1899496089639643
CC_4077BB12A5F4,0.1652432590716637
CC_4077DD5B5C4F,0.14373582081036274
CC_40824D899215,0.10751151205277035
CC_408D79189FBF,0.2795839348135005
CC_40A3F1D5EA0F,0.27912620240541375
CC_40A852A592FB,0.13789267181630574
CC_40AADA91D560,0.24119264596342607
CC_40B39CB2CC58,0.06487429208248234
CC_40CE2030F058,0.07940327042339274
CC_40EA2F8481E8,0.14820111255227073
CC_40EFD7778F98,0.12914435315828987
CC_40F278D49681,0.30914485000611147
CC_40FFCF631F19,0.4856350028736974
CC_4101D1B82788,0.1284305079513025
CC_4109B79A4B06,0.04970814392016652
CC_4119348F051A,0.19109895957376327
CC_41206EE45803,0.09598579362439053
CC_412DF740DA62,0.13727117977371817
CC_413AB4CA7451,0.11733868102421606
CC_414C06C60FF7,0.5786641761673288
CC_414F50748A51,0.06282948158952135
CC_415C65EA66AA,0.0802859497665843
CC_415CED95F7CA,0.12919949566774858
CC_416584250060,0.04909787653475287
CC_416B3A1F0F0B,0.07841286020408798
CC_41735021FC7A,0.2144867922159604
CC_417858CD20F4,0.11596943611509392
CC_41902EFB3974,0.05903906546112863
CC_41A27790EFBF,0.13877706927012276
CC_41A4A223F39D,0.08033530497692422
CC_41B464757ED6,0.13561805888859627
CC_41D1A87E1136,0.3943623646432404
CC_420FE297808E,0.029832595102841884
CC_4211096D5588,0.15688202550767674
CC_421F4D78128B,0.5423655468758802
CC_422F2780C85A,0.27038648671436294
CC_423B0296BE24,0.06712586278015746
CC_423E78000AA5,0.11022416795614444
CC_4246081DD359,0.11720768272722809
CC_4249EDF2FDCC,0.8059076080387038
CC_42568C67F412,0.34412468324038803
CC_426A25EA9E21,0.7522202176768567
CC_427ECDDEECE6,0.26917449505539
CC_4289EEC8F0A2,0.10355209045396646
CC_429A7158AD07,0.08649874856798755
CC_429C51AE729D,0.05161121204894748
CC_42A0DE1E5E80,0.10228757056186011
CC_42A7D0F5388F,0.10056061625966317
CC_42B23C8C9F66,0.12143100721104892
CC_42BD3999AC3E,0.2850995651146392
CC_42C95B199130,0.35593968160571243
CC_42CD6CE97523,0.49547241060433644
CC_42DA114F12A2,0.36345804999885106
CC_42E2736AA331,0.17810039755418547
CC_42EA825C351B,0.45753992608494726
CC_42F1B2B4D258,0.622646849797668
CC_42F4588EB38D,0.34385932201689545
CC_431F29A12E99,0.184997652703434
CC_432EB78A198D,0.256794466280368
CC_43383344BC72,0.16378897309251875
CC_4339187DD10A,0.055218461618590495
CC_4344A2E7EA1F,0.4851396633451708
CC_4347468ABE51,0.5488546611517924
CC_434894BC2577,0.05924455330364845
CC_4362DB93FC92,0.12058756302868277
CC_436850DDC704,0.11808294391945397
CC_43698E2EEA0A,0.11151015758506912
CC_4387F73F131E,0.11091528672578546
CC_43A33C994C70,0.3914292383853543
CC_43ACD82B5514,0.24403185316237655
CC_43B37131B8FA,0.20933130691248134
CC_43BFCAF8BD20,0.2287571495253215
CC_43C060E01266,0.2439140233386684
CC_43C41AF27375,0.08602403038994565
CC_43C5AFA48B93,0.07200086780734742
CC_43C767A44C55,0.15782532943307695
CC_43DECAB53552,0.06408289302188953
CC_43E6D931158D,0.36573025693395683
CC_43E9F88019F8,0.0777346415655168
CC_43EBD6EBD675,0.07493556932851665
CC_43F81C577002,0.2881734335499436
CC_443C4E041687,0.11941523424370738
CC_443F63BF238A,0.11406657998499704
CC_4463776F9AA1,0.12506426941529816
CC_446F1EDF03C8,0.060996349186462094
CC_447BAD4F7820,0.8824317798023364
CC_447D02F917B5,0.08590922692132416
CC_447E705746E2,0.14049988868141175
CC_44A017104F93,0.6267964189297379
CC_44A1E58CDBC0,0.060923234909446955
CC_44ABCC04C418,0.10437974894854968
CC_44BF6BCCFC2E,0.04611778581617194
CC_44D0671A3B87,0.1364379912919519
CC_44DBEE3A7D81,0.15602945401112367
CC_44F7DD6A88A1,0.22858320648892583
CC_45080C42280D,0.23644434391573213
CC_4524AD74135F,0.5590215116825088
CC_45262103231F,0.24725819613781216
CC_452D8C5D039C,0.7983945289148526
CC_452DECDBC90F,0.071007634099533
CC_453C9B3A5992,0.4687912354620582
CC_4542AACA1FE4,0.062256835668123
CC_455209549D3B,0.7775405440619816
CC_4555C804C4D0,0.05246331708124817
CC_4581E4190B2E,0.09123063852878523
CC_458912F91D6F,0.4620763527618002
CC_45913E1BE65C,0.2892412396867853
CC_4594791FB40D,0.12582205492934692
CC_459B49073E2C,0.33854788261510027
CC_459EA8E0E2EF,0.10051016527876463
CC_45A4A38557E9,0.12521968563819844
CC_45ACE2B1DB6F,0.10037121826915146
CC_45C1A92F0E8D,0.09173398466691132
CC_45D0673EDD20,0.18470507069791017
CC_45D70DC84DA0,0.09984047825079814
CC_45D96479EC1E,0.05460515739213838
CC_45E8597BF74E,0.09003979469538048
CC_45E97246F83A,0.24744372774484372
CC_45EC44761309,0.13596610252813277
CC_4603A6F83E2A,0.05553691912231545
CC_46045CEE8330,0.0866441532680958
CC_464E17187A4E,0.365976611188469
CC_4659FB4B8536,0.13871721134938078
CC_465EF4F9B68F,0.1570692697696056
CC_4663FDE62E3A,0.3125379824244603
CC_466D54BE0809,0.09308907338421547
CC_466ED9BD34B5,0.1026740329763945
CC_466F7908E13D,0.18512258168553655
CC_4695A5525A11,0.16624578215229935
CC_46BBB8A4854A,0.054613591298169395
CC_46BC61EC8F2E,0.15666821312201612
CC_46C0DFA660B0,0.11945935384035959
CC_46C2DCF84CA0,0.1560450157227048
CC_46C38B9F0D8E,0.08861424048761035
CC_46CAB9AE7C87,0.5149416876014168
CC_46D0D1ADEA59,0.14233704678073192
CC_46DFC1AA0821,0.7959912977735847
CC_46ECA5976180,0.1746946287169145
CC_46F5F6D27991,0.08902186205963755
CC_46FE9F226120,0.1688328383729195
CC_47130CC63FC5,0.14191940177778709
CC_472330768F5F,0.09305831325630023
CC_47292EBB8BD1,0.12444030838194665
CC_4734AB1281DA,0.05268562835330478
CC_473989E6BA47,0.23765616409699006
CC_473AE07014DC,0.1576341188625504
CC_4741EF45C3DB,0.19720767979893736
CC_474586BE49EB,0.15580149510463415
CC_47490BF44944,0.27998123334944364
CC_477213DAED38,0.10040462078528478
CC_4778086276B7,0.09249120624473954
CC_47910B073CF3,0.23214472888577195
CC_47939776FDF6,0.683298686545933
CC_4796F6A64420,0.06098839594301007
CC_4798549B52ED,0.22289124385006245
CC_47A3714E7D2E,0.26926543804622166
CC_47CE219EBAAD,0.1754689724833884
CC_47CF9074E03E,0.18802856204973947
CC_47E4537A53FD,0.14990147499988526
CC_47E8BC938FA1,0.13852139775979425
CC_47F134D17818,0.09394610897471854
CC_4812FBE05C7C,0.32518801326737
CC_48152725FAB1,0.6199552586976841
CC_482256495FAD,0.7951564809157163
CC_4829FF15D21E,0.15139186594153134
CC_482D26D81935,0.6435211942562343
CC_4838990A8D02,0.12080906923552114
CC_4862EA9CD1DD,0.06707354644370861
CC_4862F8C1B0AC,0.06134158292988183
CC_486CD67D26CF,0.1150633421201913
CC_486D8F9AE549,0.27146014034551724
CC_4877D1BDB737,0.11450983482929354
CC_4885E34F0B26,0.14970303507980867
CC_48928CA8082E,0.16687403329287656
CC_48A74FF0E6C5,0.10309252584358067
CC_48E0791DDD62,0.10529790447617382
CC_48F620B6A472,0.0997606829227823
CC_48FDBB1D7493,0.09987812839990604
CC_4910EC928152,0.1024766957541044
CC_491C18C17767,0.05435068268577642
CC_492F65EF8D9D,0.8116841114632249
CC_493DDD53B97E,0.06665464330352579
CC_495F82AA5B9B,0.18746922145837258
CC_49618412FF86,0.09915724262059951
CC_496A7CFA344D,0.7743169252714741
CC_4983EBABAE3F,0.07921142185839362
CC_4992C1915957,0.5497865412801685
CC_4993B31028A7,0.10528453281907402
CC_49945441A644,0.1858265902129428
CC_49A80692BC68,0.16195544937441828
CC_49AB67613A58,0.145227569458573
CC_49B05CADDD95,0.6039553715657917
CC_49C6F9AD111E,0.10325918076162238
CC_49CEB94F0B3B,0.031007942702844103
CC_49D3A79B55CD,0.10507626980427281
CC_49D6671DAE8E,0.15055239817127777
CC_49E6C539B1CF,0.0800824525565672
CC_49EEDF0DA684,0.029721423346287155
CC_49FC290E33A7,0.14281143639122265
CC_4A01CF2F67D2,0.7130108135053335
CC_4A16DC668832,0.42101191778056163
CC_4A212461781C,0.09042578548330854
CC_4A237A8E6706,0.14054307351932044
CC_4A3DFA0E27A4,0.16502169836515757
CC_4A513D39DCE3,0.08266283030031657
CC_4A532B0E6165,0.12865778248106166
CC_4A5FA9F1C804,0.0909053521029698
CC_4A7BDEC665FF,0.07208366386261791
CC_4A7FC9B23222,0.2549615317193901
CC_4A8A7080FA25,0.24897755047047732
CC_4A8EFD589879,0.08893914736299739
CC_4A8F7D2B857C,0.16311419177986677
CC_4A91E8D4289D,0.36181990403762604
CC_4A93163A12F4,0.29104827207453987
CC_4A9FEF48EA65,0.14007949399308314
CC_4AA73D751AA5,0.29431249476172766
CC_4AAED0C85F70,0.11912602864355165
CC_4AB1DEF044AA,0.06275001342128676
CC_4AB5AE299217,0.167742987945209
CC_4ABA0CDC2270,0.17607381032710734
CC_4ACFFC2F295F,0.688982368616781
CC_4B0490BAB1B9,0.07619135565341505
CC_4B28B03CEFEA,0.09214766953479728
CC_4B420765EB9A,0.15824348599466295
CC_4B47C16D9867,0.1541347920641161
CC_4B494C4D7D03,0.38764291466878303
CC_4B4C84B015C2,0.05504797374876112
CC_4B607295E983,0.04818622971973028
CC_4B6D24E81483,0.07120153268628966
CC_4B77AF6FAF2B,0.6960325296055316
CC_4B7EC3F2FFBA,0.05203625651595802
CC_4B85318DFA50,0.1283260240226575
CC_4B9B36B36DA5,0.7416665127016755
CC_4B9E0AD5D692,0.4582720637646894
CC_4BA041C9678C,0.13899531638669138
CC_4BB40F2129A6,0.09657544264831433
CC_4BB8FD274E2A,0.05420669190815161
CC_4BBB8118FBBB,0.09400666781295228
CC_4BC8CB91719F,0.10750255916838154
CC_4BE447D54BB8,0.13192587591170524
CC_4BE85B1BDB62,0.3448094194199488
CC_4BEF3C7F6395,0.23868388528987342
CC_4BF03FF61B97,0.4812521172545236
CC_4BF4C38EAE8D,0.2730181420486898
CC_4BF95B8140C8,0.0989966925942485
CC_4BFE0CB61B5A,0.4167154649280655
CC_4C2A3F254101,0.34852293130122347
CC_4C351DEB6230,0.24208951386728764
CC_4C38031A2A9E,0.09375574003845857
CC_4C3E35875F03,0.10642452999840528
CC_4C4D79F933B2,0.14304868061425868
CC_4C56497F4AB0,0.6554898532969408
CC_4C827B493CFD,0.12184497609540662
CC_4C849C6073AF,0.12676418789407096
CC_4C869E6F618A,0.19669829553812512
CC_4CA21C15763D,0.12020978743912851
CC_4CB2F1CAE684,0.09259890527035239
CC_4CC0265E0778,0.04624191249595041
CC_4CC5483903E9,0.4935777946916396
CC_4CD7C76FE235,0.4092526047322978
CC_4CE2BFED4F4C,0.08818830851629933
CC_4CE751CB58FA,0.45580071694088914
CC_4CF3E184C500,0.062190576258333054
CC_4CF668E60D64,0.27847357762967806
CC_4D1A1AF53E18,0.0650550119589017
CC_4D29155FCF33,0.20505624130347883
CC_4D2CC7618AC2,0.5281442750814778
CC_4D350FF7402B,0.3021191548074126
CC_4D38AE84E3CB,0.2028742459608477
CC_4D4140E1056D,0.10561780523354532
CC_4D5545FAB130,0.5503640883248789
CC_4D55E218946E,0.09351159612879827
CC_4D5E14BD6AFA,0.10770478766833126
CC_4D78935D66E9,0.07573230271944392
CC_4D883AAAC6C9,0.04886135053713491
CC_4D8D8108C51E,0.6028492101403025
CC_4DB40331777A,0.8122296461591343
CC_4DBC8652D26F,0.09190143012973633
CC_4DC0E154EBB0,0.7420979225883567
CC_4DD5B8780C4C,0.10618677429110657
CC_4DE0070FF683,0.14765319308928535
CC_4DE688CDBC27,0.103856581665148
CC_4DF37857FCEF,0.058755611810617135
CC_4E20F0249BC6,0.8030681247492691
CC_4E2F01B7B9EE,0.2002502986210894
CC_4E41C247B4E5,0.15888235098962925
CC_4E479F6989A1,0.06565121783165548
CC_4E48AF17BC29,0.0797058309281988
CC_4E6BE67E3C4F,0.055640593068921954
CC_4E70939C5933,0.45446377963478607
CC_4E70FB172717,0.14303907195612955
CC_4E726EE8C026,0.24006321163611385
CC_4E76F48DFDEF,0.08128519771635105
CC_4EA180B2B913,0.028384965379379037
CC_4EA67A160C3E,0.5586058558678887
CC_4EE41FC91AD2,0.14078895994388965
CC_4EFECC6C2E36,0.6372430671625559
CC_4F22CB97C34F,0.06246387802007426
CC_4F2444DC6C75,0.8124835484930573
CC_4F2B7F512DD5,0.09022232857674199
CC_4F504A9744FB,0.15262162676647045
CC_4F6FEE589187,0.17058235298595884
CC_4F71AAF96C32,0.10349075097447963
CC_4F76E57C55EF,0.3553591571615408
CC_4F88D3E5AA2E,0.05012367301330689
CC_4F8A4384F6DE,0.13844548747829485
CC_4F8D83DCCF25,0.23765821772009255
CC_4F956AA47816,0.6099491981410347
CC_4F99FCEA10E8,0.08827168932313154
CC_4F9F10A183F6,0.09453507510881588
CC_4FA766935F14,0.10427418682833622
CC_4FB0B9E398F2,0.24895165284635334
CC_4FD0DF6CA3AA,0.07441237439443799
CC_4FD902F7ADEC,0.12362374874399294
CC_4FF1155E3A6B,0.2818042721847398
CC_50103368F241,0.1188229901180554
CC_5012B9991935,0.11299421636907654
CC_50172FF2C2C1,0.14435663441159316
CC_5017C9BA7773,0.09089602442283334
CC_502C3D0EC4CA,0.11282262807574894
CC_504157951119,0.06027872618388932
CC_5042938B5A9A,0.4818959761595255
CC_504A57293FE4,0.8105132748342652
CC_505812CFE43B,0.29015853557354343
CC_505A6EB06E39,0.3196209694636773
CC_5064CCE0EF29,0.2022541446778622
CC_507BDF639FB5,0.16066874957399355
CC_507E53684AB6,0.1569166782323443
CC_5087A0D1765D,0.1835000254784342
CC_509229AEC221,0.15824912802314395
CC_5092D3A72B03,0.17066467636893212
CC_5092DF691F74,0.5153561648555965
CC_5094BB59416F,0.19575089005994278
CC_509926B384D8,0.7557752549094761
CC_50A6C96DA7D3,0.07204564645912187
CC_50AE75A10F3B,0.22092946374863665
CC_50D4BB93EB1A,0.05299719937478709
CC_50DF7B02E356,0.18311109926052832
CC_50EB53CFE7F8,0.0805145136847342
CC_50FC7D563CE4,0.16212974216530063
CC_5100E6EAA3FF,0.23862673607721244
CC_510F2944B2A0,0.12133889296427612
CC_5128881AAD54,0.10264348654641099
CC_5138941DB7A2,0.12006772338038169
CC_5139EF8BEAFB,0.14974881059311104
CC_513E5EEC6B04,0.11198875674299989
CC_51427EF15375,0.2618115545784141
CC_5147B281DA64,0.21420941259916865
CC_515D968ED36E,0.10882698800579936
CC_5176FF858154,0.17737997192962682
CC_517CB40FB016,0.1346008769867854
CC_51884D5F3E4D,0.12065361655007888
CC_51AE98263438,0.13471044121469977
CC_51C9CE782368,0.13874931003466337
CC_51CC80D1570F,0.051904274051008704
CC_51D2E3476902,0.07653473631500363
CC_51E05E706D64,0.09421194588171376
CC_51E5A5E9801C,0.08353020446918688
CC_51F5DA44F9A0,0.4464404956856055
CC_51F6BDD355F4,0.0862004354044516
CC_51FE657FE212,0.11834559660957336
CC_520950C9BAA3,0.07488697031272117
CC_520B1D31AB99,0.0981281042454462
CC_522550E1761D,0.7218290100208549
CC_524CD519E76B,0.1222327003258858
CC_524FE9E3DAD3,0.5098601455885347
CC_52629A025048,0.10697304507809925
CC_526765FC100C,0.25162658843060476
CC_526E56249FFA,0.26205401856271227
CC_528B42A34966,0.2848364880238986
CC_5292B36E4882,0.17439595804217295
CC_529A2F110236,0.10661441090113505
CC_529BC4ADAD6A,0.21293572484503395
CC_52C1C5A6F887,0.08890841472512552
CC_52C3B674FDFD,0.23085301596447289
CC_52CCBB8F9964,0.07112236817422686
CC_52D21FFA24DE,0.7406193501501517
CC_52D32EDBAA78,0.14636443370873378
CC_52D7821A8363,0.11616417813675076
CC_52D9087EBCD6,0.7568593364105878
CC_52DD62E1AC2E,0.15361594605678236
CC_52E8B04F0FA0,0.09558075523216028
CC_52E965E9E2C3,0.10791074365070924
CC_530BA492842A,0.2723475973146189
CC_530F6E906D6B,0.03019779080758239
CC_531FCFBE3B13,0.10317497330669749
CC_5320DFEAD897,0.1672015978167744
CC_53319AE7B829,0.5942517605068738
CC_53481151859F,0.04934348103371724
CC_534D4FC05F82,0.22242003994420073
CC_53687DA8C9E5,0.30336174675038
CC_53795A7B7751,0.04699865158337083
CC_538328A6B3BA,0.4816548067721345
CC_5385266461B1,0.15918221763136906
CC_53891CB35BF8,0.14507743665730738
CC_53A6E1083B13,0.06386926512821664
CC_53A77DA726A4,0.07929239089197784
CC_53ADBC2F6E34,0.19263118439984997
CC_53B249809561,0.09743861691765617
CC_53B2DF5B019C,0.08173208706675816
CC_53C1F3E031A3,0.19551386617313848
CC_53CBF2E8AD05,0.526701420908343
CC_53D04793ED9D,0.09293313571471382
CC_53E23A9B6F74,0.11288893046851409
CC_53EB59C99100,0.3224555602603704
CC_53EB9AC04311,0.0901736884348744
CC_53EC732C9B30,0.03599647983558006
CC_540122E71534,0.11481565312727122
CC_5405C89DF8BD,0.6524362615612153
CC_540D69F5BA23,0.11930915501073354
CC_5414446319CC,0.712023320897057
CC_5418410F95A2,0.09327436311943749
CC_5431A01C30E4,0.10685881097357379
CC_5452437FC605,0.3960834561935499
CC_5452979BF98D,0.0895069004581433
CC_546EE83F84A4,0.5272015775950618
CC_5473268241FC,0.12050773099031482
CC_5474EE64D859,0.37789425225735734
CC_5476E2B2FCA0,0.10274176718784307
CC_54892024F98D,0.17142953860206497
CC_54B33C66DCF7,0.1031823926171087
CC_54CF66B660B4,0.39124171263319807
CC_54D3A35EC69F,0.0654725191164169
CC_54D6AE2665AA,0.11566506923013345
CC_54D93974E62F,0.24054108525016224
CC_54F5F552A0F2,0.11847710834523817
CC_54FC3B361BDA,0.0926715181585355
CC_550135E8FAC6,0.11607135282005875
CC_55020AD0D117,0.12789830077129602
CC_55094AF7EFEF,0.11519652210688366
CC_55126E23462E,0.07032155306639835
CC_554C21CCAF3E,0.11374598318793752
CC_554C912C7DBE,0.08199191764772179
CC_556B02A2B401,0.4314132539222985
CC_557A0B0CD0F4,0.21522547362195926
CC_559A14E729EB,0.27544055572399306
CC_559F0DD4E4A7,0.16700737633776466
CC_55A82B4E57F6,0.13226254409790722
CC_55A98ABE4C75,0.12451830409385285
CC_55A9D45EA466,0.05889410218976899
CC_55CB872FF50B,0.20127285034948308
CC_55D9E3D58435,0.18760692880283314
CC_55DFF3C3BB46,0.051995172065287094
CC_55EDC3996984,0.1493443781686657
CC_56013299D8C5,0.11754508306618619
CC_560B519C1F50,0.08110514528954778
CC_560CABF0F5D0,0.18464200666387678
CC_56178AD87948,0.27564739694143775
CC_5619A7BB54EA,0.10701245914346001
CC_5624319D7B28,0.08818661386025334
CC_5625119D6C37,0.12278447255536465
CC_562BE7245E1B,0.756642824213073
CC_563684010DF5,0.73259564313926
CC_563EA9A29338,0.10135813922360042
CC_564590AFB575,0.03284669517296876
CC_565E01191BF6,0.6250665683038515
CC_56612A039382,0.060604175231417236
CC_5665FB827721,0.5068159391495738
CC_566932C3CC97,0.10228055121868593
CC_5671D59B2A51,0.13246307198998786
CC_567E7DD24A97,0.09235993198002636
CC_567F47F37683,0.036418428071613586
CC_56847A91065C,0.10924048705384715
CC_5698480F8634,0.05500714344205928
CC_5698B024CECC,0.5311306410909948
CC_569DC051A2EA,0.12284964853338598
CC_56A322152604,0.3679050199550631
CC_56BFD9A8335D,0.2984975763775116
CC_56C9379BADB6,0.05519413297363293
CC_56D410FD8F56,0.30643792694822203
CC_56D4549919EA,0.1698212244749203
CC_56D918CA6353,0.12433354297762982
CC_56DB30CE666D,0.16978604885006862
CC_56E760C3206D,0.25283486641773767
CC_56F73F905615,0.8109577866798174
CC_570683C088DB,0.1191516960586418
CC_571C6AFD00ED,0.38871732861023833
CC_5725663C3B89,0.10042724535795818
CC_57291D7667C8,0.15464747132825202
CC_57313F6E7927,0.11748220841804982
CC_5735F9B859AF,0.6556138932787802
CC_573B34826B2B,0.6973946255330833
CC_5744447CAF7A,0.07655647245393163
CC_574CC0FC7B05,0.09061983072175593
CC_5759E2982909,0.10086812521358272
CC_575CCCCDD7B6,0.6210662870579564
CC_57603A37D19F,0.05290191156249293
CC_57639D4995CF,0.25770585630034315
CC_576E6676FD55,0.05773804293022083
CC_5775C148E05C,0.11744981993639748
CC_5798E560E9F3,0.7429096343290438
CC_57A486F61065,0.692301237713575
CC_57A726458B99,0.09325116000788372
CC_57B0D41BD7D3,0.32837765122027956
CC_57B501E60C35,0.08215376142152091
CC_57CA90509CB1,0.7448132689107461
CC_57CB7673547B,0.10550865959248812
CC_57DE479CB61A,0.7892596891379922
CC_57E7F1A6B895,0.0509129809709676
CC_57F13C4115FA,0.38728133299868284
CC_57F480CA9A42,0.11213955346720354
CC_57FDFC6DE726,0.22340355254935568
CC_5810468B76BE,0.15075535239783572
CC_5810F212B2EE,0.3508934604904493
CC_5817759E7007,0.1716345116542286
CC_5818B5089B3C,0.11475768616946684
CC_582C78363EB6,0.17912721334091025
CC_58391600720C,0.1660195619408949
CC_583D7B177F85,0.08341041453085524
CC_584C11014F63,0.10320265323986992
CC_584CDC12578D,0.12104737342178619
CC_5852F443C55D,0.10898287046367545
CC_58565AF0F70A,0.4384982682238769
CC_58568DF9AECF,0.17928396152373569
CC_5859EE6309D5,0.5081619154058454
CC_5872B45E1C19,0.7975389502650875
CC_58797A417EEA,0.18631603668969834
CC_587A4844B482,0.23863245110836578
CC_587C0CC3DD82,0.6518317369400665
CC_5881A04052CE,0.09449654323064213
CC_589A4E02EF81,0.1568151417635274
CC_58AB46E5655E,0.1471276013701741
CC_58B0CFC9F3D2,0.07332309128268197
CC_58BEFDA6B4C6,0.12663514351891614
CC_58D95C7247D5,0.07058889108990056
CC_58DBF3409D48,0.049029035333551275
CC_58E35A47B880,0.1927919483927257
CC_58E40EFF57CF,0.4132404217596231
CC_58F551219BD6,0.05072593877755827
CC_58FA76C6C45C,0.559174174265061
CC_59018149723B,0.04787403211821444
CC_5904459ACECB,0.7459642383257096
CC_59088B2886E8,0.044646619508203395
CC_590D2E0AD18E,0.597827441125134
CC_59146CA05E8C,0.05796942566771639
CC_592592397DC2,0.5296489622599312
CC_5926F5B4E054,0.14988187800695624
CC_592A5A163624,0.30016554249427324
CC_5941C323917F,0.10542436435840415
CC_594E4E86A1C6,0.1869035311629142
CC_595ADAA76A32,0.0853923652915549
CC_596A20270C3D,0.13989483101485437
CC_5970E93E11DF,0.24963924500743936
CC_597AD111527C,0.11803703449578655
CC_597FDFFA265C,0.11655069659320527
CC_599C287D2BAA,0.3647776883107242
CC_599E345094D2,0.1375310968912167
CC_59A4741B5A92,0.15503115407867707
CC_59BB3A5BA2A3,0.523648549834397
CC_59BFD1200F6B,0.1646791514674448
CC_59C07CCAF4E0,0.1843608689628002
CC_59C49474B501,0.11244248930044193
CC_59CFBC2CA471,0.580374952607692
CC_59D62BE0C0C6,0.11749828952012562
CC_59D86F572716,0.15224700870784855
CC_59DF71FBA4B0,0.05016804075747564
CC_59ECB7465DCD,0.06612999176272291
CC_59ED43A803B3,0.0403204578652134
CC_59F5E81F4EA0,0.17452551668845057
CC_5A10371BE7B1,0.7970568827882719
CC_5A2F9A594A05,0.5371996969764836
CC_5A38E46246FC,0.5810713819367889
CC_5A3F52B0A07B,0.20058770352235988
CC_5A5507A49F6D,0.09340902103339313
CC_5A58A5E6DE82,0.09696192132257854
CC_5A5BB6DC1018,0.2075022528371492
CC_5A5C0DF50E01,0.10734238866436586
CC_5A633C535360,0.11110692467570644
CC_5A67E62D8D5E,0.6925623816498578
CC_5A6BA0007593,0.10344261377077713
CC_5A7513434C72,0.029051417128571493
CC_5A756D8AE60D,0.2276695241383236
CC_5A7C13841B7A,0.7173434995390569
CC_5A7CBB6E8716,0.19374683850062033
CC_5A83A1E25A2B,0.3075900289216997
CC_5A86EB53A14D,0.6815266306218957
CC_5A89E13CE597,0.2560259226477738
CC_5A9466D0CF9F,0.14278208462032083
CC_5A95331BD0C5,0.10654256194796263
CC_5A9F63C3E428,0.09153467934375799
CC_5ABC76FF707A,0.06644243369497033
CC_5AD0F1B43457,0.15297206927702459
CC_5AD82250C271,0.058613879486948114
CC_5ADD27165E38,0.655886932935005
CC_5AF32E5C8018,0.05381125959724259
CC_5AF3690FA0B0,0.15482842817735562
CC_5AFDFAA63B45,0.16097385003545975
CC_5B025DA26FE6,0.048578916143165
CC_5B07C7DE7E7E,0.18865584944551214
CC_5B08171A6880,0.2970931224939353
CC_5B09FB1A0BE2,0.1034396303541589
CC_5B0D6BA12702,0.5285504177568733
CC_5B0EF2D4C3CC,0.1462769369610222
CC_5B195D88C182,0.3723031121511557
CC_5B1F6FE71A38,0.08499404457969735
CC_5B247961602E,0.06573163788290709
CC_5B276421F4CD,0.07942511534582178
CC_5B289AFA1662,0.2569503656709797
CC_5B3A16421A31,0.048380894337207936
CC_5B3E78897EB7,0.061398001310412176
CC_5B480B44A9B1,0.15999324642481785
CC_5B546C3A21F8,0.21835311506041108
CC_5B5BC4023EE7,0.17947936331969297
CC_5B6D63DD34B7,0.08710594254894098
CC_5B6E868912E6,0.11189875011482676
CC_5B818D2581FB,0.16532366301421067
CC_5B82E8BB921F,0.2817331027227323
CC_5B8E8DA14EE6,0.22423853767616891
CC_5B900A135A69,0.08661750004117155
CC_5BB64BDF3C99,0.1322467354769889
CC_5BCB2C79D1CA,0.20770072037508
CC_5C072DB8586F,0.06980003065559884
CC_5C0BEC2A0850,0.0829501739404046
CC_5C24010127D1,0.25122195308307516
CC_5C2DAF5E0EB7,0.4538128952448683
CC_5C3E8DB90978,0.19093494049109666
CC_5C4A7CE69975,0.27267204491771757
CC_5C5766F933B0,0.4695399825674702
CC_5C5808240054,0.10840983697135313
CC_5C5D6E15EA27,0.1924612120315699
CC_5C60C4545922,0.14790067977483104
CC_5C626D70F6D6,0.13982908321168505
CC_5C670F0622BF,0.11671643424161095
CC_5C799E57EF53,0.052096946280851125
CC_5C7B44735AF4,0.12995328688732752
CC_5C7D8DF047E9,0.19235599162606543
CC_5C80F394EFC3,0.15537688068451389
CC_5C99E6189441,0.11477984672314917
CC_5CA9AB4A6AB4,0.09979760551881348
CC_5CB78ADD2432,0.1471950044070602
CC_5CDE37CE08CF,0.05869773520311927
CC_5CE258D12432,0.3626890674116799
CC_5CEEF006ABF9,0.07380996672939798
CC_5CFD2850E277,0.275750531208893
CC_5D01F71B9FAD,0.09753750323683567
CC_5D065A455A45,0.18158375867912938
CC_5D0AA7D4954A,0.2530614674750777
CC_5D242448B812,0.14912448519971025
CC_5D2C5115BDD2,0.18437583206524089
CC_5D3273E039AF,0.6465479129049269
CC_5D398BB3365B,0.14143489771870746
CC_5D3C1CE64952,0.13890062402815326
CC_5D4B0EBB5CD6,0.0723104682765633
CC_5D5E897588D3,0.09737622229095161
CC_5D65F25FFB8D,0.08329540286661252
CC_5D665A86C465,0.0833199751102118
CC_5D80C353E475,0.11054207226641499
CC_5D8895A0AB4C,0.20873871482739773
CC_5D88A673BF50,0.240929708735511
CC_5D89688B69A9,0.3799157313119384
CC_5D8AC8E18A8E,0.07477224587938375
CC_5D8E7DC2FA6A,0.5377337638744444
CC_5DA29AD9E85E,0.0606742721515697
CC_5DB286EAC626,0.3190259269148733
CC_5DBC1BB95B84,0.7590028020489576
CC_5DC0A465470D,0.07659172481931903
CC_5DF82CB03C3F,0.09010484704957686
CC_5E001C93F359,0.07826256838684371
CC_5E029094A55C,0.656557357955633
CC_5E0808121A65,0.10513461714146408
CC_5E1117E4E593,0.15472236630552058
CC_5E1541060A97,0.6396665654663526
CC_5E1C11540C0B,0.0795090359373694
CC_5E1DC0E143F2,0.06724244633876796
CC_5E206AC277E4,0.26224660296009666
CC_5E22B4BC8B12,0.10617688058486749
CC_5E22D889B6BF,0.10967910781809107
CC_5E38425EC99F,0.774396619592814
CC_5E3A70C2077A,0.13419050448379669
CC_5E5607D275CA,0.10715576783854068
CC_5E73C3D2B3EE,0.19733513732897076
CC_5E7F23A07A71,0.06926938986530878
CC_5E80A96974B8,0.21823038024769523
CC_5E8C0453B9B8,0.3524606245704884
CC_5EA599FBA5E0,0.5339184663096941
CC_5EB379BA6C7A,0.1121078948421834
CC_5EBB96F65AFE,0.34453167217944686
CC_5EC41568C2E1,0.10502108733869539
CC_5EDB5C924107,0.27627638797421417
CC_5EEE5D0FF8D3,0.13269764009645255
CC_5EEF07FFC243,0.0948497770162507
CC_5EEFD690759A,0.08123162998707363
CC_5EF2176F01D5,0.11707139818438395
CC_5F17CA33D26B,0.12161437392863393
CC_5F20750D6658,0.09619974580494428
CC_5F2CE32A6EC3,0.1137891150445196
CC_5F328EE757B6,0.08576314745582678
CC_5F35B8D87D06,0.12482504643646732
CC_5F390BA40E83,0.7609655919767113
CC_5F59092CA9B2,0.17123176177522703
CC_5F5916E96E19,0.16838550081437265
CC_5F5E835B9E6E,0.07120074472155806
CC_5F648D39D67F,0.5283590674833946
CC_5F6D4104C808,0.18119627114664458
CC_5F72EBE104D4,0.03547639779462438
CC_5F765C41F051,0.07531261600301753
CC_5F8859A6F0DB,0.05222889651032763
CC_5F88ACC7C384,0.09521152699554189
CC_5F89DFA97B7C,0.522282033276515
CC_5F93A3E31DD6,0.5426048569407617
CC_5F9A44423DD4,0.1287112315140253
CC_5FAA7965BD71,0.1636322853414371
CC_5FAFA265CA02,0.37577942625149385
CC_5FBE1A34704F,0.1651421786820087
CC_5FCAA919577A,0.22252826070957948
CC_5FCD208ADD77,0.17925840411539815
CC_5FECD2BB0094,0.09526974971867753
CC_5FFDE52E6B7A,0.1196923754821552
CC_6002BFD3F26A,0.14558164193524686
CC_600311592F72,0.0745459755007641
CC_600AE12112D6,0.2546814393461635
CC_601C3178E38D,0.1745128180986727
CC_6037EEA42F2C,0.40276839826325284
CC_604C08F76272,0.6610372509236337
CC_604C72AC662C,0.17806709469480486
CC_60510AFA8A87,0.12989855303684913
CC_605E2E26E52A,0.2608940095603479
CC_605E3904CD8E,0.1008014466684121
CC_60611B935106,0.11192308426315854
CC_6061787228F8,0.12302073856912249
CC_607270A72DFD,0.2543673975923464
CC_60738E418DB3,0.1097601522814126
CC_60961DF8A134,0.1434709659765994
CC_609B7A7FA165,0.11237648592593963
CC_60AC5C892D01,0.15091421779287795
CC_60C09FF84412,0.16393589208376583
CC_60C87349D73D,0.3462063969427085
CC_60DA2FBF1FBF,0.09516023866698405
CC_60DA539A39FD,0.1714496714706317
CC_60E974A0B278,0.09164898345072009
CC_60EF7D647EFC,0.08290505418887897
CC_60F525A39898,0.044774424428375426
CC_610009B69EBA,0.6357157868519677
CC_610FDDF5FE54,0.1887862338332586
CC_612C06CB5FF4,0.10311277965533143
CC_61307D82CC26,0.5583467030681956
CC_615030FD33CC,0.7276328492099505
CC_61649241FE59,0.1598409501210124
CC_6170051A606A,0.1894821193942881
CC_6179A630658E,0.09789938015187323
CC_617BD59427E7,0.11554156147553178
CC_617EC8BD5153,0.18949956844161997
CC_6191E14D21BE,0.07924800201669797
CC_61A798B8D222,0.07200273928005303
CC_61B4A983D1A1,0.08551997946458763
CC_61C9732AA682,0.7257504549726129
CC_61DC64E37471,0.05765450546356941
CC_61EAF14033DB,0.1195342447646275
CC_61F18E0C218F,0.0437433967564461
CC_61F1A1263F5B,0.10149470872343022
CC_6209EA426553,0.06321884981444666
CC_622BD8CB3807,0.26099157194395073
CC_6234A9617A7F,0.11681648743365619
CC_623AC074EB25,0.08960463956341454
CC_623FAACE8A80,0.06974534028263832
CC_6244E2935407,0.27630271610599216
CC_624535E11F69,0.05746796077133456
CC_624EA2917CDD,0.7820803898320119
CC_62565D08DDDD,0.7778926234889432
CC_6268ACD3F95B,0.46535815518148493
CC_626B61F4789A,0.6567288685506242
CC_629193C2A090,0.25006068271654425
CC_62933641AC43,0.23658303819202453
CC_629480877536,0.3417864847486221
CC_629CB045D9FE,0.1041385101646232
CC_62A84BC400F0,0.2804798889420211
CC_62C36DF81797,0.1981452864827653
CC_62CC835CAE4A,0.5643818730468436
CC_62D4192F126E,0.752792540247065
CC_62D7A3C9483D,0.05026113366386907
CC_62DF1B99B4DA,0.13739589501256796
CC_62ED7BA3E620,0.04834712642010105
CC_62FC001AFC78,0.11640448889733593
CC_630412B4AFDA,0.19619590154862632
CC_630903AD39C1,0.045459235951157737
CC_630938DCC1B5,0.06512880060700392
CC_630ACED773E9,0.4529212679621608
CC_631E1690D913,0.08150158730326584
CC_633A7C7FC25F,0.2587729333719173
CC_6342051D8FEA,0.2341577753163318
CC_634CE4E8AE49,0.20358147526235526
CC_6359692F5EF6,0.10482277199853102
CC_637278423A6D,0.24314519329870984
CC_6377AB848081,0.08770575068374575
CC_6381A65E0A3D,0.12091010001335234
CC_63871B4814E2,0.11504771803199401
CC_638AD269F05C,0.04594229744435342
CC_6391AE0FB83F,0.15532257525015664
CC_639703EE2ABD,0.03927220329406291
CC_639750C87A7A,0.6517100854212938
CC_639B1DCECD2F,0.15692616405509927
CC_63A869443AC0,0.4429986840599233
CC_63CCEE26BCAE,0.08525884132848421
CC_63D51CECB6D2,0.24915039952265391
CC_63E53402FC02,0.03652329320257726
CC_63FC6895901C,0.11974512270665152
CC_63FC8A97D9C1,0.12725715129238038
CC_64117B93EF73,0.33235745248554155
CC_642D9C325F1D,0.38849101775067485
CC_6436B950E22B,0.19416438572304173
CC_6445BD3DDB6E,0.03254230466997868
CC_645C15569E42,0.1120250830446176
CC_646472AD66EF,0.08653924929572376
CC_646B8254357E,0.14855066839606149
CC_647F4BB4983D,0.6900850535943636
CC_6489ECEEFD0E,0.11900043254212457
CC_64946E57306A,0.049097735175435524
CC_64976830B0B7,0.28377412771996363
CC_64BA10F3FAA1,0.09520301915877243
CC_64BA39A0DFC6,0.09058956555653479
CC_64CF9A79EBFC,0.09815681394109316
CC_64F0E0473D1E,0.08572967445456164
CC_65006C2AB2D4,0.7458399446859303
CC_6500BD19FA06,0.2905891765170224
CC_6504DCAA90E1,0.0682650603736368
CC_6509C7361994,0.1992994323417364
CC_651486189673,0.1519048121151452
CC_65194BAE506A,0.10722740031240544
CC_652539353439,0.14480137083670486
CC_653CE5FA5A76,0.34381271569856053
CC_6560C2F4EDA4,0.16836843941096813
CC_656137F98187,0.6885545550140698
CC_6575B4B39113,0.04323220808329768
CC_657F629D31E2,0.14127337678669044
CC_6580B7583ADE,0.1869115456881122
CC_658477BA75D6,0.03831139016365822
CC_658B7867BE7C,0.10334941958515481
CC_6593FE5349F2,0.0995784140397545
CC_659EE0F05A75,0.2807587493312547
CC_65A0D8134410,0.26471654167714165
CC_65ADD5A19F64,0.1281907771241441
CC_65C3F0F73BB1,0.07665929291758011
CC_65C47521C285,0.053268479847508224
CC_65C4EE0B737C,0.23175293437499986
CC_65CB68404333,0.17491337468276544
CC_65D6DFF1B766,0.10494654391987533
CC_65F1545C35E1,0.19221267263899947
CC_6602547E2FCF,0.21220684476871518
CC_6615D7044816,0.26519351044032385
CC_66244D4B72EA,0.11342793371752347
CC_662E5AAE07A8,0.06752298853160903
CC_66322B339E84,0.060056138186273623
CC_6634FD4B1CD5,0.7999275505379279
CC_663DCEF4923E,0.15788020846816903
CC_663FE5BF918D,0.5641908082065744
CC_6645798E740D,0.11543152745403137
CC_6649736C8321,0.7781255888710044
CC_664E1026C4D9,0.3013314903609743
CC_665603C4A33B,0.06788498524530623
CC_665BDD9C8039,0.3187215540016711
CC_665F2AD58363,0.22491944750068554
CC_666767444BC3,0.21945609878821662
CC_666C0A2A8674,0.08160400201774895
CC_666F2BCDC7D7,0.14886795248070445
CC_66775178B226,0.08373343521141267
CC_667B6F8C846A,0.7422159192182344
CC_667E909835A4,0.25563291901401514
CC_66809C278FCC,0.15483501864549368
CC_669CCC44CFCD,0.08689327932525806
CC_66B0BD3F6516,0.26948559687831447
CC_66BF02C05DD8,0.13306987218835759
CC_66C491256BE4,0.09339518798113104
CC_66CEFA65F912,0.4088058054590488
CC_66E025DB3282,0.6047810193724398
CC_66E7B423A32F,0.7441938401761472
CC_66ED26E7BAD9,0.09654353130833203
CC_66F7FF7735C3,0.18648550874034794
CC_66FD0CE6D57B,0.053476826916512656
CC_66FFFE05C2E8,0.09838954613978944
CC_6700012A39B8,0.149196909590907
CC_670FC6A064F0,0.237192699983202
CC_672932B65802,0.10420054053120455
CC_6742C6478F98,0.16431930472755693
CC_6745321663BF,0.06858682393022397
CC_67579CF57290,0.17144334195731148
CC_675F7483FB90,0.18030156820540091
CC_676ACFAA6131,0.6904450404603694
CC_676B423C495A,0.5604774455183804
CC_6771C0D1CB1F,0.0866681862442649
CC_677EE0369CA7,0.09147916221167897
CC_677FE35855A9,0.17858793835547615
CC_678091614A14,0.11747835187663865
CC_678A43ED0803,0.7239255882136456
CC_67955C210226,0.08820200343181804
CC_6797E0B01112,0.2830205012404667
CC_679D90941842,0.20181237653106596
CC_67C05273700B,0.13853028418684704
CC_67D5172B6450,0.1340328537494149
CC_67E8CF412D93,0.11830128642852877
CC_67F6576A6836,0.17835541804284927
CC_67F985A00A12,0.04665969121267935
CC_6801AD1D4478,0.11719797537480077
CC_6803BFA94B17,0.06717572357192872
CC_680B16E5E240,0.15240717309659382
CC_680F2D0F4F6C,0.08809548166233049
CC_68221E1393E1,0.1047967812996763
CC_6822590B968C,0.21424136229999627
CC_682D8EBCEE94,0.21465900684435876
CC_68429B4AE401,0.4028338055111107
CC_686B26BDD061,0.06810612075833103
CC_687518442359,0.4858282121093501
CC_6875DA61F422,0.1864058098828805
CC_68A3D749608C,0.17129280853768167
CC_68A9C3CE2557,0.09043713625636378
CC_68B9F8C6D9D6,0.6922006542143321
CC_68BC65E3C84A,0.40748347500446674
CC_68CC4D1D898F,0.09283934977940735
CC_68D0ACBD2D0F,0.03228650023356973
CC_68DA8D5488B3,0.09521044403679861
CC_68E675A69AF3,0.1748821453731007
CC_68FC9E6FA27E,0.1177073657125484
CC_69322F7C4CE3,0.09367247085650678
CC_693710EAD59A,0.18577487532457926
CC_69387752F41F,0.5600890552181932
CC_693B71DDFE67,0.13190998461755893
CC_693D4AEDA3A2,0.1330550749436828
CC_6952171BCD2D,0.10715115503403001
CC_69547DEB412A,0.16896493654359285
CC_695E80DBA42A,0.0846433795582507
CC_69717E76CFAF,0.41866063334090253
CC_69741BF89A2D,0.13475322820189517
CC_69825C70EEE9,0.20761613571717993
CC_6985C268DC74,0.3628162633098331
CC_698886C4AD90,0.1288396936661528
CC_6999901A6060,0.1749745106179353
CC_699ABD34646F,0.053617069382391774
CC_69A98DC7A907,0.05653242905824259
CC_69AA6E0DDE10,0.2052165774567715
CC_69AD5A48A78B,0.11540924618264972
CC_69BA7BFF98E2,0.11698898014651801
CC_69BBE365C097,0.044837052003043276
CC_69CD95A00D9C,0.05094511599263903
CC_69D328691680,0.06953350213612546
CC_69D39C9F36F2,0.20241859330371043
CC_69E09390CD64,0.09603374200489334
CC_69FD49E90AC9,0.3452047756330556
CC_6A099AFE73BC,0.1587479737146725
CC_6A099E6C91BA,0.25729168060138
CC_6A19EB191A81,0.044348642857462844
CC_6A39017046FE,0.12056885564245098
CC_6A4A401F2920,0.3218065176092006
CC_6A5261180031,0.057762451987358236
CC_6A7432494840,0.1266047484140108
CC_6A7963180D20,0.38273229570107464
CC_6A7D7E5F814F,0.5698545560948688
CC_6A8B8BBA749E,0.16335210305377432
CC_6A8DFDB0621D,0.1361486305269153
CC_6A93C436E2FF,0.10314858007113843
CC_6A97F81D9A0A,0.11673149795022567
CC_6A9D1622B4DE,0.24943281630856004
CC_6AA6589445C1,0.650218487476431
CC_6AA7A87F59FD,0.1678019796044443
CC_6AADD44C0B52,0.11334117773036032
CC_6AB4A5EBA3F6,0.20458353904395465
CC_6ABA7D0ABAC5,0.12150645326569541
CC_6ACF1E52BE8E,0.09671263700907924
CC_6AD3513459CB,0.11523549319614108
CC_6AD4238EE77D,0.1394923682740649
CC_6ADD0FE5DD74,0.6386399675933928
CC_6AE2737BD3A8,0.15627794286800265
CC_6AE48C1F2448,0.1543841961398365
CC_6B00A666A420,0.593120731467423
CC_6B07C3992304,0.09694646558230595
CC_6B0A72BBD800,0.6318826600345141
CC_6B12B975F2EC,0.36286873830431776
CC_6B12C9507F32,0.15414231866098493
CC_6B34719D93AC,0.5393938591215083
CC_6B34740DD355,0.13168594241510506
CC_6B41081727AD,0.21856461637028943
CC_6B4902892E70,0.0927965326276062
CC_6B5BC2D89077,0.7787930147197082
CC_6B65242C2CCC,0.11461138031389771
CC_6B823BACBE75,0.3023085949826212
CC_6B83E1A959C2,0.3022877227090924
CC_6B84FB3DE604,0.03591451342648258
CC_6B8AABAA752E,0.14895881073067083
CC_6B8AC0DEE990,0.3183413612484982
CC_6BA45C072D40,0.14807985327516404
CC_6BA72ECB5027,0.10627370233939726
CC_6BB560F020BD,0.06862887127980427
CC_6BDF0B68C126,0.030482462640922102
CC_6BF0A9437728,0.12453164260505216
CC_6BF3B9097199,0.1940086483355131
CC_6BF7A1EF31B9,0.1831871997612254
CC_6C29DF49246A,0.08875908533750324
CC_6C3C86C2125E,0.11762109027667432
CC_6C42FF6D7218,0.5627375450403409
CC_6C541A482CF2,0.23235638489501365
CC_6C585A6BFE01,0.8095684496178355
CC_6C5CE36700D0,0.17080349848305323
CC_6C62C2094733,0.07533313769182694
CC_6C66539A9D02,0.2038950532223247
CC_6C684505E498,0.10210386991336931
CC_6C6E40927C35,0.04526861534969688
CC_6C7736F51C12,0.7081187392726879
CC_6C781CEB6F52,0.10301509418404033
CC_6C7E39BF4744,0.10142735807642224
CC_6C9EE9BAECEE,0.07167153919127771
CC_6CA0F076091A,0.12230431898498706
CC_6CAD299645B0,0.1477731357620919
CC_6CC3C50BA394,0.09987465815974267
CC_6CC593C5385D,0.049376373350791196
CC_6CDA4B24C602,0.2746446401015822
CC_6CE31AFF7813,0.06086550085660659
CC_6CECB68DE9C1,0.35529689603841924
CC_6CECD3DBA212,0.11077020799055817
CC_6CF17D012682,0.1763979170530375
CC_6CFCDF903310,0.10185277727211821
CC_6D08B5E62654,0.09055576268405742
CC_6D0F60667273,0.32720816690690624
CC_6D127EE83945,0.08149411947471627
CC_6D134DB29068,0.30539608268823293
CC_6D141A49D94E,0.5842351040996948
CC_6D148C0A624D,0.14779217119380805
CC_6D1EFDDE2EED,0.08672458326099047
CC_6D22B938D7B9,0.0894719628104243
CC_6D27409F4956,0.11165242818337218
CC_6D2F0EBBCA4D,0.2019696326125259
CC_6D43BE30E8B8,0.2537429948735769
CC_6D4EDEAF67C7,0.2703732586171189
CC_6D72571304DC,0.5069560731442172
CC_6D7C62C7C161,0.0572092161576451
CC_6D8A18C28AF0,0.08313914746082778
CC_6D8B35007242,0.10467540402093597
CC_6D93A9E49E3B,0.10596240524352325
CC_6D9C644A082B,0.11181747883516395
CC_6D9F52BD4D0E,0.09303955441695001
CC_6DA058F9B631,0.2536391934725098
CC_6DA1F8DF9CDC,0.21280509291142594
CC_6DB000AEF16A,0.12213262650912843
CC_6DB5025899E3,0.14711509218210467
CC_6DD6FA2FA0C6,0.09124506956903067
CC_6DE4E4C1A31D,0.19417172880978306
CC_6E09CBC15C94,0.47855250664405063
CC_6E353816938F,0.08265864497664539
CC_6E3AB992A5C9,0.1298123846855655
CC_6E420A2FE490,0.16953269184168093
CC_6E46D01888D5,0.1504469828655448
CC_6E4702162475,0.07071385753641096
CC_6E548AF15091,0.19973155345186153
CC_6E5C9A2DA27E,0.05485898159049583
CC_6E610F3976CB,0.20465439887216136
CC_6E614FF9BE02,0.6686991488099704
CC_6E68D46447E2,0.15083463056430343
CC_6E712C21215D,0.03979740982623692
CC_6E84DED41B8B,0.1254029810916309
CC_6E8557E30DC9,0.7089078250204598
CC_6E8963475D35,0.16569545021383753
CC_6E9880CA0BF9,0.2655787451946007
CC_6E9FCD68ED52,0.7084866696825567
CC_6EB194A93F60,0.12334597505269337
CC_6EB370F511F7,0.060565564937743024
CC_6EC722B2BC2F,0.17001503168941892
CC_6ED1B0EE4B6C,0.2094418602854948
CC_6ED65E7CABA2,0.0952205560223019
CC_6EDA84B653B8,0.3079851338026037
CC_6EEE8E7C1D1C,0.17982598984429077
CC_6EF17801ADD6,0.13240037523983195
CC_6EF337CC4BA9,0.26836109635874766
CC_6EF464EC9FCF,0.09098663761021634
CC_6EF6B8AE7DCD,0.05605106478625171
CC_6EF8C59D8395,0.8728215901443633
CC_6F2146FE362E,0.06301134818863559
CC_6F2408B665A6,0.43715936122615884
CC_6F2B8E925D59,0.029218995112097072
CC_6F3034E96848,0.14503115504235514
CC_6F3559ACC2F5,0.04681122919738751
CC_6F46C5897DA8,0.3772257605637805
CC_6F49ECAE902C,0.09121457701452462
CC_6F4B818665D3,0.14583932809011507
CC_6F4E696A1F88,0.2728582410667477
CC_6F54BD66C0EA,0.1967224681235585
CC_6F786C433998,0.08756723720528528
CC_6F78BF56B0C0,0.10194262492340404
CC_6F8346F138C1,0.4252488527081217
CC_6F86CFDB23D6,0.06047105197477182
CC_6F8E30AE9457,0.2118456156495011
CC_6FC25B27AC26,0.09125479005338141
CC_6FC8BE007FE9,0.09165268276741435
CC_6FC8DA40122A,0.17630520194610813
CC_6FD8BAB1DA3E,0.07605165055270745
CC_6FE4FD09A9D8,0.08069858553353326
CC_6FE78CB02174,0.03896622095062774
CC_6FEB8EDBF2A4,0.14795729788719494
CC_6FFCF2DAD0A4,0.0716666323112117
CC_7002034B0979,0.10110934659134124
CC_7006523D45E4,0.09182317810279204
CC_70097151A773,0.10100254392325672
CC_7011BC95A91B,0.04107828936025389
CC_7020F3C11A3F,0.15212800501767665
CC_70306409A3E8,0.2725639113263568
CC_706B18DA7204,0.10594532405668593
CC_70703A59C070,0.18788283210841333
CC_70749DDFF595,0.14116832499692103
CC_7079CE5127A3,0.05923129304999085
CC_7087A46F0AB7,0.11414663780563233
CC_708B73EBD939,0.1184700364196318
CC_709315667BCA,0.09087780244253635
CC_709970475B6D,0.5787516833099521
CC_70A56ADAC199,0.07450696042095692
CC_70ABB244502D,0.059807584040561024
CC_70B0176647CE,0.13474852728593023
CC_70D3353DA1C3,0.08987163443931354
CC_70D652DF4E91,0.09455415748813845
CC_70E3121BFDC4,0.0784325861608652
CC_70E5FB8B072D,0.06852790655597531
CC_70EFECA3FAEB,0.18899519949075594
CC_70F59DA18BCA,0.4579544733139473
CC_7100129A0AFF,0.10119536176771808
CC_7113554E33B9,0.03541421767422375
CC_71260405461D,0.04044811705173773
CC_712677251322,0.17767390707543312
CC_712D31B2785D,0.087441111826754
CC_713052DB1E2E,0.052255951050012545
CC_7139C2D6F1AC,0.10562713087793889
CC_71427FC8FA49,0.17918590540894186
CC_714912E93A71,0.1402131896378794
CC_717A5C2ED311,0.2513931645959015
CC_717C94F5C8F1,0.05578806680848185
CC_718F067F4DA0,0.05518093044567382
CC_719E714DD38C,0.05931621059565661
CC_71B169C874D0,0.13390816851245044
CC_71BB5070615C,0.1342348172272737
CC_71D37D6D19C6,0.16627373305552617
CC_71DC80205F42,0.1406585157455731
CC_71DEB636B8CD,0.639240557059797
CC_71E4CBAA1211,0.1797906483627829
CC_71E787049755,0.09482037403359288
CC_71F1EF5575AC,0.1012771592506917
CC_7201DD8EB33B,0.188029782212532
CC_7202C8CE2317,0.2797168346553658
CC_720B06583C57,0.03970275333054933
CC_721DEC038BAF,0.06832282295653358
CC_72219BCC83E3,0.14551352061633868
CC_7223DABA7E98,0.11411362205852123
CC_7233459FF7B8,0.23276257162668534
CC_7238A8A6767A,0.17468000090894298
CC_724559551664,0.6224081742429132
CC_7248EB4B76CF,0.09937885053144219
CC_7259B5314D92,0.13093908379856686
CC_725CA03102FE,0.06502423426854526
CC_726E05E5A555,0.13043378671001943
CC_7276AEED6D4A,0.07073129769878497
CC_72A18E8D6670,0.03515397093171146
CC_72CDBC38202A,0.5246173387177688
CC_72D8B2ABA2D1,0.6974211062124757
CC_72E4590D362B,0.3393362068195885
CC_72E8542AE4BA,0.04332397766253941
CC_73010B6E55DD,0.6331288037557772
CC_7309A4693D52,0.1818532022360372
CC_730C2A3FF1BF,0.17499016378771115
CC_731C1BCED024,0.5697929424138126
CC_732C325832D8,0.20899566727775182
CC_732DFCAA0A75,0.20015357749805315
CC_73322A6A24B1,0.7726446800288775
CC_7336B19A18AB,0.22362867208090753
CC_733AF1D123B8,0.336974248818221
CC_7344A0E90AFC,0.1021533391668591
CC_7348C2B475B7,0.09859910127480857
CC_735E1A78B058,0.07027633193644453
CC_735ED2A02DC4,0.14188828456740768
CC_736015DE4E3D,0.3723444997955036
CC_736A42761E55,0.10360896362626536
CC_736C0436B98D,0.15127821015260023
CC_7379212919FD,0.08751598063256591
CC_73859CD59E75,0.5694174849841588
CC_738B201B1CF9,0.0743606234772286
CC_738DCB11942F,0.09579117132942001
CC_739198ACE582,0.12021495959313643
CC_739D093D7B69,0.11229805129094964
CC_73A7FC903662,0.17688211215408892
CC_73A8927DCEB9,0.08165370030210464
CC_73B575BBBBE3,0.17311958763009141
CC_73B6B9AD2002,0.06930651638534817
CC_73C28D72A5A3,0.37285739880835195
CC_73C38DBDF9A7,0.10013447898563146
CC_73D44BEF6754,0.41786965772256546
CC_73D4C1D7C022,0.06456944032091486
CC_73EF383F3C2E,0.119788061263465
CC_73F34B1607C1,0.08340678739839953
CC_74137206902D,0.13651369445460806
CC_74198E5EC366,0.07272635134137237
CC_744FB5804A8C,0.7033423247749081
CC_7451E64B6D47,0.16463192482719624
CC_745A64878AF1,0.08499474270776748
CC_746B196CECA1,0.1381174077885267
CC_746C06898D5B,0.6183631037199513
CC_746DE1EED0DD,0.22769569782543753
CC_7476938CF6A0,0.469029182297045
CC_747CFDB7E305,0.07437292327628918
CC_74845374E870,0.6728489428536828
CC_74AD8D3B192C,0.742634878527798
CC_74B90A15B270,0.12313445629999284
CC_74BA5D46E909,0.6874289537037511
CC_74BE0AD5E21D,0.18134507310746759
CC_74C33B66F002,0.16971311098923855
CC_74C9C3F17421,0.08410260291234889
CC_74E4BD5C07D2,0.06968193444203141
CC_750D90249EFD,0.0869821224181355
CC_750DA21B7EDD,0.35304747271522474
CC_750E6537383A,0.2390909194085285
CC_75137D6F9DCB,0.0740933681195967
CC_75173A8A11D1,0.3381265092175358
CC_751DDC1FC2AD,0.0940618014124266
CC_75357E0206F5,0.10351154866152944
CC_753D160E3A58,0.2555932654909443
CC_754447632F75,0.05122000756056007
CC_7549363C5D36,0.10129627194785622
CC_754F3894627C,0.16074349945229052
CC_7562CD43897F,0.0905596526135955
CC_756A077EC614,0.46473251822578654
CC_756D3492443F,0.26395442819871456
CC_75783B3E6C6E,0.06173041456638287
CC_7598068A716C,0.059873587896395276
CC_75A37D8C1F6C,0.6123508482178063
CC_75ABDDA24C26,0.14378850326865072
CC_75B287424E59,0.33123869459267896
CC_75B2B88876B6,0.11380133274775545
CC_75B324FCDD4A,0.17799282644843661
CC_75C1466E61E2,0.2463888630931111
CC_75CCCD9D4568,0.11843103284292794
CC_75D2DAF4491C,0.3730574973026642
CC_75D54090AAD4,0.11990002263886401
CC_75F1927E5941,0.7110179447494411
CC_75F99AD6844A,0.2758655784759664
CC_75FBA505C727,0.2222412721922718
CC_7615CC930B76,0.14234628544885375
CC_76168488EBB0,0.27642946714529787
CC_76197A77D666,0.037806237298333746
CC_761F48F8E962,0.18337586494608
CC_764C6ADC6D1A,0.09879784848463882
CC_7658A6B0910B,0.05034797750836987
CC_766347951B7B,0.6101528269485345
CC_76857712D8F5,0.2843801496965129
CC_76A0DF2549B7,0.09356928726539825
CC_76A636414AEB,0.11214672948806531
CC_76B01540CDD1,0.10723603803811331
CC_76B420FC66EB,0.08283517950710773
CC_76B6BCD2EBAF,0.11072926766853208
CC_76B7A0029620,0.15408306203988878
CC_76BA435EF2AC,0.14675215982765832
CC_76BCC1AFDA4D,0.10734923648648692
CC_76C35913E797,0.11514378526559103
CC_76DE3DF1DEE3,0.1610662118853349
CC_76DFA4CD068B,0.09601777147677909
CC_76DFE3568C72,0.20285003723587122
CC_76E201F1E036,0.33772936985763335
CC_76E83166FE0A,0.13504838752208323
CC_76FD9E9D9ED0,0.11162799802263347
CC_7720BBD06736,0.3553930622013496
CC_77340228F356,0.7097854596963931
CC_773CBBCBAFFE,0.109192457530289
CC_773E9B092923,0.14331273749679177
CC_773F22C3E42F,0.05703917499783038
CC_774ED295BF96,0.13953869207104552
CC_7751ED6DF76C,0.0627453979860422
CC_77571749B970,0.11681157126980596
CC_776F8B3BAC08,0.09570729284678194
CC_777889F9694E,0.05495892138935043
CC_777D08513AE8,0.09009271736090073
CC_777E3D988EFD,0.22532537880135006
CC_7795BEDE05E8,0.29523505004268225
CC_77A9EA3A6784,0.09221431187399017
CC_77B1AB7960A9,0.19562152994793988
CC_77B6EA810549,0.25647723335364153
CC_77B9889C9BFD,0.23175359577546412
CC_77BC55DC92B6,0.13712801870136831
CC_77D1DFCB0A8B,0.047817270521054306
CC_77D9AC43DFE1,0.21329334295474286
CC_77E6EF1CF2F7,0.14361016901493517
CC_77FFA8E6B36D,0.07281082967317618
CC_7801661A9DC2,0.1524915886088229
CC_78069B1BD931,0.12705777720214464
CC_780828B48716,0.05952692786955965
CC_782130B98F34,0.11202479053018036
CC_78273789B3C5,0.7222467212226893
CC_78296783E4EA,0.19356966643546208
CC_782B06291D87,0.068637462561211
CC_783A2D4C89F9,0.37903288680151154
CC_784407E16923,0.0833542993041263
CC_78491B6255F2,0.3772255230718324
CC_784F17AC712F,0.05853723975953342
CC_7852FC3BBADB,0.08832958769294899
CC_7866E4CE528E,0.7759699782055586
CC_7867E7C01013,0.19434512970836143
CC_7869F609EC2E,0.18540229364805158
CC_7874F14ABD7F,0.15134666101038163
CC_78774E05FF12,0.1376220880308175
CC_78815A352067,0.13630968362943133
CC_788FF4549766,0.2456027851031059
CC_789977501322,0.13722784990860687
CC_789B2BA880E7,0.05502593987812361
CC_789D87F51AA1,0.07405319254593029
CC_789DC3C358CB,0.17410178248508787
CC_78A036DF6320,0.6982926888201118
CC_78A3EA63B7EF,0.036108872535996026
CC_78BF1B8FC1CA,0.10860968243744534
CC_78C96E7015BA,0.6524402366893313
CC_78CC84FA2CE2,0.26483545087241667
CC_78F0087076CF,0.17679167199405496
CC_78FAA95F5B5F,0.1752607967371729
CC_79033EFDE096,0.11549892132701683
CC_79086C18A963,0.1448821220577514
CC_790DA2ED9F5B,0.09970381187690756
CC_7928811F7D86,0.10513256967920886
CC_79345478FCE5,0.14235931334362315
CC_7936C8D65B95,0.12431701696328963
CC_7948C5509411,0.5070123122488552
CC_794ADB0677CD,0.12191578719794412
CC_794FF8E7F876,0.04243204610809246
CC_79500EA652BC,0.5903101231186715
CC_795083A66DB5,0.04818315026109391
CC_7950D4B773CF,0.15610121249842962
CC_7955AEB49759,0.176533660948351
CC_7964F862DFA3,0.4661856487734793
CC_797A700CF967,0.4364202317490358
CC_798180DDF677,0.3637723615590245
CC_7981ABA9C370,0.10682394214133982
CC_798B2DC03C5A,0.06858254642093163
CC_79BD986C23CA,0.08635378707503992
CC_79C6BA680815,0.4585759506216907
CC_79D694E6F5AF,0.25561710021071105
CC_79ED9A0F6E49,0.4408882411937624
CC_79FA2512E5A2,0.1644124318257815
CC_7A0024F6FA60,0.26085459791068294
CC_7A193A453F27,0.05711406403618283
CC_7A1F071DC5D4,0.28540876219787764
CC_7A5D96BC99AA,0.8131134447347717
CC_7A6B51562949,0.15011809092435024
CC_7A6D7F9654DD,0.4026098714560663
CC_7A778E010F33,0.24041726675144517
CC_7A7FB841B669,0.5475175449260365
CC_7A91013D31E1,0.12611396200485103
CC_7A9117596769,0.07139957378981983
CC_7AAF340DCE8F,0.12116500153371616
CC_7AB146267981,0.2047121885992116
CC_7AB2A9CC8424,0.21538175376766203
CC_7AC1DF18CBA4,0.24742872014443187
CC_7AC4240DD225,0.3650394227211194
CC_7ACB325BD924,0.17886231979582082
CC_7ACB88002397,0.576921962905165
CC_7ACD4F370AED,0.2377787266923636
CC_7AD4072A9F82,0.05949665736821855
CC_7ADEECDE4D73,0.18416061993703647
CC_7AEB48D8C5E0,0.1286677956977711
CC_7AFA5CD2B29E,0.09455205658739996
CC_7B092786DDB0,0.0493487189727269
CC_7B1B35D5628E,0.04555528793385819
CC_7B210557F04A,0.13586435077852158
CC_7B369A7C1D3F,0.1424109993834579
CC_7B4002591821,0.6975771547409929
CC_7B42BD80D79A,0.24860165168057635
CC_7B44FDF08B93,0.13069404156983214
CC_7B501C32CAE5,0.05786593733118523
CC_7B88520D4FA2,0.3716911995392086
CC_7B8ABE6E552B,0.15883121977192097
CC_7B8D2E07908E,0.46764326668299966
CC_7BA150468D19,0.4706461534767733
CC_7BB159FCEB53,0.173108134393795
CC_7BDD72710831,0.06802879671774897
CC_7BE02C65B967,0.1548584660224871
CC_7BE382988C1C,0.6449874299590229
CC_7BE6110DBAA1,0.2870578313941844
CC_7C0B14BB0573,0.13437768916336817
CC_7C0CF5558904,0.8251757462431435
CC_7C13E7F561DA,0.5697749180714294
CC_7C46F7F667F3,0.12940442419739664
CC_7C510CE0521B,0.07997839806931764
CC_7C61B5D39E49,0.38931880204315805
CC_7C6770DDA182,0.12048090178480386
CC_7C6DBF78A610,0.09939077759165854
CC_7C7B0438E3AB,0.17615281428807172
CC_7C87DFBC3176,0.11566010525450969
CC_7C9528E94215,0.2711021700235744
CC_7C9ADE65CF81,0.1283218949528357
CC_7CB6CD1B9DD0,0.04810245282861154
CC_7CB7C7E55BE6,0.16927535525492693
CC_7CCC3A690325,0.09883751520729672
CC_7CE5689488DB,0.07852067361493421
CC_7CEB758A9814,0.07285275123692604
CC_7CF7443D923A,0.09097393377175532
CC_7D0D597690BF,0.08705583084417319
CC_7D0EA0307817,0.03916203811285261
CC_7D12E6FF25C3,0.11760943124079476
CC_7D28D39AED1F,0.6041978094914657
CC_7D2D19D832FF,0.09348807434339255
CC_7D34A67E1369,0.06983599320109116
CC_7D4388B41EB9,0.22013991699534705
CC_7D46FE573D79,0.09175931099978883
CC_7D7810799F2E,0.057784144826914456
CC_7D79241150C8,0.12879865853912179
CC_7D7B92EF2655,0.11405304717470441
CC_7D8C2495C1F7,0.09699987806858203
CC_7DA4F1BA24A1,0.708737439577653
CC_7DAF18939084,0.06965602409493711
CC_7DB8BA427410,0.08288161578304176
CC_7DC9456F1161,0.06307053676544402
CC_7DD2CBE0F0BC,0.2363470344428806
CC_7DD495158BFD,0.7017592874765481
CC_7DD5411F7A14,0.2717406239457073
CC_7DF099A7A092,0.29228773789998513
CC_7DF27D2AC111,0.03316790928728327
CC_7E0CA072EF93,0.07144008720271423
CC_7E0DA100F5F2,0.1696488176729321
CC_7E1086EFDED5,0.050490438733932344
CC_7E12E0F3CF6D,0.10505935845255203
CC_7E178CE78FB8,0.09846844810086383
CC_7E1C1A6D0E9A,0.21856709856647658
CC_7E2A76850DF6,0.7728242106328883
CC_7E3ACB15C69D,0.10527697877928818
CC_7E3F3373A73D,0.7413778015050867
CC_7E42A3D0737F,0.11567520249744803
CC_7E4679C534D7,0.20258755458236313
CC_7E53FEEB19B1,0.2280384042646649
CC_7E71CE7FC603,0.17937774038856685
CC_7E8333DBAEB4,0.34868383080657805
CC_7E843438DE4A,0.07124419603102954
CC_7E8E4747C0D0,0.5339546862972306
CC_7E952828C1B5,0.08599324941552806
CC_7EA6431FE6F5,0.11059782655747577
CC_7EA7BA7621C3,0.3477551474985253
CC_7EA8F24B3010,0.08872300042716877
CC_7EAB28B0309C,0.05641070378611304
CC_7EB4A5BDA97E,0.10934870603806215
CC_7EB4B0A36534,0.10043954074252094
CC_7EB791F4AB2E,0.12153910137851992
CC_7EB883C9D5F9,0.04875512377637161
CC_7EC59C577F02,0.08402618127039528
CC_7ED2683D26DD,0.08107770653245422
CC_7EDB3440E0AB,0.6513011568935985
CC_7EE12013C7DF,0.17003129947089388
CC_7EF824CC0D3C,0.15858583999037323
CC_7F09C6F6321D,0.7362982998339408
CC_7F1AD40DA179,0.18332904039783912
CC_7F1D38A39164,0.10236642627057246
CC_7F22B7D326CC,0.14248222606395392
CC_7F2614F1AAAE,0.232086793381141
CC_7F2CDC7C1634,0.05927476105355541
CC_7F2D46DF9BC7,0.13767345266668407
CC_7F57A90B69E0,0.24037539591827173
CC_7F633226A676,0.29447545480765597
CC_7F753D809267,0.7458030865456395
CC_7F7EBF25AED7,0.03202829768330706
CC_7F8496CC5779,0.03782652333666191
CC_7F88D9C5D258,0.0697346674144631
CC_7F8AB4DCA794,0.1423779798730649
CC_7F8CC9509418,0.2643112886425903
CC_7F9069571F79,0.31602528521524537
CC_7F9AD27E079E,0.1896110303856191
CC_7FA281AC1C7A,0.07444349747960154
CC_7FA389E90548,0.060332516435440665
CC_7FBF4A48AF55,0.06429338841764705
CC_7FC40175A8E1,0.2746292097099751
CC_7FD58EE7029D,0.09405219310240949
CC_7FD7F635C341,0.07204376764354839
CC_7FDD458DA059,0.26206682760136685
CC_7FE85C259E03,0.10123772450603367
CC_7FE8CD30D7E0,0.10296094062029665
CC_7FFA32DE7B04,0.1622879003634564
CC_8014F1E2C5BF,0.054567051816343796
CC_8015895C1C29,0.1835914742475204
CC_802BA7E39A13,0.052958697764231594
CC_80300D23C3FE,0.43986661671664146
CC_80465303B6E2,0.17684291075163874
CC_805ADFD46B84,0.06941018271480144
CC_8060F40D9522,0.150442940200374
CC_80621E822131,0.07098195176059519
CC_806654B580B5,0.3895699729293137
CC_806CFD6A52BA,0.05540170501210504
CC_807935BBEB7F,0.04763396010182972
CC_807C57E626E4,0.09272784514844776
CC_807C91C98684,0.04678656503699668
CC_8096B589BB07,0.1085768755201852
CC_809D60155E9D,0.0900837716666588
CC_80A2189E5125,0.5170916425986635
CC_80AF87F62770,0.1481777595908738
CC_80C03DF9CC57,0.22635284029056074
CC_80D9B6563750,0.5407392026256467
CC_80E9638ABD4B,0.043087475925612934
CC_80F7171B71CF,0.1339479453828693
CC_80F9983BC18B,0.08544956747971956
CC_811109A98EFF,0.09260008575518597
CC_8129480B056D,0.383288974408957
CC_8134E5DA9FEB,0.6076734590508004
CC_8140399AD344,0.13749655293641957
CC_8140E278B6A0,0.2565703672922608
CC_814E0F756757,0.44140992211485297
CC_815FAAABFC91,0.10182783109569453
CC_816B28807CED,0.0765381947236163
CC_81821F9F2307,0.5643958836521781
CC_8186D7991EB8,0.06798688300368567
CC_819E203180C8,0.8036353103614384
CC_81A5E3141BDA,0.4233068239378377
CC_81B5CED8EE79,0.1297113390872148
CC_81B91198E00D,0.7366797967003538
CC_81BADC379C8B,0.19813787822909612
CC_81BF8EA390F7,0.05989405856444824
CC_81C5FC962C72,0.07769701296696373
CC_81DDBFAF1CB6,0.06924020255538628
CC_81DE637E6138,0.03080978091715126
CC_81F389DEC9C5,0.10400543938523683
CC_81F647806849,0.11895345900226255
CC_820D491B2903,0.7327496345361079
CC_82172863AA45,0.25281356798073706
CC_82195FBE9366,0.04997308034551546
CC_821F503DA953,0.11278495385782536
CC_8221AF9B0B93,0.775103659660368
CC_8222D1C47857,0.07856194531358376
CC_824BB6CD2B25,0.08654599941315909
CC_825192411933,0.11207227642545296
CC_8270E213EDF5,0.15529279574658925
CC_82839CC161E8,0.08090722122776982
CC_828A0B6D7291,0.07946609838954953
CC_828EDE22A438,0.033629767563546416
CC_82928B5ABD45,0.2769362939696906
CC_82A7FE954659,0.17209030096787475
CC_82ABE1FFFA1F,0.07793711408060176
CC_82BDFA01C41F,0.14203881359228027
CC_82C20057CB4A,0.10931612664870147
CC_82E52529A567,0.1673992556733901
CC_82EFBFCF68AB,0.12733106944260036
CC_83092F58B321,0.11180982283147828
CC_83098B4BBD4A,0.09622572477046933
CC_831F9E623C5F,0.1631720369529122
CC_8326C8A3D569,0.10821023689580388
CC_832730F42A18,0.09956449504259497
CC_832A44C3F2A0,0.08484935674058072
CC_832EBAE498AE,0.7342978732658351
CC_833B196A70F3,0.66559675272199
CC_833E14DFF4C6,0.10314637615549631
CC_834092035687,0.340039412332133
CC_8351244DE3CB,0.05220907201622902
CC_835B90025058,0.05314620890581425
CC_836534CEDFD3,0.14481925975595128
CC_837ADC1EA55A,0.11587954941851623
CC_83884D799788,0.15482495558192524
CC_83947255841B,0.12481444331122675
CC_83A5A3022ADF,0.7963955114599434
CC_83ABA98906DE,0.07787719795890848
CC_83C75D07414A,0.37609541781716377
CC_83CBA767432F,0.7047587422734944
CC_83D342F53F36,0.1696253708187534
CC_83D5CA2A23C2,0.05315565420646497
CC_83E002D6D82D,0.16147494488397512
CC_83FE1BCC83E6,0.21095968662727566
CC_840E5B830DB4,0.056323713258098665
CC_842525788FC1,0.15042540818755837
CC_843076C8EB9E,0.25585339824525677
CC_8442C97EE91A,0.1600362247669806
CC_844C3C30ED67,0.1210613357877558
CC_844E345D2636,0.11398637932825038
CC_844F26E92B12,0.22768263672927705
CC_845032D8A261,0.302122585475548
CC_845223F606E2,0.34344049712183394
CC_846F5B19B110,0.29295830210012613
CC_84797EA9ABF9,0.25417035640910257
CC_848D59D48081,0.19203574022352232
CC_84AB057BFCCA,0.08402229044781112
CC_84B0BA112537,0.06355713414339119
CC_84B8FCEDADD5,0.06582509849958229
CC_84C61A6BE99D,0.08342857639555314
CC_84CDF830F68F,0.09643324151851554
CC_84D5B88572DC,0.19964399900902519
CC_84FABECED186,0.11628592250820467
CC_8503F43FB29C,0.20526483972612763
CC_850ACB004EE2,0.07505551795635673
CC_850B114489CE,0.10856674597411099
CC_850CC17BB13B,0.14312116365952282
CC_8518C159BDE6,0.16105276186991724
CC_85299261146C,0.10836767109712651
CC_853986C52A17,0.06033006351926386
CC_853ABBECF2E1,0.7874689516571112
CC_853BF4485D85,0.23420983514602206
CC_853EED03843B,0.09424124609970495
CC_853FD1B551B1,0.15575471961080262
CC_854AAA98CC0C,0.7700917675867849
CC_854F8AB5F1FE,0.0341191163246124
CC_855E2A785BAA,0.09505875168254113
CC_85614CA68432,0.059619183097418746
CC_856B92B23BB5,0.7782881575483808
CC_856DF4A30E13,0.6480574613170181
CC_858704DBD5A6,0.07350859622355718
CC_859EF0AAA74A,0.04557212702226572
CC_859FB710961E,0.08931809959847525
CC_85A0EB3C9884,0.581307927761511
CC_85C887BB996A,0.09928405500274387
CC_85D9A6C9CA60,0.1476257585006641
CC_85DAF10E61A1,0.5409784855540425
CC_85DEF8ECB524,0.1229353900817122
CC_85E2E0B8B15F,0.6813034541114027
CC_85F018DC47FC,0.32653864439957253
CC_85F376B33951,0.12342091596501022
CC_85F745E1D307,0.14352403505897082
CC_85FAFB430486,0.24468481153367574
CC_860D4B868C17,0.031726823715303186
CC_8614E30C9FCE,0.5526909655592367
CC_861F5DC22035,0.07886625843939285
CC_8624ABB391B1,0.19831076622104035
CC_862BAB422756,0.3173935685847957
CC_8642F98E5504,0.19859650491841593
CC_8655B8862C81,0.09902415139820592
CC_865FCEE75A8E,0.03753468430406264
CC_867372811CCD,0.4340137768368543
CC_867695B5C296,0.49434060510575534
CC_8682B1F914ED,0.1432673284335488
CC_8691DF144B92,0.5085317766122924
CC_86AD259FA5B1,0.10667441119296929
CC_86AEC21936BB,0.740071459293866
CC_86B1D15F8424,0.06664823166295732
CC_86C2A6EC5712,0.6628815457461763
CC_86CF816B494B,0.08107045447192285
CC_86D4D58B1D0C,0.15075199942242698
CC_86E2C4E17CB6,0.062279264679772336
CC_86E9E191E3CA,0.3190133385821477
CC_87000C16C856,0.09718399523555368
CC_8703DD5FA02C,0.16998103348363028
CC_87065B1F429D,0.10704042707876156
CC_87434BBA1CE7,0.05110194233377261
CC_87450EA8CD55,0.6302600960740192
CC_87480F785786,0.09533542776946717
CC_8777EA6EBFD4,0.047392524469231645
CC_877A35E76904,0.08798631979901417
CC_877B37D01563,0.12641986400259353
CC_879759A5EFB8,0.3741304782963584
CC_8798AF2651BC,0.1645917673521954
CC_879989FB3B92,0.4930298799950738
CC_87A3BECEE5A4,0.13586745776361273
CC_87B7CDF4BDDE,0.05879283494321171
CC_87C13E620006,0.20982766727905636
CC_87E3AFB080F8,0.10543362215812119
CC_880044F77ACC,0.1199056285667622
CC_8809BCAC74A9,0.0353392309496205
CC_880E0019DB5D,0.04061952303032274
CC_880F027D886E,0.13890487484272124
CC_8812BC579F7D,0.09905959370234234
CC_88225FE57D82,0.23760478789462705
CC_88315318E9DA,0.3417755066438352
CC_883864E584A8,0.08513191658910567
CC_88469BAD58C4,0.05922758349991922
CC_8854EE679596,0.05328504444503667
CC_886273CC4072,0.07022922150931829
CC_8866B6D4524F,0.27227272621902804
CC_88A943606806,0.2986511117653126
CC_88E916A3F984,0.8490760118939586
CC_88FDC55C31A4,0.16193403598895845
CC_890D5EE59076,0.03114448550646101
CC_890F721517F2,0.09754427872281189
CC_89129D16418A,0.3400525016884026
CC_8917F02F9326,0.13517976135442364
CC_8920B6584A43,0.10724962707252705
CC_8929DF270419,0.7585848755861255
CC_892B119F0E5C,0.15910833261593155
CC_89302456B9D5,0.5549276193911095
CC_893FAA6D1F04,0.730514103568433
CC_895AF697BFBB,0.2549072594599268
CC_8961FF892F79,0.026237938084195247
CC_897674493060,0.08267399994551389
CC_898AFCD28B03,0.11493131493001882
CC_898CC919D10F,0.16556156477194695
CC_89A711195EEB,0.12910782681895144
CC_89B4DF07DF12,0.10400606947531617
CC_89B941079E10,0.1440358985292792
CC_89B97E9FF67A,0.12189649067730825
CC_89C5162E8055,0.1788280351108427
CC_89CA0F1E2DBF,0.2140002547895294
CC_89DEE29A78AA,0.09625897180024846
CC_89E089707730,0.1744146315755151
CC_89F0B865A6D4,0.150114753806714
CC_8A04C5D4D02D,0.08007692485708126
CC_8A081AA1FB92,0.3438131097368083
CC_8A0C640E7A89,0.5149443970036888
CC_8A12B68246A6,0.06824221540412669
CC_8A14A46B280C,0.13903587603385575
CC_8A165A18560F,0.23070838210338662
CC_8A19196788FA,0.08567351083901166
CC_8A25FA445037,0.1345118464074274
CC_8A29EA87B295,0.10233938800548502
CC_8A2AC87CB22A,0.06250001051726474
CC_8A34634E7423,0.5716449302267945
CC_8A38BC1AFE57,0.15904620480770043
CC_8A4CAF0CD0F3,0.11502372829911807
CC_8A5A0429CAB0,0.16452656087871265
CC_8A6E60FAE870,0.08972924378536587
CC_8A7DA054E397,0.7790676778209024
CC_8A7F5FF4B421,0.22751036745030992
CC_8A8249A44847,0.16278545429897254
CC_8A8BCE16DF45,0.08023887533472833
CC_8A8EC764734B,0.07035928780716767
CC_8AB553BFA00A,0.11600297112379747
CC_8AB57DC077EE,0.6235534394786544
CC_8ABA5808D313,0.06558558078177146
CC_8ABDD9A05C87,0.40984640347239587
CC_8AC7520DBCCF,0.12814253923362706
CC_8AC7F8BABF28,0.093904552769459
CC_8AD67FB3A5CC,0.7154006086386766
CC_8ADDCF5EDCC1,0.13519453161135211
CC_8AF1C3A0799E,0.7324059568535767
CC_8B388FAED0B6,0.11156057038541364
CC_8B46CA903D09,0.032168281342483826
CC_8B5819403FC8,0.7396859315357841
CC_8B581B8207A9,0.13445489395813848
CC_8B6DBEF19F46,0.12551024048214687
CC_8B8326C4C229,0.1463310746512095
CC_8B850FDCFC83,0.09917007115038151
CC_8B8F41F19B72,0.07426677352637885
CC_8BAF98C60957,0.12520625913780012
CC_8BB0824B181E,0.07253825808148685
CC_8BB963DAD9E2,0.18343447447771266
CC_8BBF5F939D7C,0.12350805485174272
CC_8BCBDCF4DFF1,0.08456452784138847
CC_8BCE343561CB,0.6926548835757922
CC_8BDA87361657,0.09749198252252891
CC_8BE68A4DB87C,0.07169577853276911
CC_8BE9BBD879A5,0.04277698509284777
CC_8BED85B91011,0.33977302630832523
CC_8BF68E552DA2,0.19794509354354559
CC_8BF832E6464E,0.7884118742120071
CC_8C1561920E84,0.23116872453554424
CC_8C2A7D9A667A,0.1842445286963729
CC_8C3A5DFE70B9,0.17313504474244318
CC_8C534CCBDA4C,0.1917450116857966
CC_8C6472A3EEAB,0.08300193674996828
CC_8C6B4854D16C,0.17451990239193388
CC_8C76DE4F58D4,0.104757344918182
CC_8C7DA3F4F88F,0.10345439991437436
CC_8C8527DE7DD7,0.12601255132429698
CC_8C9416612FDE,0.4408807428427116
CC_8C9973F02AD6,0.3369502884697044
CC_8CA1DB61A2AC,0.07606146806905342
CC_8CA59CAE22F6,0.20643226913939391
CC_8CAFD04A6EDD,0.13043411933207205
CC_8CCCC389913B,0.646082779911901
CC_8CCEF12DC7B9,0.2032564949489221
CC_8CDCD714BD1F,0.7838197542181398
CC_8CEC7987D1B1,0.07594417311464753
CC_8CF621ADAC0A,0.21390744379585477
CC_8CF8FE2A4B82,0.40043305416943115
CC_8D048396D9D5,0.10448895753114645
CC_8D1089C58563,0.5797418230438501
CC_8D35A37FC4B1,0.1546318270913946
CC_8D41E12FE5B6,0.19100375216314225
CC_8D4A859839EF,0.1736534508616339
CC_8D4AD431C55F,0.18125406817950337
CC_8D4D882CA579,0.10246024140742979
CC_8D6151025078,0.16860992377447487
CC_8D637233FE54,0.11924061274212405
CC_8D6AEBA2D7EC,0.09281071959139188
CC_8D6E16DED971,0.19738705689810557
CC_8D7329F79BBD,0.5004766426167734
CC_8D7B7307C43F,0.09877427122234429
CC_8D7B9D4936EC,0.76228601620793
CC_8D80B1B44AE1,0.48796313081250076
CC_8D9516D61143,0.4920518196169057
CC_8DBB8445786A,0.10889590182620906
CC_8DC5B86D9DCC,0.7020402635813584
CC_8DC6465998DD,0.12310399373919532
CC_8DDD0EDA9CB2,0.12681546812616615
CC_8DDEF0265CB4,0.07931526670556088
CC_8DE06BEB95A1,0.10725584074119761
CC_8DEBB5B14A14,0.11552213416278737
CC_8DF5BE7F759C,0.09051603193741052
CC_8E0ADCC71F85,0.0429928953773773
CC_8E0BD86F6F0E,0.13391357676547408
CC_8E143BFCF3E5,0.12273949559632272
CC_8E170A60D71C,0.3438336045291569
CC_8E1C3A21FAEE,0.11352559676255665
CC_8E408E18F060,0.09857290736624408
CC_8E42FB163DA5,0.7755442851199644
CC_8E47536D29BE,0.20489389339750388
CC_8E50AFFC5BBD,0.047696579049761184
CC_8E5FB1035354,0.15699837610674497
CC_8E7B9B8DD1A3,0.11894923694240876
CC_8E85B08196AF,0.06525223513318054
CC_8E96FC75AE5A,0.09109835135114237
CC_8ECAB5A6C7B9,0.054626566487974995
CC_8ECC4C7A6638,0.5998003451453793
CC_8ED6F13C35F5,0.15718525452033472
CC_8EE5E9467038,0.1138503441858563
CC_8F037E5AE692,0.09805483356434502
CC_8F1A418D96B3,0.27448559296164293
CC_8F1C4014F91A,0.15474909290994654
CC_8F30A5FC9D49,0.09405322142353864
CC_8F3456F298F7,0.2736723001625753
CC_8F393D485C29,0.15488778317694862
CC_8F4A41130110,0.07647043778557691
CC_8F7AA6E4D486,0.1633648036091858
CC_8F887BE25314,0.15534163129402653
CC_8F90CD1A5E00,0.1772490517731955
CC_8F9B26042C4A,0.10038569528341822
CC_8FA9423E65C6,0.10999851493589952
CC_8FBA6C32E0A5,0.2309822252682425
CC_8FC1C50C41E7,0.10644844940348719
CC_8FD005425792,0.09057923435891592
CC_8FD6A223135B,0.1345613968135062
CC_9002450E1B5A,0.053926293848676546
CC_901CE62199C7,0.3390685141091497
CC_901D2136E1F9,0.13135044033900406
CC_902648F62345,0.1338654805295271
CC_902BF0612E70,0.12417709172399718
CC_9036F7423277,0.1329377352000033
CC_903AD2767BAE,0.6287455767627194
CC_903E4BA690FA,0.2617819938159684
CC_904386E31210,0.07375568334912048
CC_904EA6C846F8,0.45871418862767804
CC_90549DD3CC39,0.13376615395543046
CC_905739E5494F,0.10032739630445098
CC_906F852C69D6,0.6720322140589989
CC_907911F4930A,0.29558398408720166
CC_90798A7273BD,0.1369011275208185
CC_907F3A8AFCFB,0.09913087358687771
CC_907FA7722881,0.1024518176824845
CC_90812D9F30FE,0.10810730762209232
CC_90870A89F310,0.0666231264988215
CC_90894CA021C3,0.7075620499825389
CC_9092C5EBF5F6,0.05510016525672723
CC_90A10D649D9C,0.6006449734135024
CC_90BF8E127519,0.641788538158113
CC_90DBB385A7F3,0.6790074755289814
CC_90EAD308012B,0.2781396496264666
CC_90F4BF0B868D,0.07103351472216889
CC_90FA39516EAF,0.07877390859020532
CC_9117894F31C2,0.15166606670492855
CC_911ED63BB556,0.3011857535696952
CC_912730AE6E8F,0.2625147126567308
CC_912CA7EE4C26,0.14592975475462536
CC_912DA46AAED2,0.11291030621074964
CC_9132E67EA479,0.11533950263598294
CC_913D95FB31E0,0.1879085494406413
CC_91529F20D461,0.7584233743627934
CC_91586318C780,0.04209883621806451
CC_915F2708219D,0.12123725040138078
CC_916CCF9CBC08,0.03530860637716643
CC_916CF77A29CC,0.07908715949329531
CC_9189E4FF82C5,0.0905554731937785
CC_91A27CB6139A,0.19241621737755124
CC_91B7A4A15A37,0.6308226616520257
CC_91C2077BA6D7,0.042070463728835834
CC_91C4CC43EEE5,0.15327999150226873
CC_91C55BE33AC7,0.0858295671428879
CC_91C81BC58B49,0.049619090010039175
CC_91DE12EE18A7,0.3591579470273146
CC_91DED13CDCD9,0.13147131863944325
CC_91EF639761F8,0.13416452233251946
CC_91F23A7E743A,0.3790922516601548
CC_91F4C5E889C7,0.7320255980736877
CC_920E91EB28A7,0.18894972263592055
CC_921481F5F77E,0.13182505367204653
CC_92221DB27176,0.212509556972847
CC_9224D5677C66,0.13747271367884953
CC_9230B9656F93,0.1956164579918423
CC_9231D0F8A993,0.7708426816767547
CC_923727159A8F,0.0773115963011337
CC_9248706729D9,0.07107946287644609
CC_924AEB5DD991,0.33595221297650907
CC_9250BA851692,0.3002195530463426
CC_925BACE3417D,0.10146714290532814
CC_9260CD0D7C0A,0.10387051353816533
CC_9285EB21B38A,0.09421381819790288
CC_92A09F03DAB5,0.7662347794237487
CC_92BC35D7F9CD,0.09277793707479404
CC_92C5FE9E5B12,0.6589589216826485
CC_92DC8CF8C902,0.09626558613402243
CC_92E006664648,0.2297183710326913
CC_92E4EFB9F0DD,0.11308077283971442
CC_92E621E0298E,0.2112749373296834
CC_92F412AC7D22,0.07582790217799887
CC_92F42886B7E4,0.15714869487255229
CC_9301E23D376D,0.6265042545682403
CC_931133320380,0.21704944155967676
CC_9314B6D8B7F2,0.09127207519110764
CC_9337E3B43211,0.14417665582903605
CC_933E044F26DB,0.07915565438995381
CC_934BB89938A3,0.09694816092594935
CC_935296A995DA,0.12348868840653904
CC_935326AF26E2,0.1732509347128145
CC_935B72B8E7F0,0.05773846500615925
CC_936FF3C9BE68,0.05165559392424568
CC_937FFE1718BC,0.03575824838749609
CC_939F92AEE460,0.8170945440254047
CC_93A4365B25CF,0.791000795760822
CC_93AB9D6A7EFA,0.10220588925092992
CC_93C719738590,0.8644442366911183
CC_93CB48930B37,0.10838504931583257
CC_93D24FAFD21D,0.09642850493022158
CC_93DB5F477493,0.1251575631035593
CC_93E1CAFAD44D,0.08347135342202312
CC_93EC9F853123,0.2176840908198865
CC_93FEAF515A8E,0.09366813128827647
CC_94063A67F136,0.2739948263514992
CC_9406E32819F5,0.07696734130743138
CC_940971CBC1A4,0.14759673885808408
CC_940ADC8DEA3F,0.13837551559446049
CC_940C7E8E0C52,0.22416579334772696
CC_941DD2E1DE56,0.13726706459211918
CC_941FC1FD0D55,0.1962758661913915
CC_943B720DB5BB,0.11213788417124056
CC_9440309323A0,0.12442543833028388
CC_944B461BC558,0.06561077738667898
CC_9453654BACE9,0.19107158179737418
CC_945888CEAF10,0.3423924427798301
CC_9458D4A483A8,0.101079238095713
CC_9464BA7E98B9,0.09835572760349338
CC_94794B478A5C,0.4306808694674881
CC_947E58EFF90A,0.08562258759066715
CC_948537FC17AA,0.7236510913440387
CC_949576D25153,0.07722444531813366
CC_949B8CEAD619,0.07438925610360418
CC_94B4E05906A9,0.13033407391072407
CC_94C3B6F3B0CC,0.14636870487272854
CC_94C3D9D8FBF3,0.6318126387242075
CC_94CD530B2099,0.0802564867449072
CC_94E9D1E527E6,0.024536506241180946
CC_950450C0845E,0.3374758663849639
CC_95169A4360C6,0.06446557537649893
CC_951A69571676,0.08974044184499574
CC_95232636844F,0.18134030392662398
CC_953A5913EDD3,0.10213852413779413
CC_953B678083F9,0.11585989600899052
CC_9541BD0604B6,0.14536726239587328
CC_954404C1BEE6,0.3549064394360841
CC_95444ED71872,0.0909960749369901
CC_9544B86C78A6,0.7274390580798126
CC_954AD7E7C8F1,0.11345406166306707
CC_95525CC6C854,0.14937265337184408
CC_95573B318A91,0.0376648125173392
CC_9569309DC18E,0.0671938886313334
CC_956A2DF28600,0.1644476366261079
CC_957C7A0D7B72,0.2829644077169665
CC_958BECCA0BAB,0.39650507584591954
CC_95A6C4DA2F12,0.593880461494541
CC_95AB75B5BBBB,0.14869950588892614
CC_95C1274DD7DF,0.051893651527938775
CC_95CD8F6A8CBA,0.048234975103772816
CC_95DD4DC604BD,0.18469668346811155
CC_95E1AC08266F,0.09688196182427616
CC_95E3DDCB74EF,0.06742934047801918
CC_9601384AC971,0.41905027377467013
CC_9608A73A8025,0.12045363881821655
CC_961F3BFBDDAC,0.8580228469364262
CC_96206C1277EB,0.2728650812637958
CC_96396AE6347C,0.17888168121408893
CC_96416D2A937F,0.23543279405990547
CC_964C2E0B00C1,0.24003118995296818
CC_9657A2A04BAF,0.11432306353416645
CC_9662D713B7BB,0.19550586727273514
CC_9664F83B7F1D,0.20572561955825377
CC_968AF836D0C4,0.08521001392610454
CC_96A6735A4317,0.06118270433083926
CC_96BC62A4A0AD,0.15743897489910563
CC_96CD75668A6C,0.042384869715700525
CC_96D928252719,0.32673025719544974
CC_96E40BDE9A6C,0.1157144342056871
CC_970116768415,0.23160032135296887
CC_970E94875C2B,0.7508472214798741
CC_9721C8A61D80,0.08836524223960182
CC_972313B0F814,0.16197286980280753
CC_972FD8FFFF63,0.47138122894825785
CC_97478A77EC17,0.19113491449618725
CC_974D14774BD8,0.07283575307038484
CC_974D86BD39FD,0.04555135769142239
CC_97508465AB76,0.09164570087642536
CC_975689C0CD6E,0.07339791956425876
CC_975967702106,0.04609481938052549
CC_975F3F07ED23,0.07488402950506676
CC_976E0D9A64ED,0.39674229011996986
CC_977145B2B363,0.36386352352855644
CC_9772CABFE1D2,0.7884774238701455
CC_9773C1E6AC8B,0.6687629084480806
CC_97832657396B,0.38800864408026436
CC_97963C337FD3,0.4551993998103019
CC_97978B581F20,0.17218900462203307
CC_97A9ECF23955,0.15126464282419722
CC_97ACD6D965F3,0.09039281507889295
CC_97C69AF6E34B,0.7324472539125894
CC_97D0E7256861,0.6289233854658824
CC_97DEBFBE2BDE,0.3406104940237118
CC_97ED469F2950,0.12327778290298241
CC_97EE84ABA6BF,0.3140417531539589
CC_9801B22BF375,0.10092564138555911
CC_9803B6D4D780,0.24465128032686528
CC_980E90C8A301,0.10963693895186577
CC_9814B3D08A69,0.08292316194117762
CC_9821BD45BB0D,0.177403104106676
CC_9829FA0350F7,0.03459709582593128
CC_982CAA309A38,0.17871657096164653
CC_98346EBF382E,0.15105952675959444
CC_986698CCC6AA,0.10397257444452679
CC_988FC580CD50,0.1246445134937258
CC_989795BA3DD2,0.10332529335810256
CC_9897A1DFE807,0.08876363152820044
CC_98A2C8F4E956,0.10805367018872516
CC_98A3E6CDC707,0.1398203905057086
CC_98CE15EE1565,0.08996206238902373
CC_98D036D16215,0.05945128951500386
CC_98D09B14EE3D,0.5065925141470581
CC_98DB782DF852,0.07204237594266895
CC_98E2EA67BC97,0.07806219879734842
CC_98E6E7CF74AF,0.11120572792965495
CC_98EEEB2A83DF,0.7015607745746819
CC_98F3D3194788,0.1478822101129217
CC_98F8A8CF4F9C,0.3005558052979522
CC_98F91BAB57EE,0.13354318302787216
CC_98FA377070FB,0.31724168774280365
CC_9900D0479959,0.3121454284746713
CC_99061A735C6D,0.21836434633740967
CC_99093EC1A2C2,0.1286651580187256
CC_99376CA4DC26,0.032362525825022886
CC_993A588895DA,0.14654666139602812
CC_993EE6417CED,0.09840899170103559
CC_99559319913F,0.04372094543395709
CC_9970123DCC41,0.2898225834723672
CC_998BB6848FDE,0.14434773730884684
CC_99958287B2A9,0.5038299049776467
CC_999BAB2D16FA,0.32934737466930375
CC_999C7029261D,0.6005215547640612
CC_99AA61D1896E,0.09649990199213876
CC_99C03E7D99CE,0.04102935695381806
CC_99C62022794F,0.09866686735952372
CC_99D46BE6593A,0.1566952307782601
CC_99D5A5371B39,0.16482940829527784
CC_99D79709AD9F,0.6714449415973524
CC_99D7DDAA460A,0.12241827731316521
CC_99FC44B3C58A,0.11512459057414277
CC_9A02B2A17C07,0.1108977131939403
CC_9A05DE55D408,0.138946422745805
CC_9A0C42AA09BD,0.4601435999355789
CC_9A2B390551F6,0.0240804623506057
CC_9A2D66206BD1,0.4786475976260544
CC_9A366E181FA0,0.11287671682497454
CC_9A39365FA850,0.6439754515774279
CC_9A42833BA860,0.06997375752779443
CC_9A4911A0140F,0.11751599437108153
CC_9A4FE1E8E0C5,0.3819765318775284
CC_9A51017C734F,0.3283791003202869
CC_9A5DCCD62D0A,0.2725352550596871
CC_9A602F492510,0.13292451871788333
CC_9A66BDD34B89,0.05612999588908909
CC_9A6AB0AB1E67,0.07230325482790385
CC_9A7049ED5656,0.5886680428530854
CC_9A7AF31828E5,0.10600674548035253
CC_9AA750377C6F,0.10125085492724756
CC_9AB359C82202,0.048588338861123265
CC_9AB7BF77EE83,0.7333403690562503
CC_9ACAC8474B9F,0.020689982206468713
CC_9ACCA4FB9101,0.05522439566375443
CC_9AE1529AF9E0,0.15173576759931795
CC_9AEE181F1156,0.2154196646330489
CC_9AFD130D3725,0.12694364195747035
CC_9B09C3353732,0.08773210452507141
CC_9B0D37817EBB,0.10874575707073081
CC_9B290B59155F,0.3961582705517012
CC_9B2D487C64B0,0.10095255166205569
CC_9B3DEC76ABF7,0.04944501964729694
CC_9B4F778D0A6E,0.18745780698671485
CC_9B581A92C2A3,0.4546614488041717
CC_9B5CA8C38414,0.18659006020624969
CC_9B6E82167593,0.1687656247468002
CC_9B6F6B2BCC05,0.3132218708419221
CC_9B7FC3DA1594,0.3756022604481912
CC_9B957DC280F6,0.1285406388151439
CC_9B997DF20042,0.32837730433976936
CC_9B9BC4B83736,0.13129310479840975
CC_9BBE1A16C04A,0.12480864075988081
CC_9BC63F1A568C,0.3270960418831296
CC_9BCB0166227D,0.22511554900835493
CC_9BD3DC96ACC5,0.13555822937540268
CC_9BDC5A0E43C7,0.42327315435031243
CC_9BF9485A3F9D,0.256916992442554
CC_9BFE93FF2145,0.27502619518103877
CC_9C0470A0536E,0.15502468013308152
CC_9C205AF09E47,0.486779935061115
CC_9C30DC5C1E46,0.09617388627532535
CC_9C325B6CAD11,0.060481724061001794
CC_9C4A200D0BFB,0.38332513667742923
CC_9C5EAF238007,0.21965891467963633
CC_9C601C6BBD37,0.10758079553701423
CC_9C606C2C92CC,0.073268697884781
CC_9C6192D3A16B,0.06520734542181071
CC_9C84FB9B1469,0.07077996016876052
CC_9C989433D637,0.19662098980981757
CC_9C9B2FEB4937,0.16756103322359575
CC_9CA7FBE1DD54,0.1121228800766246
CC_9CACA50F80F2,0.13562568992294347
CC_9CB40D552388,0.08341135356374724
CC_9CB8127D17F0,0.05131837194515357
CC_9CB9CE2989CF,0.7890586554844238
CC_9CCE51CD83ED,0.8466802974465092
CC_9CDD2F3D0BE7,0.06515503709034863
CC_9CDEC693AA99,0.4145695622462822
CC_9CE9091AA9A9,0.1602553876364428
CC_9D007C60D29F,0.08737622966291084
CC_9D017774D4FC,0.702203404139035
CC_9D095EC1F232,0.26903209592326377
CC_9D1A1281C8FB,0.2835359285825985
CC_9D23F42B7996,0.4288672672106861
CC_9D2FBC479646,0.6150784060028884
CC_9D363365CAFD,0.11750915041432755
CC_9D44E4543573,0.15837421787005854
CC_9D45F67E3B01,0.07294210505942558
CC_9D535DD207D2,0.0847334389022257
CC_9D53ED53A15A,0.5678656333021798
CC_9D5D97AEE98B,0.5821251146930662
CC_9D5F2A5B6913,0.06573148667036613
CC_9D6BC1C470B0,0.5154296488717449
CC_9D71FBDE765A,0.04700831383988325
CC_9D73939E357F,0.11129522814238224
CC_9D82F401BD88,0.6281252516190611
CC_9D8B4454BE84,0.2913045584932134
CC_9D92537645DB,0.0628464098245604
CC_9D95ADE03ED1,0.2047932274470373
CC_9D98FE7A1809,0.05722707287823949
CC_9D9D59757786,0.05040581425025661
CC_9DAEB38616AC,0.12614075151322762
CC_9DD55CC0E928,0.023584988962723263
CC_9DD6B460CDFB,0.34051762408510067
CC_9DD80B5E3729,0.0881343112471594
CC_9DD82B4310AC,0.40848491872689524
CC_9DD9389E8AE0,0.07636977934745647
CC_9DDA8ACEB3D8,0.10235410508555484
CC_9DDCD898D01D,0.09942915580274862
CC_9DDD90B42A27,0.8208414669244446
CC_9DF1807A4316,0.07103739327368856
CC_9DF786FD2620,0.507402738968641
CC_9DF7B9B3C8F8,0.10919550083434298
CC_9DFF6E2AC586,0.13191508943650332
CC_9E0546BD7BD6,0.11206698914450572
CC_9E0BE8227931,0.10500773968860874
CC_9E1A205BA261,0.3979797434049508
CC_9E2967559B00,0.057604200213838753
CC_9E323A031449,0.7260623099827548
CC_9E377CC03D51,0.08553187666168219
CC_9E3B83584C12,0.15602240548418916
CC_9E3D46FF5709,0.6169169823362245
CC_9E4FA91B86A9,0.038861137056269285
CC_9E53534DCD6B,0.13141296700666621
CC_9E73656FC8C0,0.6599716670878533
CC_9E7430675033,0.18436833990079243
CC_9E84CACDD7B6,0.3928061052531725
CC_9E84E0E4C5BE,0.2694670275373958
CC_9E9C65275B4C,0.09699670607628218
CC_9E9CB6473D59,0.16037481471131007
CC_9EA4F11BE6C2,0.10586869182590494
CC_9EBE3F26F2FB,0.1012935392602723
CC_9EC23AB6C573,0.29865141851329924
CC_9EC34DDD0E53,0.09252248123589916
CC_9ED8EDFE8C55,0.10775725355247542
CC_9EF352F179D2,0.05614982164917144
CC_9EF505400F8B,0.6714684940796908
CC_9EF66D83B743,0.3346622759556551
CC_9F051572BFE4,0.3117523525718765
CC_9F151A782BAC,0.2119957938776719
CC_9F1A5DF4619C,0.4804691349503966
CC_9F1BF78ECD7A,0.07576465873744716
CC_9F263092AD72,0.18606804214385783
CC_9F36EC36A9E6,0.07674129126980433
CC_9F3D52242888,0.16116176164944207
CC_9F41F312CDBB,0.29792189062171315
CC_9F425167F9ED,0.17199757772748125
CC_9F6981E0009A,0.30011098009375503
CC_9F706DFE0AE7,0.03516391594467766
CC_9F7B525DD52D,0.30746597919453783
CC_9F8D5A5A9DAC,0.13869886507824314
CC_9F8FAE57E6A8,0.11071341251482472
CC_9FD1AB8E65FE,0.04947897369252962
CC_9FD2689202D5,0.1502708499851548
CC_9FDBB5C2CD09,0.05537980987294642
CC_9FE52BD71CA2,0.10938656131353783
CC_9FE8E62EB24D,0.11564539434674447
CC_9FEA59AEA00C,0.3092010214895063
CC_9FEA77B36A29,0.32814631288062934
CC_9FEE9701D16D,0.22397419150246148
CC_9FF35BA60E6E,0.2348629640102613
CC_A0003F08B22E,0.14293404811450655
CC_A00AE2543224,0.053993239164212725
CC_A02A29DECDC6,0.12715669900235876
CC_A0336C21117C,0.6164790277601
CC_A053B42BBE0B,0.06692392705252509
CC_A0591F16FA37,0.028541739279319394
CC_A05F962C80FF,0.1557296511763354
CC_A07B0549E53F,0.07955549715314195
CC_A09F230CCF5D,0.6412488005143006
CC_A0AED6346ECD,0.21030742324329127
CC_A0C4A796643F,0.11125740057299674
CC_A0D6DDFB430F,0.08528213727632149
CC_A0DF672F9C4E,0.16359697732892126
CC_A0E8C7C5558A,0.2845051754578895
CC_A0E9269DF22C,0.6551220178444851
CC_A0F1DB5CB28C,0.09662604771591952
CC_A0F42B26F8F0,0.04772493427457713
CC_A0F8F80EDFB0,0.08505055984578148
CC_A10AD9550E4D,0.05331831738706963
CC_A10EB26E5EE1,0.13178742285286535
CC_A111B065F623,0.07599391012919614
CC_A113D95B4AB2,0.14782445049111573
CC_A1320C0F0129,0.7714931032475039
CC_A1348D850EFD,0.7408387369533361
CC_A13D08B372E8,0.08079325519107171
CC_A143E64BD9D6,0.2645429518410187
CC_A14B0A24DC3C,0.10570129874297059
CC_A15137F25F7C,0.07816383109478654
CC_A152DBEC5BE7,0.06773116223070137
CC_A1591CFF6D81,0.05124223378225341
CC_A168CCB582C6,0.2925907389463256
CC_A17DC38133CE,0.7379054690721708
CC_A185D5EA3DE8,0.6311228611801357
CC_A19C842508E0,0.11732571852912228
CC_A1B648DA406D,0.0372123498546191
CC_A1BF7028CAA8,0.02313132048438069
CC_A1D035FA36E1,0.08315222419431942
CC_A1DD653D41A7,0.14124952701702245
CC_A1E3AD4B934C,0.2660197262531103
CC_A1E58421CE87,0.0733780306518335
CC_A219144EDEFE,0.08033998543783459
CC_A21FCEEBB3C3,0.5391152959186609
CC_A220E4278D79,0.04038320077188221
CC_A2231BDC961C,0.23380312662295155
CC_A234E219EFC7,0.325562496159462
CC_A239B1BD81FF,0.05000195451838385
CC_A23D8CFFA31F,0.0849933927604477
CC_A23F463F4B4D,0.06831921703780237
CC_A23FFDC4A7A4,0.09777070471145656
CC_A2423E273F84,0.1057917994289271
CC_A2493E6036AD,0.2799208702302986
CC_A25C54470CED,0.10299852543506963
CC_A25FA690BBBC,0.11632902686399106
CC_A2636CF7C075,0.13853706590234255
CC_A26C22870E3D,0.4271291599294497
CC_A26F6A272B3F,0.1355006245306628
CC_A27CDC9BCBAA,0.16342295647050759
CC_A27E5269DA60,0.1654746932519576
CC_A28D4A46B6FA,0.10670095379125759
CC_A28EB319030E,0.06526927679182043
CC_A294D3A59462,0.758061020941863
CC_A29D8034C304,0.06308755246414476
CC_A2A109409963,0.059599291980063335
CC_A2A4FA5F9962,0.10397849528888774
CC_A2A7E30C59D0,0.09711790855011716
CC_A2B5D2D4E269,0.5842961025228073
CC_A2BB24180208,0.2810525669491301
CC_A2CF1DFEFE46,0.42665486682898507
CC_A2D6090EA5B8,0.13106588905504635
CC_A300BC40BC9D,0.06313757989357678
CC_A3212501F639,0.2415081730499076
CC_A3278A566572,0.04263189235782484
CC_A327EBE4F783,0.19557782672257748
CC_A32FB6659B01,0.08229844017412054
CC_A33915EE72B6,0.1375018930312649
CC_A33D350BE79E,0.13096277933124453
CC_A3553B8AA8F6,0.13648710846134346
CC_A36EB077BF3C,0.03686372683461942
CC_A3753EB66DEC,0.09943094024128978
CC_A378342AC9BB,0.17112654743779096
CC_A379E9455C60,0.1611774295135196
CC_A387ADBD7249,0.10365881774025672
CC_A39E961FC29F,0.172342838300233
CC_A39FA1EF0B16,0.24063310767670978
CC_A3A4E39FB04D,0.13156477002817446
CC_A3A751BE68D2,0.05409552655846241
CC_A3ABB3C5E9D5,0.5963262147979794
CC_A3AF9C2C68F1,0.22769573034515703
CC_A3BEA14873AD,0.15804033006246937
CC_A3C2FEE13C37,0.11988366764865285
CC_A3D6435D5F17,0.17819763444485712
CC_A3E3E51AD0E7,0.04655229688595083
CC_A40566694D53,0.1879094607543568
CC_A410C0DC7125,0.0458691438914328
CC_A42168D2B94B,0.07953286716460334
CC_A43CED9AFEF5,0.3466830836118796
CC_A4475A788D13,0.09404680325599729
CC_A44D677C0C07,0.053402945801373676
CC_A44E2673E71E,0.06195184913126112
CC_A44E79A96425,0.2690963488652851
CC_A462CA147DB9,0.08918169718206401
CC_A4660E424386,0.2290161542643955
CC_A476C9F116F6,0.14216898753145624
CC_A47C83B6EE2B,0.10720172645699017
CC_A47F8594678C,0.2492738672729856
CC_A48A7592F96A,0.05865707149823917
CC_A49195E659EE,0.07122886225985035
CC_A498A936AD21,0.07188332867793239
CC_A4BE6692361C,0.621885874902305
CC_A4BF2115580C,0.09351853644688658
CC_A4CACCD14A0E,0.11662121197659317
CC_A4CE57A1AB74,0.1025912825729785
CC_A4DE4F1B5F93,0.14637127824040655
CC_A4E300558DAB,0.05822858969810137
CC_A4E972915D89,0.7797507617742212
CC_A4EEA04CF3D0,0.13045436185073325
CC_A4F400E9A0ED,0.07827746521717925
CC_A4F550D7F95B,0.18623817083246957
CC_A4FB91B1BF31,0.18745717560554423
CC_A500C1ED0A33,0.18308280654245992
CC_A50471962A96,0.7656871503728743
CC_A5161D8AA57D,0.10690035976301107
CC_A519C84307D2,0.11548801360644378
CC_A5277A9BE02B,0.6308206095419504
CC_A53578FCEA71,0.1244919857381718
CC_A54EAD1CCE27,0.17932083764230342
CC_A5512DA239BF,0.13362080034267382
CC_A5545DF298BE,0.08074312821532023
CC_A556EEF3010C,0.5400130866788372
CC_A56756C65136,0.371764462916408
CC_A5852E06D2D5,0.2717119294605719
CC_A5886994671C,0.16464852816844688
CC_A594D8B41A99,0.0957519098332698
CC_A59C6A6B71C3,0.09726703559146567
CC_A5A06987AF5C,0.14820374995204164
CC_A5A1512FEEFD,0.20301565384529688
CC_A5ACE4284283,0.18397136187371232
CC_A5B10F07BCD5,0.09642569261307336
CC_A5BC9ACDB4CD,0.08798689802589633
CC_A5BF8B260922,0.4795593260491188
CC_A5C52379AE06,0.27104777852565853
CC_A5DD4441568D,0.036680967867421796
CC_A5FE3BE2949D,0.06463084517048714
CC_A60EF94F09C4,0.3061547725245096
CC_A628BE74CB45,0.12257403379943238
CC_A6292E9B43AD,0.08233832679934064
CC_A638610BF8F8,0.0962988500438386
CC_A63BBA86CE9A,0.24462041370467646
CC_A63BDDAC43CB,0.0804895219862099
CC_A6409E37A735,0.1430512361762666
CC_A655EC341406,0.15056943438216758
CC_A6562E47BFC7,0.1509503781602113
CC_A6563A22D668,0.6606710443104117
CC_A6601278C1BD,0.12145689848531269
CC_A683678AC9FC,0.37792593673909164
CC_A6864FE80A94,0.07261081039598472
CC_A69117CC3C24,0.17030930549728265
CC_A69928C7D217,0.14096437980369497
CC_A6A8BAF7124A,0.30078774868574554
CC_A6B7DFC69AAE,0.5522315450792233
CC_A6BB595B55AA,0.062140815053719774
CC_A6C5284C4586,0.12223274214252747
CC_A6CB0D0191D3,0.10705152972913659
CC_A6FA3FA9F0FB,0.12562879622771855
CC_A6FDADD23BD7,0.05643309333867734
CC_A6FE3938F001,0.20963491240834753
CC_A71DB65F0BBA,0.5803945074930664
CC_A730F4964FD4,0.10884848727629377
CC_A73C02C58DDA,0.09244626578427036
CC_A746BC2289C7,0.2804612019287155
CC_A766C3608214,0.10071091318906487
CC_A76F48111A8D,0.10740608163691145
CC_A77AEC8AD2D1,0.028784675491277566
CC_A781174166B3,0.20118000108079648
CC_A79024286DFF,0.05562009317011348
CC_A792720B875E,0.07967404676664787
CC_A7952C2BC5B6,0.07584574047428841
CC_A7954EE1A1C4,0.07401696301261579
CC_A7991E6B3CAD,0.1796996558135452
CC_A7B141DF4AAF,0.0997010020628351
CC_A7BE2CED0B93,0.03921650484828268
CC_A7CF446093DD,0.192770636634421
CC_A7D1C6692090,0.09696617640343526
CC_A7D6CAB54328,0.452190653681374
CC_A7D8D1DA4EA6,0.12795759483005753
CC_A8102BA6933F,0.08879547597682592
CC_A81C1EDC5FE0,0.08738754071271307
CC_A82C0FDDC303,0.24313506831483628
CC_A83F92C0CABC,0.12200454647856374
CC_A849B0F60EEC,0.07438655983943543
CC_A852AAB180D7,0.05397635481594696
CC_A8536626873D,0.1432489710495792
CC_A85F953FFD40,0.32322061028472016
CC_A865A3F1E28A,0.7234340253686549
CC_A867253FC73C,0.5062330693557087
CC_A877592FE1AF,0.049781400188806446
CC_A8AE26057851,0.17447541754438753
CC_A8D50530622B,0.14532835993930776
CC_A8D5C834B061,0.7731248440962624
CC_A8DF49EED27D,0.761580617187559
CC_A8FB53A944AA,0.08780290061184638
CC_A8FF19BCFB18,0.16826821185597576
CC_A9042AA97760,0.07202348432852572
CC_A917D68B7F33,0.055303581784785116
CC_A925B3023F01,0.10260867466154487
CC_A93A49678A0E,0.7359719234994755
CC_A944C14551E0,0.1053801187539308
CC_A949A4D6CFDF,0.0287779879030751
CC_A96085AAACBB,0.5112041047417197
CC_A968E7B519AC,0.5948737725685548
CC_A96F61DA3920,0.27287362938691256
CC_A98AA461487F,0.06922883142859071
CC_A98DE37F48B1,0.04839138382618254
CC_A99526CAE7B8,0.09700185581172176
CC_A9997F50D935,0.1144878882498381
CC_A99C3B09B728,0.06615302451464816
CC_A9A0DADE60F5,0.36007296199589917
CC_A9E27E0F8BF7,0.09897474915779604
CC_AA06B8C44B08,0.5137271906729898
CC_AA078692F54D,0.06173902478187257
CC_AA3181148667,0.11295994188282044
CC_AA36C8AD0AD4,0.10644400908051255
CC_AA36F0397FF6,0.1083713861071968
CC_AA3A8989A632,0.6257532325830796
CC_AA4A1B7522D9,0.0964625331564696
CC_AA4AE0378324,0.24127922582791048
CC_AA5E4D5A692F,0.12066956541047166
CC_AA68EABEE4B1,0.10576951527915758
CC_AA6B5A7A5B67,0.11773265985080086
CC_AA6BD423C239,0.3702103295047143
CC_AA7074B42A4C,0.5045438529768466
CC_AA7A7F3159DC,0.11710068292484933
CC_AA7BDEB972E4,0.12091267686913612
CC_AA83426311A1,0.07884358238933918
CC_AA8F7D307212,0.14257660512841883
CC_AA994120654B,0.08931382145322542
CC_AA99CC1D0A77,0.09889730423854584
CC_AA9DF917E958,0.1502596211426587
CC_AA9FC6678135,0.29558262297180354
CC_AAA47EC0D4CE,0.08228523557772792
CC_AAD9F600283C,0.12893102830846886
CC_AADF003A3927,0.06635561299668849
CC_AAECFE806C8D,0.12800817593223046
CC_AAF2022B9CD1,0.22431783312804218
CC_AAF445E4CCF4,0.07842136878183609
CC_AAFDCAA5CA06,0.6108086624578677
CC_AB0384E131D8,0.19680219229980847
CC_AB0A4F4A2968,0.16218494394298366
CC_AB108580856A,0.08356135406148016
CC_AB10FED15FC0,0.7997807565765859
CC_AB176233A184,0.09577600750687833
CC_AB250982887C,0.0807872735454437
CC_AB25C565EA6F,0.07543803500423862
CC_AB31BDAE74E0,0.20892477266225662
CC_AB38A76F5698,0.36434740188889225
CC_AB38F588BDD4,0.18100205253728596
CC_AB3DB55C9A2E,0.2007542055739916
CC_AB42A7DA8FAE,0.12182920727609312
CC_AB486E8855F7,0.10376161467094855
CC_AB4A79BF0F21,0.039421906713778376
CC_AB7472FE1C8B,0.0767085550418729
CC_AB78F64D1DA0,0.15318127745020832
CC_AB821E2FB031,0.0681229640451014
CC_AB873276D910,0.0450244576018144
CC_AB8CF3C05B61,0.10593256430441825
CC_AB8DD8448ABE,0.3626869946511148
CC_AB953366A38C,0.1056871144286192
CC_ABB193697B23,0.5708795903129655
CC_ABB3F0A040BD,0.12799176558787245
CC_ABB618AD3E52,0.19778402572056675
CC_ABC0DA7DAFA5,0.03818967761058287
CC_ABC49E43DF40,0.6222954209422791
CC_ABD89F61734F,0.10877033122819234
CC_ABE04CDC2866,0.5608117663871123
CC_ABE98746DB91,0.461825201785705
CC_ABFDF22BBD97,0.0669847907262748
CC_AC0498A54CAD,0.19365203590547594
CC_AC1C23EA2767,0.3360774555012662
CC_AC1E028B2A1A,0.08806950957134543
CC_AC255B902EEB,0.14526603366836954
CC_AC44A88F7869,0.10109084866785631
CC_AC51CBCACA63,0.09939825807971829
CC_AC723E5F5EFA,0.03720944251669231
CC_AC7994A5FDC4,0.09431281581311095
CC_AC7EFDBCF2E8,0.6100643964569689
CC_AC8A45716CD8,0.15978426537514248
CC_AC8FB78319A0,0.05618829034858047
CC_AC95C517E726,0.08783896834013313
CC_ACA4C6C9316D,0.04075132689586458
CC_ACAD97A186F4,0.08121292961425754
CC_ACC12168D6A9,0.15239600729957295
CC_ACC53294D3A0,0.10929709914025466
CC_ACC6A74A8BEC,0.0807306130271545
CC_ACD94D2B1200,0.09027704581388257
CC_ACD988315902,0.03802242396639495
CC_ACDA59536C9B,0.048763183905284925
CC_ACE5A4081F6E,0.10889276419651403
CC_ACF4F9A2CCFC,0.1703040633606932
CC_AD0D7D212968,0.2727442572982211
CC_AD131D09EB0F,0.13953060134985878
CC_AD13C87CF26E,0.1637486140318633
CC_AD2050A0C79D,0.1946208842422647
CC_AD276D71D3A7,0.26677773224642615
CC_AD2C54521FE4,0.19636096057635308
CC_AD2E59624FEC,0.36892805933808265
CC_AD3A36AF2840,0.21721515374340114
CC_AD3D286D0B68,0.1747771922068919
CC_AD46818E459F,0.6297874457870989
CC_AD4BB2E22EA9,0.21636520918363994
CC_AD4F7F88242F,0.3099383874685247
CC_AD58ADCD54CE,0.6334840557406491
CC_AD71619FA389,0.10029273427399456
CC_AD84592B950B,0.07402410588172449
CC_AD9898C0E8D2,0.1494323875684445
CC_ADC70A21D661,0.2887096551885716
CC_ADCF16189AF2,0.20080366584756912
CC_ADD894E6E4F4,0.276852095381873
CC_ADE899835555,0.13976501783791934
CC_AE0D73A1EE19,0.3382630092006033
CC_AE0F08EA3935,0.2141938057879522
CC_AE23B59E6FC8,0.24904490725087763
CC_AE289E013D60,0.12478169158996902
CC_AE34D3F7F224,0.8164650468344294
CC_AE4069D8B4F6,0.14833163167447158
CC_AE4896E2BE76,0.8054097924585802
CC_AE51DCFE0671,0.07058079997283394
CC_AE69FEA8DA68,0.17227722830426184
CC_AE7C129CC90F,0.18229727107653276
CC_AE7CD49F20AB,0.13969440231074992
CC_AE89526E0335,0.11772789234648394
CC_AE8D62CF30C0,0.10182549370791028
CC_AE8D9CE8D6FE,0.05712026559706745
CC_AEB019CB9065,0.18318755077120394
CC_AED1D50AF584,0.11982796624221675
CC_AEE546316FB0,0.17818870880518728
CC_AEE5FA00FA6C,0.46456969174653484
CC_AEEC765D157B,0.06621701279779607
CC_AEEE44D6C8A4,0.024171376854123554
CC_AF14FF3EF570,0.29155854790039604
CC_AF1C3ACBA6B2,0.1365822285251316
CC_AF1E911C98B6,0.26622687948185497
CC_AF337F410520,0.12759114970109917
CC_AF3C7BC3BA40,0.11735392186118337
CC_AF41E4075C87,0.22230821572063092
CC_AF6B4405276D,0.7604305913246453
CC_AF78FE0BDBEE,0.11408483389560936
CC_AF8238D9082F,0.06098994795461975
CC_AF8CA6EE53C3,0.05704980396342991
CC_AF9AFA7C49A8,0.14405945926162564
CC_AFA1E3D3C685,0.15953364643279996
CC_AFA680030CB4,0.634814046518147
CC_AFB351270B8B,0.03772252330050181
CC_AFC405AE0029,0.06467341718942211
CC_AFF90422E4FC,0.4215404883340341
CC_AFFBE2744B87,0.7776481215013967
CC_B0043CA53FCE,0.08241490233136292
CC_B01B2BD4EFD7,0.20877562372120745
CC_B01E87EB9940,0.10295767662055746
CC_B0273E66E2A5,0.14777103148682874
CC_B03E98085A9F,0.06613184288209108
CC_B0420D8C42DC,0.4126730901889563
CC_B0497BEB9F6B,0.1280004324513647
CC_B04A5E60B69D,0.06194795441519975
CC_B04D5517A193,0.15115642815925323
CC_B05FF3A960A0,0.2650590632272714
CC_B06A532EC131,0.28571582557471203
CC_B06D33A6761F,0.12910287432759096
CC_B074D4472CE4,0.05652889240037895
CC_B07CE95BCD88,0.23287697039587768
CC_B07D79368225,0.11707741868066718
CC_B07DD1ABABCE,0.7034672823074883
CC_B086C2D77820,0.12333259096412914
CC_B088DE9C9E3B,0.22474261357334363
CC_B0CD7932067B,0.10362623657565273
CC_B0CF90073A5E,0.6049348351036755
CC_B0D397D86639,0.5937873614380627
CC_B0EF4FD19FEA,0.10129670187427478
CC_B0F2F9514AA3,0.07925009354128211
CC_B0F3B79F51C8,0.16207495910246034
CC_B0F4041B1C76,0.04834283361351917
CC_B10FE31C61D5,0.13124246024998734
CC_B114E8F19D65,0.17275449751221977
CC_B117F0E3CAAE,0.17390017228308396
CC_B11D58F331A9,0.0497813675721712
CC_B1262188BC41,0.12337062037042963
CC_B12FFB2FF21F,0.09451439145226495
CC_B13253F34A9F,0.038273167347864935
CC_B137E2BBB53B,0.11025717031657321
CC_B13FEA7CDB99,0.07809562817625719
CC_B1481ED21111,0.051006315720961204
CC_B15BE5C9976A,0.1797829463418586
CC_B15EB6933578,0.08332734519384334
CC_B163CCB3BE4D,0.16536533048606247
CC_B16DC354FD71,0.4246726887777864
CC_B1777349EB15,0.13869728447174107
CC_B17C6CE0231F,0.2681855101691204
CC_B17CA8C22E5C,0.12057452001600841
CC_B18F3C9C30E4,0.20246912285130553
CC_B19CD93DDC96,0.06895740483359894
CC_B1A647674B84,0.10864689250524891
CC_B1AEC2E5E33B,0.23050739033696785
CC_B1B5C81AC0A6,0.09661622145887919
CC_B1B932EFD646,0.12830852000816806
CC_B1C3C0B52B88,0.2136468198622228
CC_B1C7216344F3,0.11999045836440805
CC_B1C982DBBD12,0.3250757333727337
CC_B1D81F8197B3,0.2989902207833648
CC_B1DF1DCBDC7E,0.5151162263372405
CC_B1E2C36607CB,0.09756711061676954
CC_B21351C93D8C,0.1460940727770965
CC_B2174860AB11,0.7046927619446285
CC_B235818E6A04,0.2498095752783492
CC_B23CDE30F00B,0.0876401577631614
CC_B23DE4971DF0,0.3571469015898162
CC_B23ECF574D8E,0.104116807816319
CC_B24C41DDFBDA,0.23535373918789718
CC_B25EC73B9510,0.15371609887346574
CC_B25F69904D0F,0.14276967100178636
CC_B25FB6C11D05,0.6157583656188163
CC_B264F2B92259,0.525923803046867
CC_B26B8FC23F1B,0.06862397239728338
CC_B272E29922B5,0.17028748541321942
CC_B27AA8E27BE7,0.12873014273773836
CC_B2A68FD3C236,0.08051574078946137
CC_B2AC50C00979,0.11435739092193206
CC_B2B16D7B821C,0.20362447263054134
CC_B2B32F1511E4,0.13566924109612757
CC_B2C241A93527,0.08643661821025395
CC_B2CB104FED6B,0.542894851257295
CC_B2D352013F92,0.11767605271906689
CC_B2DF694BAB08,0.09823957557876473
CC_B2E993A9343F,0.17225000512178285
CC_B2EF61C93AB6,0.16731864618226164
CC_B2F94405EA89,0.10937240585067262
CC_B2FC07BF6251,0.08220671933346016
CC_B301A65B4164,0.11252950243689827
CC_B313E3A208A2,0.1213195820931993
CC_B318FF5D976D,0.0932141502206475
CC_B32AEF0A2299,0.07614449988879593
CC_B33BD3C618EA,0.11009780486719727
CC_B348627365A2,0.11539623209267148
CC_B35109450BDD,0.04370080863568792
CC_B3528B870544,0.0938715558895714
CC_B3530E7CF8F5,0.11129925551991542
CC_B35C5B1DB9C1,0.06086722476518069
CC_B35FF59389D4,0.18116129236933354
CC_B3812C6700F2,0.6659380883865486
CC_B38280B483B8,0.10899154072599306
CC_B38B694A18EF,0.43023933286718413
CC_B392BDECD913,0.3040511708731932
CC_B398DF1ABAD4,0.04604436151780038
CC_B39E75E151A1,0.1037192942533919
CC_B39FD0E249E8,0.043764089087196194
CC_B3AA0891CA5E,0.3594566617434183
CC_B3B1C8EBE5C1,0.1564463932526376
CC_B3BBA28E2D39,0.5210481726967388
CC_B3C4DB0303A7,0.08583613215537299
CC_B3D32FE823B2,0.051549982320078604
CC_B3DA429C6C8F,0.09444008384182843
CC_B3DC5786AB0F,0.2162865812040602
CC_B3EA537531A3,0.1702635650084633
CC_B4096D3A38CE,0.05463563608474572
CC_B41EADCCC95F,0.06445305732212182
CC_B421940B9A48,0.612452367242497
CC_B42B3B83935C,0.8855581745807345
CC_B436B1CA6B2F,0.06838004606082076
CC_B439B06AF274,0.2780759134917059
CC_B4482E7879F4,0.08214999203205178
CC_B4660022C612,0.1136024235102911
CC_B46B899B4A63,0.11744089352117476
CC_B470280A580D,0.12039154803768302
CC_B471D3BF0C72,0.49618073818529546
CC_B4751DEE43CD,0.19398198749637086
CC_B482C254BAA5,0.04770392722451316
CC_B4889D036D3C,0.7008279422143635
CC_B4950F811C90,0.16632111733995117
CC_B49A6DE7A340,0.25041186734702237
CC_B49CD4C13DE8,0.31106034595136806
CC_B4A90370CA96,0.4666024390264109
CC_B4ADE6BC8A10,0.6791429244982147
CC_B4B6F805888C,0.044083536343028584
CC_B4B8F66BF4ED,0.5829427315179531
CC_B4C6F80DEE44,0.06359523750249314
CC_B4CCE78C09EE,0.14053287723946403
CC_B4D68D1C1C55,0.19584144157906783
CC_B4DAED63089A,0.13697011390894334
CC_B4DD9841E6FD,0.1756673079525109
CC_B4EF6743DDCF,0.0598475221260505
CC_B4F67F73D097,0.09755684762467179
CC_B50EB15EBA18,0.09345958914901142
CC_B51DCAAF4549,0.11268115942104173
CC_B51DFF8702D0,0.4728731443438796
CC_B520A001BF69,0.1451378639902317
CC_B529919BF24E,0.5443914062825495
CC_B542342650A1,0.07749024852346728
CC_B54A106E91E4,0.06274441278692687
CC_B54CFFC21F2B,0.12906213870692584
CC_B55C134C04A5,0.22116876963492837
CC_B55C2DBF6D3C,0.2223420123009114
CC_B569705352B4,0.10736173731280478
CC_B56E74A967C3,0.05213367039930562
CC_B57519F33EEF,0.05596964504785312
CC_B582E4405D85,0.07919844914314941
CC_B585A11F7BA7,0.13266631560428313
CC_B59726D36AEF,0.2011754402489595
CC_B5995E4F1A21,0.11120785699564845
CC_B5AC2AAF871B,0.7897231496870759
CC_B5AD19125E1B,0.189451161442776
CC_B5B1E42858AC,0.08163141651044876
CC_B5B7599E8BC6,0.08877541938016477
CC_B5CAE0595637,0.1380081468171146
CC_B5D49843A799,0.3381660420132706
CC_B5DDFC7AEE78,0.11588672309171776
CC_B5E29344F63C,0.2180977150681111
CC_B5EE5AE6378A,0.5803406281813789
CC_B5F2A93AD996,0.09488477870429404
CC_B5F611613A78,0.08440066071267535
CC_B6055039255A,0.7850003718507685
CC_B607B2B0AFB7,0.0489036831759654
CC_B60CFD0F39F9,0.09319736067095029
CC_B620087B1C52,0.4031503355537651
CC_B6203BBBD151,0.1100063385258717
CC_B622662E664A,0.1584510443437467
CC_B62C9A2BC846,0.16527513761805018
CC_B636210548E5,0.261643315506174
CC_B642C6714501,0.07110272394957216
CC_B64F81B8A263,0.16945351729673597
CC_B65CA581B9BD,0.13597463963107642
CC_B65D1B9B6F67,0.100358835006293
CC_B661A8FCA431,0.042356081346812964
CC_B66AC40957D6,0.15972782774783592
CC_B672B35D1162,0.7331224817189027
CC_B68379D197F6,0.10321426671925517
CC_B6923D10FDA2,0.15425396178749767
CC_B69CC776BBE6,0.23775844052319017
CC_B69E50D76B29,0.10572410792586
CC_B69EAA8C296F,0.2503441629620277
CC_B69F7CB8CDA0,0.11922980818285812
CC_B6B4AD157354,0.11515178754814763
CC_B6BD764CB8B9,0.21816632904550473
CC_B6BEC3F4BE91,0.1490024092019718
CC_B6C13F4A610D,0.30654970532887343
CC_B6C1C3B5766B,0.1235387531619481
CC_B6C72241926C,0.17707127935274103
CC_B6CB40E245D7,0.5749995188292434
CC_B6EE58A108C5,0.07457468372012276
CC_B706F631F5BA,0.03747315258317589
CC_B71DC1206985,0.1479693637206183
CC_B72284CED807,0.1611618342342963
CC_B727865A5B5F,0.5476673458792023
CC_B72FD7EFA6BD,0.23856417990884485
CC_B7365B5A3392,0.7205014893251868
CC_B73820D308C9,0.11847461772964063
CC_B743560D847F,0.08767839730355094
CC_B76EF26F7C9A,0.2909417433488021
CC_B7764FC130E8,0.5061986451655567
CC_B77B73B95532,0.17337412311719688
CC_B77D6653C7D4,0.04245687557493899
CC_B77DA6B77DEB,0.23124212580213718
CC_B783AE19622D,0.19322760335283073
CC_B78761738CAF,0.031185112385760723
CC_B787BA135B5D,0.2677510594279715
CC_B78B4449EA19,0.14623160820129633
CC_B78B4B7F80B5,0.19663358331109673
CC_B78BEE888CA6,0.07296348894112716
CC_B791FEE1CF37,0.033324788046580435
CC_B79A58AA4441,0.13617102484495144
CC_B79BEC538198,0.11797089006099207
CC_B79DD53178D3,0.11672342947005163
CC_B7A7EFD85149,0.2173652779740232
CC_B7B5F2A15C41,0.10206192662957785
CC_B7BC46A7D4DF,0.06894197710662246
CC_B7CBC65D9AF9,0.6329610860479006
CC_B7D40C5C891F,0.10123839826787115
CC_B7D4337C4797,0.2896120746864611
CC_B7DA04826165,0.29209821629215776
CC_B7DC19DA1440,0.1066881816958972
CC_B829EC622F0D,0.6050111231482451
CC_B82B9C0C7B85,0.6809091262279806
CC_B82C55DEE5E6,0.24416643838516447
CC_B8475B977AD2,0.8132797562521589
CC_B84BD2F4EB01,0.25622718355108187
CC_B86DA7D69F20,0.05821800079002523
CC_B87989F406EB,0.17985852814738607
CC_B88B702183E7,0.04461857549292673
CC_B89B80945ADE,0.15218109845329053
CC_B8A3A44BFE8A,0.4425194670030199
CC_B8A7A6548AE6,0.20919290334517138
CC_B8A8FB83065B,0.17926975682154397
CC_B8AAC20D626E,0.17270043383411682
CC_B8AC99873641,0.09468412639334411
CC_B8C9673B7834,0.13217170534220243
CC_B8D5FEB15CC8,0.0777345927086459
CC_B8DA64A33076,0.6120787622063507
CC_B8E912A01706,0.6814253432411652
CC_B90869280808,0.18569277601372455
CC_B908EC99951B,0.2719190922578314
CC_B90CBF2A6775,0.04989307894076765
CC_B91080C1ADA5,0.2766073056859059
CC_B918FB42AFD2,0.19165325217418672
CC_B92CA425080F,0.11055173558849872
CC_B937F632B71D,0.2017286856602162
CC_B94477C20476,0.35335473133753964
CC_B9483A5C922C,0.13536850466917874
CC_B954EC1C63B5,0.298865400619812
CC_B95580F93537,0.08004466831250315
CC_B96086044329,0.12291983513972389
CC_B96EB0A91589,0.14382078475379362
CC_B98357C70A41,0.6432688321567027
CC_B9929A66C2FD,0.6589432650036671
CC_B9BB52E4C529,0.09102895721341664
CC_B9BD45744855,0.7810480214284067
CC_B9BFDE4662AE,0.081425908154277
CC_B9CEAF324145,0.03377546773921749
CC_B9E89F42B509,0.20379766058329174
CC_B9E8A3887223,0.2188490053762263
CC_B9FC67268C45,0.18305329449185515
CC_B9FE9DFEB3DC,0.13607395063897693
CC_BA041E14DD98,0.09762908937019574
CC_BA0619F54427,0.12147021625245867
CC_BA15072C4EC2,0.14341698861431476
CC_BA183CDC5429,0.8094592711815587
CC_BA43646012D2,0.3621066659563636
CC_BA4F7E494E71,0.4246981693279236
CC_BA557F75E2DD,0.1957186535512264
CC_BA740903CBDF,0.11007837551045932
CC_BA77722A827A,0.505893958471667
CC_BA78E47BB021,0.18237511337892273
CC_BA8C427054F4,0.05812878084921656
CC_BAA19F8D2563,0.08504590322595496
CC_BAA1BBFF8C6C,0.27063714727755517
CC_BABA44B5FB12,0.08721222544640254
CC_BAC25BCCEAD2,0.08421161818875304
CC_BAC74D0014D3,0.469705646355427
CC_BAD99E36CC71,0.20394737901255516
CC_BADE7EB1D16D,0.7366472006813557
CC_BAE7410803AC,0.16211942109273997
CC_BAEBBF8054FB,0.1520420067084624
CC_BB054686B6F2,0.06215911421104222
CC_BB05D9DF72BD,0.04956345605416847
CC_BB0D54068D07,0.8190247230207273
CC_BB15DE5E0DA0,0.6939044279740222
CC_BB1A57AA813F,0.11491074699688283
CC_BB1CABE261EB,0.11217812667685867
CC_BB2BC46FCF61,0.23771556967755847
CC_BB2E5437EE04,0.04213240567588525
CC_BB2EF1FF6131,0.10018877462968231
CC_BB2F56C6BF57,0.10994292296557032
CC_BB35CEC5314E,0.10444726841499727
CC_BB39E3597B61,0.06716065467976098
CC_BB3A9EECD51E,0.07745286066339875
CC_BB44CDEE5103,0.20471084319691904
CC_BB458116ABA4,0.37575867399848745
CC_BB5F6936F6FE,0.16573674900629554
CC_BB666F8A551E,0.09778749495745095
CC_BB7355E735D2,0.09940863180724935
CC_BB8A2F186D6A,0.058440475196039274
CC_BB9FDED12C65,0.7217637585832127
CC_BBA8C316C8F8,0.06637565724319865
CC_BBADC7DC73EA,0.199745095169878
CC_BBAEA7980B09,0.418307300745005
CC_BBBA078A6429,0.7796227523443728
CC_BBBFC3EC2C72,0.36737034731052304
CC_BBD34B3225EE,0.04189804441310994
CC_BBE6C58C59A4,0.3905661395934545
CC_BBEBBE1E226D,0.15907220102530062
CC_BBED56D34D38,0.11296760419412241
CC_BC0244FBDAF6,0.16343127419458425
CC_BC099E880236,0.10878694204637697
CC_BC0F05C89E25,0.11125904861772679
CC_BC1BD06C1085,0.1192802864121452
CC_BC21E8824A34,0.461423643241698
CC_BC23655B2BF4,0.06792620971190201
CC_BC24F9024F49,0.05103077509631771
CC_BC2A58939715,0.08669102712050467
CC_BC2B90F226E0,0.22929031964546853
CC_BC31382964E4,0.08982237995474991
CC_BC31DA3EAFFF,0.1455865877411524
CC_BC3A6CF6FD16,0.11464647187229324
CC_BC410BDD9ED8,0.21831669572537113
CC_BC458960887E,0.13156324566098607
CC_BC484C329704,0.15928174175129786
CC_BC4D6D6D4553,0.2974125820334563
CC_BC5A59D88AFC,0.1316005852552606
CC_BC736DA19A00,0.16088697394589557
CC_BC7B9D13978F,0.19521580468916858
CC_BC84BF34D69E,0.25657356177061774
CC_BC95D473C9CE,0.1466445191745642
CC_BC96FC9DCFE7,0.14052484766602064
CC_BCA0D6159C23,0.22418425356258842
CC_BCAE73132BA2,0.10927077977927573
CC_BCBBF055366F,0.06655477206891597
CC_BCC94F494979,0.10753350964165817
CC_BCF75F8B9A5D,0.12510989705958317
CC_BD10F4F15094,0.07398724867280042
CC_BD1A2052ACD5,0.8026391277624926
CC_BD217C39702F,0.32413347364544726
CC_BD2A9D4B9FAA,0.17442265903615742
CC_BD3EDD1630E8,0.06463443669811404
CC_BD4AAFE9EFEE,0.049512947643612464
CC_BD59D1252975,0.15295579436941548
CC_BD607BE97C17,0.12355842677915009
CC_BD889F165227,0.1070758400832934
CC_BD900B6BCF65,0.15934482639418845
CC_BD9967660461,0.43371121310852845
CC_BDABB99ADE2A,0.1738318451799604
CC_BDB07C66EDBD,0.3973284286580097
CC_BDB71DAAE50B,0.0989154708165642
CC_BDCB91FACECF,0.12972464575300685
CC_BDE1E398B4E4,0.09094547520025574
CC_BDE8D325637B,0.680844830948383
CC_BDE9E7F390AE,0.10155097993351701
CC_BDECF392D7F9,0.13871479840576326
CC_BDF401C3BBCA,0.10261767218687341
CC_BDF53C42C5BC,0.19662826667087147
CC_BDFE5778530F,0.3212602140788241
CC_BE05EB5976EC,0.796915068918914
CC_BE08A6D5E76D,0.061485280336261584
CC_BE146CE5BEE6,0.13511365366051764
CC_BE24C1EE877A,0.10132149085241972
CC_BE27E98C4BED,0.10958670328823497
CC_BE32DACBF6C2,0.11314927824355461
CC_BE3F52F9C9EA,0.12589218088946766
CC_BE3FC1024389,0.1204371117177046
CC_BE4595898BF9,0.12493105439646303
CC_BE4F1F53F4B6,0.07259038199938597
CC_BE648663620C,0.1624600167302581
CC_BE6627F3B9EE,0.7076707874598851
CC_BE673F70B591,0.29259133644357826
CC_BE704640727F,0.035737869758066095
CC_BE7295B354DA,0.3628169519388428
CC_BE760A430ACD,0.14553345405739126
CC_BE8A340F3876,0.05115839557322749
CC_BE9CB8845101,0.19867304044404963
CC_BEA12286E57C,0.10711226536007219
CC_BEB24EB997CA,0.106909712697146
CC_BEB80CCF2ED0,0.06113716059938526
CC_BEB86014B5BF,0.17941271529721498
CC_BEC035C8801A,0.13734665083009123
CC_BEE1B858F0C3,0.22689003000972222
CC_BEE664893442,0.1508045853008529
CC_BEE75A33F038,0.08018691552049656
CC_BEF22728402F,0.7059642201170818
CC_BEF8AB2DF19D,0.34064545815708086
CC_BF03683CC755,0.07874374513043605
CC_BF066CB8F7A0,0.1500391730832401
CC_BF154A9FEE8D,0.1376845853930853
CC_BF17E635C67F,0.15948344103880432
CC_BF196AFA6AE6,0.17482493878043417
CC_BF2012FCFE14,0.26352334568283053
CC_BF3733356D4B,0.42585559698491715
CC_BF376C8D14ED,0.5581543353612841
CC_BF3BF8B9F646,0.1263708403701862
CC_BF588A5FF18D,0.6555820604123124
CC_BF7C643B8874,0.06281131806394429
CC_BF8919F14394,0.14174219001298938
CC_BF8B759EE1EF,0.10228748386293224
CC_BF971FA7A950,0.1712116062270895
CC_BFACE960372A,0.12780102226179288
CC_BFBF917EFEB7,0.6311379554647906
CC_BFCAE2959708,0.04457583185405503
CC_BFD80ECB739A,0.19504384560742802
CC_BFDEC7E68821,0.05145301439105269
CC_BFE3AD881F4C,0.037565503425055186
CC_BFE511C0F9F3,0.5630627475431108
CC_BFEE9CF8A6E9,0.08014447657408066
CC_BFF8E82FE4BE,0.16367470565160963
CC_BFF9E8C0FE28,0.6737598230311872
CC_BFFCB2882E26,0.0499063564507929
CC_BFFDCACC1E4F,0.11565969190135703
CC_C003A15648F3,0.11415472615207174
CC_C004160ABB18,0.16941393288187875
CC_C012746F45D6,0.1279524911632346
CC_C033B4EC89DA,0.0985544184715857
CC_C03578357D0D,0.47713515926956357
CC_C040C14F27A0,0.0773044954153952
CC_C0474C48C443,0.12716319917750096
CC_C04A1EF46A13,0.2640942822116771
CC_C067DA2C5F99,0.39971756068739317
CC_C0731DB0CD7F,0.6333444062393035
CC_C07C70AA1AF0,0.09360305198162502
CC_C0877F4DBC62,0.09608101663365494
CC_C0896CE6B4E2,0.06405233368285315
CC_C089B0517E81,0.10751236049733777
CC_C08B9066A5BB,0.09938022724118922
CC_C08DFB22BC71,0.11104125419856962
CC_C0A2108BEC82,0.20725001235557416
CC_C0A6B0787F91,0.10759204005249552
CC_C0B29B279C90,0.15494563362342134
CC_C0B7151247C2,0.10673328880305989
CC_C0BEDCC974E6,0.1483113881487616
CC_C0C6F913C2CB,0.6791753070518839
CC_C0C7EAB055B1,0.1467101828838512
CC_C0CCCF588BEB,0.3163933630330531
CC_C0D65A1BC1DF,0.7324990023107386
CC_C0D6ADDF1E0F,0.0615819253256243
CC_C0E49708EB44,0.15915413659769118
CC_C0F32BA57D17,0.06029255917162859
CC_C1094828B26C,0.2805763861780628
CC_C124E4C094F3,0.21355297562034403
CC_C12ECF48FA03,0.13235730889221037
CC_C12F5F7E5C54,0.11646367574233872
CC_C131509731A1,0.20363571333510103
CC_C14173B64C58,0.16009371104081419
CC_C14A4D39F494,0.3860433712032616
CC_C14DC9106B7E,0.2110055385495863
CC_C1624A910E58,0.044694659460172155
CC_C1645FA6EE7C,0.07382645614948925
CC_C165A26E7C1D,0.7165903831770415
CC_C16824A69631,0.06825238274860516
CC_C177831DEDC2,0.06539183205076006
CC_C1815DD481ED,0.7684068680888375
CC_C18313F97FC1,0.2514962064945975
CC_C18A7BC23071,0.28423043649035845
CC_C1941883C762,0.1055831622838092
CC_C1A0989CDF23,0.03192261492655299
CC_C1A8C99D910A,0.14121688426719323
CC_C1B057BAE0BB,0.3524334935975031
CC_C1B5D9A95708,0.09433366490442496
CC_C1C28181E30E,0.11765232786131517
CC_C1E8CA45E983,0.10092361465034112
CC_C1F4DD05F5FB,0.2456847764121053
CC_C205BAC0D181,0.08162743845777432
CC_C208790016F7,0.06519428155131929
CC_C219E603FD0B,0.07003826864293335
CC_C2323893E922,0.13900644847092722
CC_C236A614F73D,0.10734472238432172
CC_C241491551A8,0.1362771271836115
CC_C247E0377048,0.11550134225358441
CC_C24FBA584039,0.22592319543683595
CC_C25078D044CC,0.21490258287254974
CC_C255BE787955,0.23623588000335866
CC_C25ECB5C5FD8,0.10927933752486096
CC_C276E722FB1B,0.3025024281529179
CC_C279090E1F74,0.7646499908006468
CC_C279CA96D14A,0.13340545337944426
CC_C283330B9999,0.04394439430557636
CC_C289AF57EB24,0.19847246293253823
CC_C29558864857,0.12830390612694575
CC_C29846DE78AC,0.6283968276970672
CC_C2AEE09D92AD,0.12702803432172113
CC_C2BBFB603032,0.4050957093642534
CC_C2C2B2EEBA69,0.04133106499832408
CC_C2D1CBB42952,0.1358666224276577
CC_C2D4587A871F,0.6556012376982592
CC_C2D583F20739,0.3234173929742203
CC_C2D9086A8C67,0.04571597884992777
CC_C2E8FA308586,0.12352794579298469
CC_C2EA104630E3,0.13376280110939287
CC_C30ED2C6265A,0.04769933637088443
CC_C31BA9FD4FFF,0.2515702315400888
CC_C31DC3117984,0.11831873057918522
CC_C33142B2E26E,0.3358123283288017
CC_C340668CE604,0.07527584128150426
CC_C36580241000,0.11902404856673834
CC_C3664AFC710F,0.11780496536011872
CC_C3676D2ADC91,0.16353937004888447
CC_C368AC6AE19C,0.04164375701705893
CC_C38B446B7432,0.14513909566117933
CC_C38BE6D69E61,0.05522442631484556
CC_C38FB634E7B9,0.07748217686442352
CC_C3913A125FC9,0.12303987583157541
CC_C392AC1AABDB,0.12754982566686762
CC_C3A37C3EDCC5,0.3046575666396949
CC_C3A42A96D260,0.2230059330734034
CC_C3CA355F78BC,0.08636122166454518
CC_C3CD972B25E9,0.16165648245932096
CC_C3CE9FCB05EA,0.0640696664847861
CC_C3DA12B31CD5,0.08842516720477998
CC_C3EF46D2CF29,0.17438532944476687
CC_C3F301EAE202,0.23815699964318351
CC_C404C200B723,0.08993674661468266
CC_C40BEE2EAD73,0.20997470288579215
CC_C40CA3E960D9,0.13654998313367345
CC_C40E0EEBA53A,0.17735991584867514
CC_C42183D7A586,0.10074189652929612
CC_C427199DAC5F,0.39318318200026037
CC_C445AEF194CA,0.11158599207615821
CC_C45051D20EC8,0.12273995661865249
CC_C47FCA703A69,0.2854687876594207
CC_C4965C6C6935,0.30719329211229557
CC_C498BD798847,0.08014177167745547
CC_C49A42D1C3CA,0.11941754883485632
CC_C4A2F5B06976,0.06929405222105858
CC_C4B632AEB96F,0.1862613231612853
CC_C4D194378554,0.03535788978130421
CC_C4D90E9CA5E9,0.11824296207710257
CC_C4D941D5A5F9,0.1441121007965236
CC_C4EB2486A9B1,0.2323943782878132
CC_C4EC2923D96F,0.25262937731201807
CC_C4EC9ACAE8C4,0.8195551567088925
CC_C4FB2ECB13DD,0.24439172998719644
CC_C50467EBCC58,0.14303775053631068
CC_C50C5E2A77CA,0.13573400455077989
CC_C50D7FAA75C1,0.05485533866540291
CC_C51FE3F4D2F3,0.1618945497278249
CC_C5234F4713B7,0.05942277613795535
CC_C55110310E14,0.08446096464032499
CC_C563D509181A,0.09770566747927346
CC_C5736F4887D6,0.7574587209841458
CC_C57C4F09442B,0.09209642584747826
CC_C59D2CA55CAD,0.7858429217224182
CC_C5AD04ABF022,0.09608735392418127
CC_C5AF7BF4B951,0.04466026373021773
CC_C5C5FD9FCFE4,0.6849740775224592
CC_C5D9A89022EF,0.23057138369624644
CC_C5E1FA10BD6B,0.14530341980818673
CC_C6039EF0459B,0.14786550839054227
CC_C6133F44EB0E,0.1074447692203872
CC_C637C1142503,0.7870965402290125
CC_C65496C86EAE,0.14301773951869678
CC_C67C2B86A807,0.10886020865645948
CC_C690CF8AF3B4,0.08804921963245148
CC_C69204FFED48,0.316753964537986
CC_C69DD80E5055,0.09453839437632001
CC_C6AE389CA79C,0.08509914563565925
CC_C6AFA8AF33BB,0.11016298818323486
CC_C6B56B2869A6,0.3813653934807045
CC_C6B61E03B42D,0.1991325972336693
CC_C6C2B357FDF2,0.14865495909227616
CC_C6C4A4A318E4,0.08762410192347433
CC_C6DECDCC7956,0.16185786732447768
CC_C6F134ABD932,0.48169937386085554
CC_C6F24128D8D3,0.13849409093874054
CC_C6F8C5E3D746,0.09490128158782637
CC_C6FB2BDCC78F,0.3668738296166851
CC_C70DBEB08378,0.86729365545416
CC_C71AAC6F9607,0.1261557973713262
CC_C73D1C53BEC0,0.33547543545673203
CC_C7423B380FD2,0.07531654288735556
CC_C747ABF2B4BC,0.09100665266446689
CC_C74F0C45C093,0.12656937681081704
CC_C75307665BCF,0.23937651219222714
CC_C76473DBFF83,0.34160084039111455
CC_C7652C2D1CC7,0.24311508192401812
CC_C77B38900325,0.2793821597551376
CC_C782A94E6754,0.05156369217191576
CC_C786E0FDA098,0.7091591388081819
CC_C794632B3AAC,0.35655897117782986
CC_C795250A7B3F,0.0876293871318909
CC_C79BF5794AD9,0.05668223961244528
CC_C7A2A7BF85C5,0.09591981697117066
CC_C7A2CEDA36CD,0.47896299760032274
CC_C7AAAC514CD0,0.0715483100535251
CC_C7B39AE8206F,0.16668106305201508
CC_C7BA884F8DCA,0.12568648525155235
CC_C7BC592C11DB,0.05670724363422171
CC_C7CB29EBCEE1,0.05005776525845083
CC_C7D2BE35C77A,0.07330137921842864
CC_C7E56C7FFA19,0.15588892115649913
CC_C7ED63E403A8,0.09257425871395339
CC_C7EFF4BBEE1E,0.07884474180619386
CC_C7F1C90A261F,0.14139819937313025
CC_C7F38C2DEDFF,0.22878769817812375
CC_C807F881A35F,0.21404580647442664
CC_C808346EF2A7,0.07640237369058182
CC_C822401D05A0,0.16229976675110985
CC_C82D0EB32984,0.13455677446189354
CC_C82DE4520088,0.14038382513138456
CC_C84080607284,0.05987999234947802
CC_C85DEB66D6EC,0.2729450757820479
CC_C8601860B3AB,0.26286186529002487
CC_C86B56E5B000,0.09644367897742594
CC_C874E7D8B96A,0.08515268663765863
CC_C88F02C38654,0.14538757798386318
CC_C895990DF270,0.14032706968490577
CC_C896D6E93110,0.3448540935877298
CC_C8A57920FB6B,0.13996251818855998
CC_C8C2CEAC6750,0.42895399287760977
CC_C8CBB38CF4B6,0.4589620931986672
CC_C8DF2AEC8023,0.10511085189531248
CC_C8E24B1925A2,0.17280794663372306
CC_C8E2F0CA5050,0.6403172644985504
CC_C8E875AAFD58,0.28773417875074725
CC_C8EF7366016A,0.053512354945866494
CC_C8F1FB9C56E5,0.10958694526369492
CC_C8F2FF7E6DAF,0.08264925041201987
CC_C916DC82A00B,0.2915839348893543
CC_C91FF308D57A,0.09265084970206255
CC_C9297D88CD26,0.35054449303133084
CC_C932D885E1AA,0.24521073248270212
CC_C947A66A6A34,0.16251805842279932
CC_C953D19C82A6,0.22681594834265117
CC_C960365C1125,0.276215088677858
CC_C96221203852,0.19517739494777786
CC_C967937FC81A,0.7655186312392477
CC_C97434767545,0.20718822747285728
CC_C974620D4D4F,0.30090184912678797
CC_C9749B07E3CC,0.1622425798954663
CC_C979F86EC4EB,0.09010941336837314
CC_C9882357496D,0.08918084627764956
CC_C98B5F2B994A,0.10381669814634485
CC_C98CA453DC7F,0.11169154308737743
CC_C996515164AF,0.5846122981578152
CC_C9A1B8F512F3,0.4245843579506229
CC_C9E008678B77,0.12488105874571791
CC_C9E89E3728DA,0.19025250423928083
CC_C9EE0357CF4D,0.14340545219123796
CC_C9F15C15BA6A,0.1529169284583581
CC_C9F3BB887EB9,0.1880981371853099
CC_CA0906B9B58E,0.10126250502362719
CC_CA16B9133E4F,0.3255945745686023
CC_CA2524A5C7AF,0.22276759799350282
CC_CA2A17C9CD44,0.4774740172448165
CC_CA32C61E255B,0.09581651169665718
CC_CA37F92A8BC6,0.1213598084037242
CC_CA3C9D0F42A2,0.570004500387745
CC_CA4669FF2379,0.0983892476645027
CC_CA486E08F176,0.0720256260023177
CC_CA5CF069C36C,0.05191062618220283
CC_CA6AB58D2C8D,0.22337389113546774
CC_CA6EDCBFA9E3,0.1671627085575235
CC_CA6FB58C11F4,0.0712464021539603
CC_CA7902338F91,0.1179295274711358
CC_CA7BE11DCB92,0.11556247478630521
CC_CA87A148C386,0.09191967638101976
CC_CA8E7E45347C,0.1629368634330312
CC_CA9214D0E170,0.14355078062293347
CC_CAA07EABEF71,0.08957112295069354
CC_CABC0190A9BF,0.42682183817796665
CC_CABF171B8582,0.521571465675201
CC_CAC2F989A2D6,0.27017027669418914
CC_CAC50FF13A43,0.47745939251280917
CC_CAC9C52B6FB8,0.2694917027412339
CC_CAE19DE8446F,0.06975299554972811
CC_CAE5F6D8328C,0.4960777824844719
CC_CAFA0C6DBCEB,0.1035901267921191
CC_CAFE5D6E3E1D,0.09794603843617486
CC_CB02A97FAC1F,0.2157442940605784
CC_CB1155AAC7EB,0.13495092692640262
CC_CB1B2FC5769C,0.1520106935503335
CC_CB1BD3C19303,0.21174307086629837
CC_CB2423DD4809,0.8045089466153971
CC_CB33381406F3,0.6559212251169779
CC_CB3CBA971E97,0.09052108165628117
CC_CB45CB5C940D,0.174493418638539
CC_CB4A2667F8CE,0.18462737948950775
CC_CB4EA92BE238,0.09572022569334655
CC_CB4EE5CC0B09,0.14283086783489696
CC_CB50BDD92A4D,0.14264631841961406
CC_CB6A55831080,0.09736450126057582
CC_CB6CE149111A,0.1730398066407072
CC_CB6F9DA78019,0.042861696453116965
CC_CB722FAA608D,0.22789582963811592
CC_CBA786C05C1C,0.739947271181674
CC_CBA9A6206DCB,0.12676492374161275
CC_CBB7AE2847B6,0.21580794467194075
CC_CBB9DDEAC819,0.027850870957736702
CC_CBC30D127BA4,0.10295124716685909
CC_CBE67EF0D3C5,0.5569777943985897
CC_CBEC318365B3,0.302908831885196
CC_CBED6669EDA7,0.06627925651479602
CC_CBF1B052FA7E,0.10351416763080717
CC_CBFC7EFF2F94,0.12458199478251826
CC_CC27394B5E35,0.08400759219878166
CC_CC2A7B3D7A55,0.1426575293024018
CC_CC34B2523794,0.09152396989831393
CC_CC34E9023873,0.8197180692136863
CC_CC37D81F02A7,0.6361606958195717
CC_CC4822AEDB83,0.6514710009062915
CC_CC5D6CAE5ADB,0.27742340508393293
CC_CC6D27804EF0,0.08542210919653874
CC_CC71D4876B90,0.09875774870754388
CC_CC75EA7F2C8F,0.152092922538005
CC_CC9214A5C0CF,0.10211058031583382
CC_CCA2B8D2446C,0.3520457267532516
CC_CCAB3E56FD92,0.18412286984625634
CC_CCAF321D46D7,0.05016688588954822
CC_CCB46EA56584,0.1998034586738695
CC_CCB60CB8754C,0.15510137661351472
CC_CCD759553325,0.08090861526271596
CC_CCDC28D49832,0.15875310262824574
CC_CCE55029E621,0.6579159933171588
CC_CCEA133D7268,0.6167344833574617
CC_CCED6CEBC3D6,0.32971944259182573
CC_CCEE76415B51,0.281156297734514
CC_CD1326D52AE1,0.7001527065343164
CC_CD35EEA81CE8,0.3502265940287756
CC_CD373485942B,0.08259369447896643
CC_CD379DD39658,0.19224998209993857
CC_CD37D5CF0EB0,0.17383239244121565
CC_CD380545A7A4,0.05743994006961481
CC_CD3A378249BA,0.28551026014173175
CC_CD415B1C7741,0.05983084679638907
CC_CD4976814F28,0.05351416237027563
CC_CD4F5F1C357B,0.2296495126510003
CC_CD54829713AF,0.09058481015676127
CC_CD5E3556D5AB,0.14391282214341275
CC_CD6C797F3C4F,0.10577507944661467
CC_CD7BA8F6C4BD,0.1132040959477361
CC_CD8352F0478D,0.1790780451302691
CC_CD972E578564,0.8095857922888077
CC_CDA1B20179B6,0.13101521069651761
CC_CDA2A36B81B4,0.2154934623492791
CC_CDF6354EC332,0.07615617886787045
CC_CE01E17132E0,0.064696149693209
CC_CE1280B30475,0.14417334166913948
CC_CE134F878294,0.07213203824978393
CC_CE229894AC00,0.11959217514639277
CC_CE26907B9D30,0.41041154656713635
CC_CE2755B42DAC,0.07871323484019944
CC_CE2BD7F74421,0.25910318574362073
CC_CE3784121355,0.0991390332780093
CC_CE41F9FF509E,0.15078885278532494
CC_CE5AF0E9A157,0.0706059096772023
CC_CE5EA019DCAA,0.11678721761913277
CC_CE6460FE39F6,0.15869044560791468
CC_CE72D1734761,0.6099289712467062
CC_CE7FC560768D,0.3561423097257245
CC_CE871DB3950F,0.2952293208035706
CC_CE8D1564C4F1,0.12512905972984473
CC_CE93240526A9,0.22515973403840814
CC_CE980FCAB154,0.32035827918060045
CC_CEA0FAD348F8,0.08339835188261077
CC_CEA369A3451F,0.07737171815182091
CC_CEBA67081418,0.1927643700605117
CC_CEC0C00FE770,0.4664544418048708
CC_CEC3B21D2982,0.33609875622451735
CC_CECEC680F701,0.19670816960748216
CC_CEDB263DB07B,0.033928411344773486
CC_CEDF9C14DC79,0.2976704028404134
CC_CEF23255BE06,0.08321900734868516
CC_CEF8C71C4E8B,0.3991411559113933
CC_CEF91FDD41AE,0.3559596495419578
CC_CF0B68684C3D,0.09906660739832038
CC_CF149865368F,0.1105701667424166
CC_CF2A7A5582C2,0.12762495821314113
CC_CF2B3E37CF2E,0.35976772833280707
CC_CF2F163CE005,0.1986964718066265
CC_CF3C063DF626,0.12249478095551179
CC_CF3E91DB8220,0.33078972692622677
CC_CF3FB5744443,0.7503795119422499
CC_CF4991B8EFE9,0.10588986281212273
CC_CF53FD3AC9AD,0.03422987427891321
CC_CF5A140B279D,0.20596852383058115
CC_CF613A7162B6,0.11110055834704448
CC_CF6A8A460B19,0.08542250868261972
CC_CF792E77A16D,0.053508887979569916
CC_CF7BAF373E0A,0.033645418087163766
CC_CF8B1D0015C4,0.13905174431016645
CC_CF8D0517B79F,0.06957615492882588
CC_CF92037ACA93,0.13006925583994203
CC_CF960A300F40,0.48296207823931636
CC_CF96B6335E6C,0.1221341285928429
CC_CF9880D67A7D,0.1747630264434258
CC_CF9B249283A7,0.7758391404576163
CC_CFABF7407978,0.19862783197969008
CC_CFB2AE99EABF,0.16370701265452475
CC_CFC0BC440771,0.13747148245330443
CC_CFC235739F25,0.49386430064986303
CC_CFC6E8954325,0.09535753614126097
CC_CFD37EDB214D,0.16518989278838403
CC_CFD93C04478A,0.560311323120991
CC_CFE0AA5381FD,0.6096575732077472
CC_CFEB021AA137,0.06494300934247307
CC_CFF6E2A6A3F9,0.1911909519485414
CC_CFFDC4947256,0.12929863531284383
CC_D009368CE434,0.038261964566235686
CC_D02E59E08B02,0.052765897835838335
CC_D03848B7353E,0.07713370140049469
CC_D03A69B1563D,0.12613718652743827
CC_D0576802096E,0.07552636312721793
CC_D0582E0F3440,0.07251750203192395
CC_D059D0BEC5D5,0.30953903627489066
CC_D05C4A8F2A25,0.11006657636066765
CC_D05FBA9B9040,0.7139670089244802
CC_D0653EA71CAD,0.1773670937786601
CC_D076A984B786,0.1415312271439727
CC_D08FC2D99CF5,0.15870282873346728
CC_D09942A02904,0.11154119853792772
CC_D0A8EA2D37F2,0.10670084981949328
CC_D0AAD35C800F,0.08172835945203479
CC_D0D666EC0244,0.13084641894878704
CC_D0F3F68F4452,0.5207925647212337
CC_D0FBDE8ABAA7,0.14421928712320883
CC_D103D50237D9,0.23875280778722502
CC_D11E5A30CF3B,0.21733697412814035
CC_D122B30AE7CB,0.47893171848342264
CC_D1679B40D83A,0.12812108768040262
CC_D1760785D631,0.22323013606388267
CC_D18088587757,0.2152283477324604
CC_D184160042B7,0.28602035407720533
CC_D1886485E8B4,0.1130536544468473
CC_D1893DD5B4D4,0.0954785988299996
CC_D18B60E035CE,0.7609582529137577
CC_D191D099789D,0.08650694271437608
CC_D1BDB41E7FF6,0.06779802581511098
CC_D1BE2E6E9C9F,0.10364821996269201
CC_D1BFB29BF61C,0.08229457484794814
CC_D1C259F80E13,0.09207749890832043
CC_D1C63DA9CA93,0.1215810177459224
CC_D1C931E4F305,0.09164621441166822
CC_D1CE25F271BE,0.09272227432956964
CC_D1D2127A0C67,0.050491260147953
CC_D1D31EA359F4,0.11814817444387042
CC_D1DB888BD9B0,0.11172736743617236
CC_D1E82B9DD102,0.1655228354946689
CC_D1EF68A649AA,0.12991683092543824
CC_D1F05E69F80F,0.048059611014161355
CC_D1F6FE158DCF,0.18818961251474398
CC_D205612FD566,0.6563251291046032
CC_D21474C31E3C,0.7070354441220202
CC_D2195A061A0E,0.7150459870290693
CC_D2199CC1CB08,0.02887415302422325
CC_D21FCD9DFE53,0.5233041950877625
CC_D233B2C8062B,0.4451892991236665
CC_D234CF2C21AE,0.6676029368244911
CC_D2373015DF41,0.07514296738914515
CC_D239CBE1012A,0.12571857228239536
CC_D2591377E980,0.7814209475723267
CC_D25E25C831B5,0.07871586332564491
CC_D262BB13DAAF,0.25031615924678585
CC_D272BC699F38,0.041692887357030764
CC_D2813C835750,0.7863393847759154
CC_D285B0D67016,0.03316222445903796
CC_D28FB525E310,0.19963488696039916
CC_D2AFEE04E96F,0.05351665602147978
CC_D2BBAA423304,0.0752438589945314
CC_D2BE8B4011D7,0.06406006503698129
CC_D2C49D2FEBF8,0.19469423829422836
CC_D2D09498D333,0.14349521446135624
CC_D2D187DA334A,0.15126465113091853
CC_D2D47A5386CE,0.19740080001150456
CC_D2E98F50621A,0.05456155627578927
CC_D2F265035F0A,0.07553907595058937
CC_D2F91355C6D0,0.13762764183487428
CC_D2FC934F8324,0.1296334863580977
CC_D3044C67CFFB,0.055377791316658154
CC_D313F2C49E46,0.2900300617852641
CC_D31FFB053D60,0.11945039076658819
CC_D336DB6323BB,0.30679858612867067
CC_D343A7CBA377,0.0867558625548854
CC_D345AF4C4B61,0.12280111999778569
CC_D34FA9410740,0.06612622244973909
CC_D354C5D1665A,0.11079517324366082
CC_D35E96480AF8,0.20293529186806286
CC_D3616386D6D2,0.15444087142141513
CC_D365173E852D,0.7949057431746909
CC_D3683C6CFC5C,0.6499874750694262
CC_D373463038E0,0.07312646314146523
CC_D379CF8E3FAB,0.7703027906673452
CC_D37B4CA7F3D8,0.05223013433453902
CC_D37B5B3CA4BE,0.6619582941217454
CC_D39265D7B6C9,0.09121965719195282
CC_D39E3F732408,0.08251491795377759
CC_D3A7B21165B3,0.3101291227706405
CC_D3A9028A4660,0.042927646348202064
CC_D3A948322BD5,0.7368740875187014
CC_D3B95DB5E6C1,0.3190877254736277
CC_D3C8C5014D5C,0.2552387503161904
CC_D3D80929AF52,0.08580639885936632
CC_D3F25136073A,0.17396960238056902
CC_D4102AD032BE,0.23853338594539508
CC_D416EFCEAD89,0.09159260927665352
CC_D41C5030494A,0.6845808150633057
CC_D42E477596A3,0.06626314422181286
CC_D432C89BADA8,0.14672736682321488
CC_D434638E9569,0.11679664336236648
CC_D4518F98BB77,0.08411445899896483
CC_D452847F2A4C,0.11461729362605322
CC_D454056F92E6,0.18322745278308042
CC_D461FB973AB2,0.784595277761992
CC_D462250B13D3,0.42145431778015646
CC_D48E686A834A,0.6886895404959067
CC_D48FFD985E51,0.08985544479500546
CC_D49263A1BDF7,0.10427428056790977
CC_D49668C65C33,0.036443762900975986
CC_D49D9C57A849,0.09827291068707815
CC_D4A029A150E4,0.1186555070704785
CC_D4AC998C0BC8,0.6869857587595268
CC_D4B02AAFC697,0.13457379347445073
CC_D4BDF0F4FE9E,0.13673656647241855
CC_D4BF2778371B,0.10997197829843172
CC_D4C0F4DB3501,0.1568368699469507
CC_D4C6DD8A364F,0.11068866701978954
CC_D4CDE2A1E174,0.1237827044887881
CC_D4E7EE35695B,0.1761541181735173
CC_D4ED652E86DF,0.24404993391827326
CC_D4F844B54B84,0.052660247232186874
CC_D4FA0055DB4A,0.031890788280932295
CC_D4FDCBAFEC74,0.7248828800665644
CC_D517D90E105F,0.1185723689361521
CC_D52B87A01028,0.18830576948890093
CC_D530C3D1DBF8,0.614993046279891
CC_D5327E41EBA2,0.130100403693802
CC_D53C8BCA531F,0.11607590061935735
CC_D540C7ABF683,0.71492340125759
CC_D54105FC1349,0.3519185257581358
CC_D550CE8B9313,0.678510103847991
CC_D55C5B432387,0.14990936386886183
CC_D5646FCC5E14,0.5608405306588621
CC_D56F34613338,0.13085276794882236
CC_D573AF0F1674,0.08300220459803068
CC_D586E2C2B3EF,0.21002197512943316
CC_D589E388CA02,0.08584440129509895
CC_D58EBD954E68,0.3212186815061528
CC_D59AFE884BDD,0.5218582262032474
CC_D5AC596A85E1,0.1386896079820056
CC_D5B99B578573,0.032872546197486335
CC_D5CBF4A4D3B3,0.0952374919233542
CC_D5CE05EAA837,0.2194772781989321
CC_D5D36A6C8DB3,0.08230781340621536
CC_D5D8D545736F,0.1324321143805744
CC_D5ECFAF8C1A3,0.08581446605584309
CC_D605715F737A,0.12424413223482857
CC_D617428B4B0E,0.37000554076152803
CC_D61E8E5C4414,0.09671454118608694
CC_D652B5F05769,0.1578687076326227
CC_D6564D0CB9A8,0.19304069911592087
CC_D66183657419,0.08400506323266571
CC_D66BDD3E1AA7,0.06549274201363164
CC_D66DA331534A,0.09336075868861042
CC_D687A780C0E6,0.07688968350801607
CC_D6AE871A4C9C,0.13903512614375646
CC_D6B7AF1FBDD4,0.5222958660045829
CC_D6B874308353,0.5449431587624917
CC_D6B8F47FE484,0.5446027369536851
CC_D6CB1BFDCEEA,0.13092694333233543
CC_D6D47D7E1C51,0.046966779295942895
CC_D6DE060699C6,0.1707219276423785
CC_D6E06014457F,0.8783782970380125
CC_D6E8E17EA449,0.2849010355742632
CC_D6F216AB1C4A,0.1520195013438785
CC_D6F5E3A51C8A,0.08069207484968015
CC_D6FB3B76D7A0,0.6110024449853725
CC_D6FBCD4BA3DA,0.23622208647177653
CC_D70918916097,0.5015340268735707
CC_D73B1B9B81A5,0.08980083217389453
CC_D73E9E24BB48,0.10119495639199756
CC_D74AA0F20466,0.11855328431770289
CC_D750070C44BB,0.7806206280544046
CC_D7529675CB7D,0.1360843468671986
CC_D75C8CDB510B,0.7350472389927242
CC_D76009C47709,0.33342250232793086
CC_D771775A58F5,0.22623134172946277
CC_D77F9D613EF7,0.2588159655500633
CC_D7999C3EDE22,0.18498868351878983
CC_D79BF1D26499,0.1989080622779661
CC_D79C05885899,0.11249185385763506
CC_D79D4F15D10C,0.06763709908470544
CC_D7A11E3512D2,0.05538133634743512
CC_D7AD7A7279C4,0.1328691389023711
CC_D7B35055AF0D,0.17998027633749394
CC_D7D99409D57E,0.22311716201494666
CC_D7E403181D8F,0.11307598066619307
CC_D808C7BA9399,0.14772365559125292
CC_D80DE8B544F3,0.041891873036096566
CC_D81D19AEFB77,0.019144702430771564
CC_D81F317F6384,0.12232263503541124
CC_D844D9DF962C,0.09705364013466246
CC_D847D978387D,0.07108469722993933
CC_D85C7B85C440,0.22787006332395437
CC_D885591596E7,0.07733616682747028
CC_D887D07BDE23,0.365759744109447
CC_D88ACC0CFDA5,0.13216131126919783
CC_D88BDD0F510C,0.045274809989791706
CC_D8956424CB37,0.4207871400101703
CC_D8959BB99A7F,0.29371890250214217
CC_D89A9A14B5E8,0.06256567087605118
CC_D8AD01F3CCE7,0.0653900130663935
CC_D8B4122DC296,0.12245557255361872
CC_D8C38B187875,0.738562293911592
CC_D8E55509595E,0.061622741274236906
CC_D8E6B90C37A3,0.1147868185559227
CC_D8F1AECFCC2F,0.049928060855222264
CC_D8F7672C70D7,0.07228158925269114
CC_D8F7E904E7DF,0.15105716733106922
CC_D8FEF1C99F88,0.6807318597757976
CC_D90761F9E9C9,0.39897891146056286
CC_D90D9D5C8FEB,0.1106652852964575
CC_D912917A4F4E,0.672393061824747
CC_D91ECE64FD0C,0.1161181358225497
CC_D9325E5695D5,0.06166105544844414
CC_D9563654A397,0.21964175399620187
CC_D95766A6C24F,0.1428125911649923
CC_D95939B1BBFA,0.07228922502214188
CC_D96729C38BC9,0.10073604326329329
CC_D9791EFF766C,0.2152467976988165
CC_D97AA7C54F6D,0.1963534332359834
CC_D98BA5CE8EE6,0.4559774830938034
CC_D991DAD5413D,0.13443545774390026
CC_D995C89AA359,0.21128970643791087
CC_D9A54F55AD6A,0.13810944734668204
CC_D9B87A96C353,0.2708512153962676
CC_D9C42B0B6A0C,0.14337674808224538
CC_D9D487E78FAF,0.6378112090149123
CC_D9D744A66B09,0.08969972805032905
CC_D9DA3F6E2E7E,0.12360509228369207
CC_D9E5792258E4,0.08263370577889516
CC_D9E6B9CBEB77,0.07694847963935002
CC_D9F0CDB02AC6,0.09926398966890379
CC_DA0201D1BCF2,0.12088748953649599
CC_DA0500AFE692,0.07103662967033617
CC_DA0E0BD3880D,0.40506367203410903
CC_DA10F53AE655,0.6458833404105981
CC_DA1643A835A2,0.11254001724389397
CC_DA1C5BAB7E35,0.4858877875095428
CC_DA1DC6A6371D,0.21677435507064227
CC_DA1E6B31DD2A,0.6876957946684117
CC_DA1F282809D0,0.022088873923938268
CC_DA226442D919,0.7700088795366982
CC_DA31EC318B1F,0.07011028129330998
CC_DA33597C6459,0.1300769503110831
CC_DA43CFB5CC2F,0.1718234034102459
CC_DA481C72B8A4,0.18788667499914308
CC_DA55447636EB,0.033294176257407875
CC_DA5AE34842E3,0.08487348987371536
CC_DA6880B018AC,0.14325155633677802
CC_DA700A961616,0.14708259091086037
CC_DA7E65F1E6AA,0.06436809873176916
CC_DA80FAA7FE30,0.11573871405760355
CC_DA8DCCC1199D,0.2930175821403027
CC_DA8EA724C1D3,0.49226628018410146
CC_DA8FA65D1924,0.04134165531651447
CC_DA99D1E41C3E,0.05613131649973346
CC_DA9C3BEFD0B3,0.1574479650036267
CC_DAA3B7FE1C62,0.07317527034513481
CC_DAACE4211B34,0.17425245077793472
CC_DAD239E56638,0.7615472092275631
CC_DAD4BC090253,0.07668179282668396
CC_DAEDBA26BA12,0.3118061085242493
CC_DB1EB08EB40E,0.10198673943785115
CC_DB2314ED6960,0.09372815509682568
CC_DB25E05EC5CD,0.4376583258197546
CC_DB3BE0C87882,0.05180928221921856
CC_DB44628BC147,0.1632656850800731
CC_DB562E602BA8,0.12226316234030038
CC_DB61D7F5F8F2,0.7584999871943456
CC_DB6498598C32,0.16437843124679022
CC_DB6B59FB6E30,0.03559820004392661
CC_DB801B947698,0.31463682575152896
CC_DBB8C467FF1D,0.13796554297234523
CC_DBCD21C2C322,0.08588347501649984
CC_DBDB148E45DD,0.11374591998242256
CC_DBDF9BFA7E87,0.08998986109846982
CC_DBF5CD2D854F,0.14602744339714346
CC_DC0077DE6E39,0.14772456732923403
CC_DC23159A1F99,0.07926169989672
CC_DC2458827FD8,0.19696876034760388
CC_DC2BE35D58AC,0.2203119280767501
CC_DC49C8D3F7EC,0.5201529467494153
CC_DC5DE66826E9,0.10687696925818667
CC_DC6063FC6464,0.10862816302974886
CC_DC771AE1B4BA,0.6648818163013741
CC_DC7DEBC30E17,0.4017687221537466
CC_DC978F3A711F,0.6987839320007216
CC_DCA2140C7BC4,0.21799029415577087
CC_DCA5CE7C9DC3,0.12511621623618632
CC_DCB5798049B2,0.12132471364310671
CC_DCD10C95C942,0.4897939346852407
CC_DCD145E8E729,0.3184961046723905
CC_DCE0BFC03B86,0.04149270086422542
CC_DCE75AE2FB52,0.06076446409945366
CC_DCFCEEF21BA7,0.3788167826496741
CC_DD12A8C462FA,0.12037010910745477
CC_DD14867350AC,0.11983188777746862
CC_DD232BC8881D,0.19928398348946583
CC_DD2473D34D68,0.16010109945070358
CC_DD2B5C4CD318,0.08938232179674728
CC_DD4EC06C3A92,0.2294191432472212
CC_DD5299DA8C1C,0.07632442235607632
CC_DD59BFF18ABC,0.10545419255413113
CC_DD6777E1B05C,0.07433380920498997
CC_DD6EE1501B89,0.0653922042586454
CC_DD78B52AE022,0.1408463743743943
CC_DD7983A07B43,0.6480270077828483
CC_DD80B5CC495F,0.12500664778691573
CC_DD8956B71825,0.7102927667702217
CC_DD8D40E7E2A9,0.09635825028846169
CC_DD9972D0B63E,0.13223467150343005
CC_DDAE70634ED3,0.09172788651471665
CC_DDB4A9FF2B03,0.08977677069150873
CC_DDB68302DA2A,0.14428904659901823
CC_DDB9DEC9C037,0.07371145584317294
CC_DDC610D2B2F0,0.0821892664809453
CC_DDCAEC6BD9F0,0.16960179111454213
CC_DDDF665EBD93,0.25049691656524603
CC_DDE66EBF2157,0.0770585024957677
CC_DDE8B7E9C7F4,0.27971500417215417
CC_DE019FC36D28,0.43229768215007663
CC_DE07076B04D5,0.10071360216995923
CC_DE07AECD2361,0.029044083773759822
CC_DE08A4514010,0.5332586202657706
CC_DE093FAC5293,0.45787487150922446
CC_DE17BC1C2324,0.07973878897333701
CC_DE1B13B3E504,0.05494593163391161
CC_DE4264861B73,0.10269894000582187
CC_DE4810B88C51,0.2928660072249917
CC_DE4EE8A16896,0.11995202094277964
CC_DE523A2403BB,0.11091143080900047
CC_DE52860CFBBE,0.18710591649635916
CC_DE593193FB9C,0.18090543243457205
CC_DE5A9B499ED4,0.09758261069914934
CC_DE6AFFA63ABD,0.10445075313642603
CC_DE7CEC14CCD5,0.6078904883130519
CC_DE7D7B5BBB14,0.6443095166431211
CC_DE81AAB7BF48,0.07696088458003975
CC_DE8956D433E2,0.6692869570707095
CC_DE8FB8D1CB71,0.25181455441538086
CC_DE90D07B269D,0.23960596430496153
CC_DE9A62529780,0.19457345153326303
CC_DEA425EA8441,0.09641361556101263
CC_DEBE01582EFF,0.17491805730380824
CC_DEBFD4E79A38,0.04035215614569506
CC_DEC97F13CB8C,0.12421461807669558
CC_DECF1507C86D,0.12317087759019649
CC_DED24C8D047A,0.10982722029594519
CC_DEF4AEBD31C8,0.2824718705805559
CC_DF062F698349,0.09065987203574252
CC_DF13D5CB626A,0.11093304010273067
CC_DF15C526CDC5,0.06149093960522502
CC_DF1F6C68F7D2,0.12458034645774539
CC_DF3EB88F509B,0.10045309035776658
CC_DF4E332C886F,0.03774545992064828
CC_DF514171DC30,0.13566586866801345
CC_DF536CEAE5C0,0.0929459833616108
CC_DF5806CC2CFF,0.15552984083917726
CC_DF715690EF20,0.250825876483078
CC_DF718A37AF15,0.11338807707582553
CC_DF7276DD74AA,0.11245236123165869
CC_DF750B2D6872,0.35720566564261985
CC_DF9FB6670627,0.08890053152292444
CC_DFA65A0125D9,0.07771736495605565
CC_DFAE355359B8,0.2215910822859341
CC_DFEA562F7BCF,0.3057999752213033
CC_DFEDAF0F0D6E,0.044813004344590096
CC_DFF6F74C64B5,0.7870206705249669
CC_DFF87DF16763,0.12729838656286133
CC_E00D8ECE9FA9,0.17728634702934953
CC_E027E36615C0,0.5480076772352408
CC_E02E23CE49A8,0.10531753264167298
CC_E030B3AEBF19,0.13552200377891074
CC_E031A4C862C1,0.20269102893463736
CC_E0339B331F4F,0.09623127623496196
CC_E038981B2FEE,0.10598070723289159
CC_E0463868968B,0.12423109694198295
CC_E05A8621B581,0.2943320306778264
CC_E07FB0312232,0.10910010678822084
CC_E088594E0624,0.16743336642505482
CC_E09AC3B1E534,0.10571715760764809
CC_E0AC29AFCF97,0.12857017668334988
CC_E0BAC6E0D0DA,0.06062922800314778
CC_E0DDDA07F0A1,0.17885252660347367
CC_E0DF45AB72B6,0.24067473185273083
CC_E0E1F8E7379E,0.079156779501177
CC_E0EF095444A5,0.12865338325258713
CC_E102E4F7F8B4,0.20240750827647866
CC_E109B4CA6A8D,0.12589811165246362
CC_E11470A2D92C,0.4193260968368934
CC_E117B8A6ADC6,0.030646856547124113
CC_E128015073F3,0.09934077290028824
CC_E131D5EB9237,0.2005306365795774
CC_E14A24095E9F,0.13266914378806674
CC_E14CADF89123,0.49974684651071116
CC_E16876025011,0.051642900669195205
CC_E16C71C15D04,0.6734187654391579
CC_E16F1BB83653,0.06959388761934207
CC_E17448FB08EF,0.6646272277372018
CC_E17AAACEB07D,0.09442634639208577
CC_E1875522DC57,0.1586148957414965
CC_E18A0734641A,0.10554906878537984
CC_E18A22453843,0.12351859880015847
CC_E1B4E3360C0F,0.1505139987274206
CC_E1B5AE645169,0.08807776991046676
CC_E1B71F6B7DD2,0.2846636625299661
CC_E1D073F693A2,0.3717105194241764
CC_E1EA83C31C66,0.09020025328983407
CC_E1ECAE226485,0.2522126670527245
CC_E1F0C5076481,0.07056078755852677
CC_E1F78CE289D8,0.05339389456565525
CC_E1FBCECE0A54,0.19374696936074065
CC_E1FD46CA26D5,0.12062777177779152
CC_E20E7C7164A6,0.7544270245628293
CC_E211E2698C14,0.040539635540792984
CC_E21B4F587C45,0.16769654537268383
CC_E22A278A1386,0.06924981657068752
CC_E24078C03B7C,0.11404818647899628
CC_E2452737F950,0.2117612447046744
CC_E246119AA09C,0.7386237986890395
CC_E246942C7310,0.09278143653296836
CC_E2474A334F3D,0.0839915875676335
CC_E2489637D0E8,0.13562503419484762
CC_E2521AF9C2A2,0.09623498183575746
CC_E253F4AC4762,0.5868466762185958
CC_E257805D0F0A,0.17179417673750494
CC_E25A924EDB70,0.09055842665925226
CC_E25B5D5502AD,0.1074771599745634
CC_E2619E24BEDD,0.713802202693511
CC_E274DAF3C064,0.06931236106703491
CC_E2787CBDFBF1,0.1407652320895246
CC_E28AE2E68BB7,0.6919470262257187
CC_E2C3E272D059,0.26949316243066884
CC_E2D653061523,0.3406197274927494
CC_E2ECDC7D23EE,0.13210067275247458
CC_E2F0E725C3AB,0.08136918988069228
CC_E2F7712CD056,0.17410651557670606
CC_E2FD7FCF0AD5,0.778037306749735
CC_E308C7DFB2F2,0.14249735070035047
CC_E30B791D5F11,0.25526897794689146
CC_E315F7A94400,0.30656111348317305
CC_E31DAB1E73F5,0.05303931627094837
CC_E32034C97E83,0.24216401527838186
CC_E32DBED5EAC1,0.22629477348619775
CC_E32DDDDEE3CB,0.15533278879371767
CC_E343EC3EB052,0.6850031582281878
CC_E34A04E78D60,0.15812095767024476
CC_E3503B565AD0,0.31618812571591415
CC_E356B05ADD56,0.16211570594884464
CC_E35D02BE6780,0.024811155633749613
CC_E369AAECB2B1,0.4838184519166631
CC_E36ACDB4F96F,0.49524594823639545
CC_E36C7F0E1657,0.8570205930333343
CC_E381FD4674D5,0.030091020635355282
CC_E38E3835121E,0.06892716463922643
CC_E3A70438A0C1,0.24760677144213106
CC_E3B5C76189F3,0.20041606204382584
CC_E3B7B7E57889,0.16506796743504265
CC_E3CCC0D886D9,0.17916097176518503
CC_E3DD8AD10171,0.2524530184813289
CC_E3E230CF20A1,0.19830450610460468
CC_E3E4B2543CCB,0.07910180511158535
CC_E3E5DF01E014,0.18298582984670692
CC_E3EB157288A2,0.10556813945014269
CC_E3FBDA203EDF,0.12593502151060998
CC_E404FCA6CB2B,0.6818095219789613
CC_E4054F9C8442,0.3038920978714984
CC_E405D808772F,0.029112220218706908
CC_E4137B250609,0.32583949778769544
CC_E41482A7E968,0.0836356888671102
CC_E421FA1874F4,0.10252450741029903
CC_E42C38BBBD04,0.14399472226261836
CC_E42D90BFB285,0.07052119768037984
CC_E42EFC05C891,0.09561254674108229
CC_E430F3C75969,0.11130339367575427
CC_E4576D6B6478,0.09266896606125911
CC_E46B27A13728,0.41223492241968646
CC_E4783FB590D4,0.16485060766790352
CC_E489009C6500,0.19481705172614172
CC_E493CB46177D,0.11520018565854581
CC_E496AFA9B40A,0.317756771206652
CC_E4A2FFE0EE1F,0.13545973193906882
CC_E4C553538385,0.3603510008958363
CC_E4C7B5501ED1,0.1997913436176418
CC_E4C8A5A60F51,0.17843051816356967
CC_E4C94AB69214,0.47320855720111193
CC_E4D75244E8B8,0.22913377179603123
CC_E4D9A8EEDBAE,0.2111655315129136
CC_E4DF787730AA,0.1314170600726595
CC_E4E0DC070132,0.12026844931614748
CC_E4E3C08B7F86,0.06394589843121519
CC_E4FEEB4389C9,0.41667635597706976
CC_E50598344DD9,0.4356009071555667
CC_E50C634A9A18,0.03409948512712861
CC_E5107337FDD7,0.038311460353261856
CC_E511BFCFEC9E,0.626541781539656
CC_E51318749E09,0.15519681114618625
CC_E53FE6708AD9,0.7487103412964747
CC_E54290FEA34D,0.10185288263960093
CC_E54B723C018B,0.039003775682612894
CC_E554618F383B,0.09527544007766157
CC_E557336955A2,0.10267598161863897
CC_E55B48E73651,0.19158242606625228
CC_E55D8DC645B9,0.05736484655492175
CC_E575DA02C575,0.22083373833998826
CC_E576BD98A727,0.17953271900940673
CC_E578DC77656B,0.14881576517006612
CC_E57F3EAFD9A3,0.13615140966833028
CC_E59A01603B7D,0.3220903516402617
CC_E59B2D974CB3,0.2909021815897781
CC_E5A1C44F0F07,0.6585769151318592
CC_E5A8BDF6BFC1,0.15562427171199344
CC_E5B284DA0E5D,0.11694996328346659
CC_E5B8363BB378,0.5943908595430243
CC_E5D8BFFA5F88,0.08178585882825763
CC_E5DA04902EFD,0.23318119010630423
CC_E5F53CFC20EC,0.07043534384190757
CC_E5FAECE63C59,0.599070263902475
CC_E5FB6E872C58,0.05260792304918968
CC_E6045565E7ED,0.11221621086754051
CC_E60845ADC7F1,0.032497167122230435
CC_E61567D6B392,0.11912303925666062
CC_E62174AFA94C,0.16048666389726182
CC_E6247DD14641,0.10097334468821194
CC_E6289A61F0ED,0.1165879199135346
CC_E62E32FB6FBB,0.025410198184392507
CC_E62F6BE942DC,0.21083799366580416
CC_E63E49B128AE,0.07385718808117742
CC_E63F89885A3E,0.7718932749694354
CC_E6466E6A92CB,0.23671609311082317
CC_E64BC95F8B2A,0.8383661491908487
CC_E64C652BBAB2,0.08096767742815802
CC_E659DB355476,0.15276839690870048
CC_E65C8BA5A7CE,0.0671653839910667
CC_E65F39446752,0.2845215324515867
CC_E67395791589,0.15680242872281977
CC_E67622A69EEF,0.09694299247494155
CC_E680830CAEF3,0.06671084308278734
CC_E6823643AC4C,0.6973360746028492
CC_E683F33931BB,0.11577046021361413
CC_E68841DEB163,0.1279396864575416
CC_E68B2C33D180,0.14044824691283278
CC_E68EE6EC2618,0.06711264929612787
CC_E69508D3D3F1,0.19116355909539587
CC_E698F1348426,0.2499717748469736
CC_E6A178F3709D,0.13760588206858193
CC_E6A4B6E8619C,0.6233491090704836
CC_E6B3887C66BB,0.25313481693624845
CC_E6B6BBBDBEDB,0.3028139026447275
CC_E6DBD0F9DC3B,0.10690873158098393
CC_E6F090F70DDD,0.21380463484308077
CC_E6F2D8CB45C6,0.11390372953960479
CC_E6F8FBEDA2A7,0.11944620926785629
CC_E70854CDFE9C,0.06551389810594577
CC_E71C05F07F85,0.06721585252116112
CC_E72797CABC60,0.05670163817044291
CC_E727C1153226,0.10436469108646641
CC_E73489D828C7,0.1042148318385161
CC_E7355465CE6A,0.08488838083617249
CC_E73CDBC743FF,0.24564206898536836
CC_E74F00E75A4F,0.09140881155426465
CC_E751F7E19192,0.12560770512360755
CC_E7522AD6431A,0.5970695291779055
CC_E7523630D2D9,0.2359187863586472
CC_E767372DD95A,0.5707004708551012
CC_E76C5DFD3BA6,0.20016742678233368
CC_E77326438575,0.2232929486504602
CC_E77E29E11EB1,0.13022850289926932
CC_E78F20B3223F,0.6886855010949279
CC_E79A23E64518,0.07501124956769026
CC_E7AC69AEA182,0.8379312944715275
CC_E7B754CA9668,0.062067865250830065
CC_E7BA60365AE8,0.1041273074112964
CC_E7C95D4A741C,0.09215085042683553
CC_E7D3D728EC5B,0.21319137634708715
CC_E7E4D5F851D3,0.058708207173461084
CC_E7EA49D37B64,0.32510752282283834
CC_E7EF11A24F73,0.7615696943021467
CC_E7F6F9A7EC65,0.08179691121009101
CC_E7FBC7F69DBB,0.13732633966311866
CC_E80B1A55A74D,0.12924696614278716
CC_E824AB0AFDBB,0.18312481177854406
CC_E826DAC92D9D,0.2622932465533252
CC_E83AB7100D06,0.14461388883798296
CC_E83E6D31EC76,0.20007830641182253
CC_E86650461FBE,0.14517503758375916
CC_E868A3754B11,0.8833326379635505
CC_E86A993F7D05,0.09402819158403311
CC_E87992FBEE80,0.6498591626112977
CC_E87B909C4DDD,0.20370406778007036
CC_E8828BA7EE08,0.13495224393308597
CC_E886157F6FBD,0.289184249150447
CC_E88711C5C98E,0.12122208940360969
CC_E887680BB6CC,0.18623918954013627
CC_E8909BF77D8D,0.1562729065081841
CC_E8A82DA3A246,0.1772289164478416
CC_E8AC7545DBD3,0.10347745849549378
CC_E8BA6B224C3E,0.12079175893857828
CC_E8C6CA45BF72,0.172982726843388
CC_E8D2E3126A8F,0.6496214126438432
CC_E8E55DAC4FF9,0.0659969836317753
CC_E8EB77AF3F78,0.7977356250106028
CC_E8F2C6905503,0.35400029766145674
CC_E90831F897A9,0.16133790392695005
CC_E90B14D51185,0.4434601331541517
CC_E9188329C9E7,0.09483970122954277
CC_E91E1C0C0C61,0.6851877867414807
CC_E91E9D34C5F3,0.11994626266746072
CC_E91F555DBA96,0.13279912421956766
CC_E932CFF4B4A4,0.19700327835107428
CC_E93643CB34CA,0.16851575520361603
CC_E937CA493910,0.10170905170533419
CC_E9409A50B4BF,0.5165370198058259
CC_E96711AD5512,0.07741263729998667
CC_E96A3E6912B4,0.4516985498310317
CC_E98AEE74B9BC,0.22507620935029132
CC_E992FB78BC2D,0.2643791919552485
CC_E9A3AECEE3A9,0.10587380083322298
CC_E9BDA7766728,0.2644103239629101
CC_E9BF1AFE86C3,0.2210001567530463
CC_E9CA055AD1A3,0.12333561748446444
CC_E9CA0A56E917,0.21201801233626802
CC_E9D3453F53AC,0.5500200683767436
CC_E9D46EFFA839,0.19265022505841528
CC_E9ED872B6037,0.05386553533348731
CC_E9F40C1B559E,0.13661482649558573
CC_EA06928C0AA9,0.2255465106241941
CC_EA0A46F64C80,0.14084820816237437
CC_EA114B15FC04,0.5168533089968549
CC_EA1F3F67BA2E,0.11148606357467526
CC_EA21618614D1,0.7597978077404767
CC_EA26B5A89181,0.15673198825359066
CC_EA26C6C27662,0.2094556708048969
CC_EA3B5AC76649,0.25051733971271706
CC_EA4E669C8528,0.06707920265417096
CC_EA6917E7A5C2,0.7509514246397875
CC_EA8A25862433,0.09675558375009143
CC_EA901D7CA670,0.16349261392577893
CC_EAA2BCE323EE,0.6813580198521618
CC_EAA6D5189190,0.10550152405560562
CC_EAAA8DD7FAAF,0.1879905999971837
CC_EAB7408CCE0E,0.3157302838498413
CC_EABEDB3C4827,0.1296176736251602
CC_EAC6D83D1BFC,0.03444499870549348
CC_EAD7F3E9DAD1,0.05699848388839149
CC_EADC7D8196C2,0.2847880237945132
CC_EAE608E24E29,0.034089193361240215
CC_EB05AD2C7C27,0.054544133704359836
CC_EB1DA337E2D1,0.11340837604209232
CC_EB1F425EC937,0.12726156012370557
CC_EB2FE764BF6D,0.10316763567723242
CC_EB55483587DE,0.11931788132351369
CC_EB569B3E2E12,0.565901540483295
CC_EB57E6E6C96C,0.18318450174187365
CC_EB5A0FE0605C,0.1120680940687474
CC_EB64EC97D01D,0.1038617444750282
CC_EB691249B91A,0.15557072821280554
CC_EB7C50A7D4C1,0.47180433296645125
CC_EB7C52FDBEC3,0.16708202081738696
CC_EB86FED24535,0.2889216679817298
CC_EB89DECC2021,0.12565901115949726
CC_EB999F9D6095,0.17840667784088488
CC_EBA2F85924CE,0.08763503892053315
CC_EBAC5A53FD11,0.04662072858150584
CC_EBB109EF7619,0.18788848957502222
CC_EBBD00C18763,0.051360415802082546
CC_EBCA68C7854D,0.09983885256291958
CC_EBCBDE122879,0.16518871767892995
CC_EBDF6C88BBA5,0.1197570450907822
CC_EBEDAC91ED43,0.09525516324978738
CC_EBEEC4183FDE,0.05575151522699196
CC_EBFD9D007253,0.45201505713594864
CC_EC1ABC58E09A,0.17320948898642965
CC_EC26EABA68DC,0.7444572153669167
CC_EC2A485A3E71,0.11330406861343076
CC_EC3B9E2FE47B,0.12973298710459433
CC_EC505F03EE5F,0.02895022766334599
CC_EC5317EC6706,0.19272770765681438
CC_EC5B7FBD1EA7,0.10699839708047058
CC_EC5C7471FFC5,0.07573901148803186
CC_EC5D92B3617B,0.1752949861982873
CC_EC5E214BFED0,0.6856151438466936
CC_EC6406527201,0.12245324284049307
CC_EC79022358C6,0.34121749921130295
CC_EC831A90189F,0.11757062296312218
CC_EC87C131FADC,0.030400314435525468
CC_EC88785D6F39,0.18666055444580545
CC_EC9173F5284E,0.029561038209616634
CC_ECB7B3B6272E,0.08681214262310735
CC_ECBF4CED56D1,0.12482235036487739
CC_ECBF80B94EAE,0.7874758346215174
CC_ECC78B7AE3F1,0.5679494166809295
CC_ECC7E9E691F5,0.1438142637513254
CC_ECC9235F612E,0.25312683526315877
CC_ECCB0BD557DC,0.11725960057222103
CC_ECCCB1B4EA8F,0.12025836333551998
CC_ECDDF4983DD9,0.08330407230356066
CC_ECEE93C4F564,0.5167780288076739
CC_ED07BD8B2CB3,0.07258974623140987
CC_ED0F4A02A01C,0.25647489517500793
CC_ED11D72A1D3B,0.07911778660616459
CC_ED165FC5A06F,0.07140666091397758
CC_ED2B6A40ABC7,0.22759362075981843
CC_ED390F22A931,0.1199628512179625
CC_ED40E7CE5177,0.12298951964722235
CC_ED4E4B13DB1A,0.05513808090834553
CC_ED4F22572419,0.13155927810765375
CC_ED5AE5CB1DC5,0.05576627851226261
CC_ED6090A4E6E4,0.2847327583713984
CC_ED645D91E6A5,0.12814061505331648
CC_ED6B045B6075,0.1613195458078866
CC_ED9313C71C57,0.10165371410763496
CC_ED9BCE7C776F,0.7138622071389954
CC_ED9D4644716C,0.1287835393422391
CC_EDA794402358,0.22242692035804337
CC_EDAADACD4DED,0.12270057758871167
CC_EDBAD2E989FB,0.13823635949259552
CC_EDC98B474E76,0.3488402173267926
CC_EDD1FD49A66A,0.726716634972832
CC_EDD448008C0C,0.7524217611478007
CC_EDDA3B790095,0.059659768298103245
CC_EDF95BF0E3D6,0.21915517952616798
CC_EE03D7C2BC69,0.08023981230687183
CC_EE0D95184E81,0.039035038509360145
CC_EE0FF690C214,0.469729410720064
CC_EE2412C352D5,0.08187007456097349
CC_EE2A010019CF,0.09768299635767876
CC_EE2AC730827E,0.07675633262296663
CC_EE3236E6A9FD,0.12169546634816455
CC_EE3759EA49FF,0.1638883223720055
CC_EE38C78AD88B,0.41316400629270533
CC_EE3CE0FD6B77,0.5829232873605837
CC_EE6B7E58FC63,0.07295054112095227
CC_EE6E02464067,0.2374592333381406
CC_EE6E1FA7A753,0.09277356194045497
CC_EE6FCE6C233A,0.1991344564193948
CC_EE88C07B9333,0.10518513393018512
CC_EE9004165810,0.07869277319160325
CC_EE9BD17AD343,0.061840973359980685
CC_EEA608D5A455,0.13182208658883315
CC_EEAFDB1BB486,0.48215890908211184
CC_EEB482736C41,0.21349467526082677
CC_EEBD9DA093E1,0.04101792864654864
CC_EEF23DDD2262,0.13072392958751122
CC_EEFBDC9AD94A,0.09833365415422965
CC_EF05000895F4,0.5147889546413396
CC_EF16B2CE0988,0.324679291027668
CC_EF1DD3F0CBDF,0.08532388807206451
CC_EF2D82085BB9,0.12655420482832613
CC_EF2DBE79D656,0.2571286790084674
CC_EF3000C48A4C,0.08546029680048103
CC_EF359AF608EA,0.03469687885186931
CC_EF362432D758,0.2673979599973418
CC_EF548B30F1B6,0.2459697236833459
CC_EF5B403DFD7E,0.11429247156559687
CC_EF66DA0DDF9C,0.28082680383999076
CC_EF70BA4AEEC4,0.15145044375975086
CC_EF83DD56FCC5,0.05821325179926325
CC_EF8B642A6F8D,0.07287498466688307
CC_EFA1EB27DA19,0.046202823717134564
CC_EFAE84EA9BDE,0.07262169245060546
CC_EFB26BEA106E,0.33896622871253285
CC_EFBB51CD8502,0.14268702379482026
CC_EFC18E9B3B55,0.12019718321417727
CC_EFC4B0020E2D,0.14135844657995614
CC_EFC9FA5108D9,0.12568626851468656
CC_EFE45D9B9D9C,0.042939163692014726
CC_EFF27FA98DF1,0.06770367963270066
CC_F000DA497736,0.2654847996330693
CC_F00107DE219E,0.6814927930592802
CC_F009FC54A64B,0.8112309824246278
CC_F01DF28C6BFF,0.14686082784429455
CC_F037C91F63BF,0.1257372159167743
CC_F03FADA95A03,0.7656221647358816
CC_F05235F3C894,0.09760710158743266
CC_F0649FEBFEB8,0.46491227390277856
CC_F066C78B5C0D,0.13781536909822972
CC_F07313626618,0.6028679566832739
CC_F0783F6A56F5,0.7807143840518952
CC_F0791523691A,0.1952867194731542
CC_F080750455CE,0.06266901213875842
CC_F0809EBB0B51,0.042525035362330016
CC_F08259F86E23,0.1824582547303444
CC_F0929F859702,0.17792566429708667
CC_F0A7203CCA39,0.1616955447202546
CC_F0CD4DD9C63C,0.17782371689114673
CC_F0D29AD328E5,0.17265275692029874
CC_F0D339E5B80C,0.06541259086901811
CC_F0D3BC14FA77,0.09076649544563915
CC_F0E16D28D49D,0.14509595624965993
CC_F0EBE2C00A7B,0.05450503775882802
CC_F0F137758DC2,0.07858652504616989
CC_F0F6BD40CA43,0.38248872935081674
CC_F0F6FCF6010F,0.13962192642793791
CC_F0FBC9D4ECA1,0.0450162490332161
CC_F0FEE924096C,0.18517892281697634
CC_F1074E035DE6,0.07292539801646679
CC_F108D26930FF,0.3988754573669664
CC_F10DB853B9DF,0.3217197673470225
CC_F10E06D52D76,0.12199930383975446
CC_F11F5F477B91,0.6612084905878668
CC_F14913B5BE1B,0.7489263179935634
CC_F156C1647E3D,0.1058139013253953
CC_F1598097E314,0.6347316300830994
CC_F1641E3AAB3C,0.0716184015478778
CC_F166878FB959,0.07920360339183254
CC_F17540FE7C9F,0.12959748093136364
CC_F175BB08B29E,0.05361032819206644
CC_F1782AF286D0,0.32759843227531954
CC_F1796AD4B774,0.6711679101486803
CC_F17B3A3A5E56,0.6020933742521788
CC_F1858D6F0080,0.13169711177370508
CC_F18689FA8E29,0.08921462481178012
CC_F18A82B0F153,0.13446075038003352
CC_F1AE7142A128,0.1352919444725887
CC_F1B43DD57C9C,0.08959180036518312
CC_F1BCB7676492,0.1376542482901308
CC_F1C8B8BB90AE,0.18332291201490028
CC_F1E044CD2D75,0.367601024491458
CC_F1FCB96B5E14,0.2822161288093615
CC_F2067E92A939,0.14678081278396465
CC_F21512554CC9,0.13906746499195263
CC_F243956B7575,0.07978359420925529
CC_F24FBC9FD3F7,0.32531373125450974
CC_F252EB3F208B,0.09843225553258093
CC_F25D793346CA,0.32507386680781064
CC_F25EB1ED5AD9,0.09676681645553019
CC_F265A0AE845F,0.6785834191591066
CC_F274BB4AEBE0,0.054721570215054145
CC_F28BF2185131,0.053973559581434884
CC_F29077E45AF0,0.1330843581164969
CC_F2988560CAB8,0.3002219290804235
CC_F2993AB36C56,0.09702023492620378
CC_F29D6C65779E,0.08936213606920995
CC_F2D2BADD0000,0.06286104473890988
CC_F2E4AEB73D57,0.1036014478092411
CC_F2E630BAF431,0.04805652144567205
CC_F2EFCB40AE74,0.13989531347491865
CC_F2F085891915,0.7567140039396308
CC_F3030E2C80A0,0.20185618716514866
CC_F3044C7C16BB,0.05697996043797819
CC_F30B21CB4603,0.10275106715260794
CC_F3140FCE870A,0.08637069335300818
CC_F32A84B321FC,0.14614096919938785
CC_F339FF584607,0.24146369146860422
CC_F33CEE0F6DBE,0.36202677921429177
CC_F33DAF3E9CF0,0.1335162488766138
CC_F34EC3FF202F,0.0915807723247644
CC_F35A6C383B39,0.23170972050621097
CC_F360E0FF27CA,0.0900964982922101
CC_F36B7AEC0086,0.12732457077026624
CC_F370665BECB8,0.6733130870776614
CC_F373A60E53E8,0.039048288206683476
CC_F373BDAE18B2,0.07487768910607769
CC_F3745BC63340,0.09451032630835095
CC_F37DC9169301,0.16050268683538774
CC_F394E57C5243,0.2366350783978245
CC_F39E98FD418D,0.11701267295961677
CC_F39F51452381,0.03155171809530624
CC_F3A52465664E,0.08024960875657931
CC_F3A8CF761A0F,0.20412676476011213
CC_F3BF1709E29A,0.32283062167267124
CC_F3BF72C29211,0.08856043089727526
CC_F3CF35465CF1,0.0723461961563207
CC_F3E2186DBD4F,0.2361646039092691
CC_F3F0F9B9B56E,0.12616591634267985
CC_F3F185395BE1,0.08506673979886918
CC_F3F68E6599E7,0.06995319158230444
CC_F3F7763C9DFE,0.11873383774984163
CC_F3FFF13592CE,0.07511212420788482
CC_F410C3CE89E1,0.16490376807433424
CC_F410C8B811FE,0.09103100644925184
CC_F4132072D78E,0.12057690854656093
CC_F4157B8E5B32,0.5252430002742803
CC_F41CF067E828,0.11007609140721726
CC_F41DC456E539,0.07630334239654875
CC_F41EEF55A0EC,0.06162104340216612
CC_F426B5C1F07D,0.30856900309995167
CC_F437875F9000,0.13779133570030916
CC_F43C961F8A30,0.14733014955824678
CC_F43D9BF23472,0.04777304590929533
CC_F444BE033109,0.13848429870970927
CC_F4481124F17A,0.1402817290845593
CC_F44EAAF80F70,0.17330017849664753
CC_F4521F6D3492,0.43014799119248676
CC_F46BD9AB1B68,0.14915237839067613
CC_F4763AA0B824,0.6224741594201009
CC_F47976F33E20,0.17608581254083105
CC_F47E588D4470,0.2075183508064513
CC_F4A2777912C2,0.13914007884157437
CC_F4A6C2B23685,0.07892683962390783
CC_F4B3EAEEEA8B,0.04608507089745948
CC_F4C6CD1E720C,0.08790277692056916
CC_F4D05DA98C83,0.09265582752882982
CC_F4D15889CDE0,0.1020980960798595
CC_F4DEC1E6173D,0.06746862746441637
CC_F4EFAD6AF8BD,0.27840167290103285
CC_F4F7835A1FA2,0.17716903215315238
CC_F500597795FB,0.14995029063378562
CC_F5197FA9580F,0.6978962732065815
CC_F5240F59146F,0.10561274007141992
CC_F534A0B87C3B,0.15496696271919094
CC_F536972BFE98,0.10873830428369173
CC_F54FDFE5A5C8,0.0941893997952083
CC_F55727F65F86,0.21151439006770062
CC_F558EBDCDD6D,0.1411261130971998
CC_F56D569AC51F,0.09301933681651726
CC_F5714D180EE1,0.14813651691970292
CC_F576ED9554AD,0.3620063092213678
CC_F57C2559358E,0.2087192096770839
CC_F5AA72FC0972,0.09023660594659881
CC_F5AE7DEA2B48,0.09545647831330892
CC_F5C6A5E9D495,0.11967273863306177
CC_F5E0731F2181,0.18742563805685694
CC_F5F4F3B03FE8,0.732840586133352
CC_F604D7B9CBD9,0.27616269273914984
CC_F60F13391D61,0.17713768380903402
CC_F618D72DF162,0.1165695399502229
CC_F620B15ACC5D,0.07045558400068952
CC_F62D426D6614,0.10825327690003353
CC_F634999D5C1D,0.029088967585359362
CC_F636E5BAEE47,0.1644969451819547
CC_F6461B692240,0.6674545889896069
CC_F65BAD63AED0,0.23475156727693403
CC_F65DD2AC57E8,0.23748396173060593
CC_F66C6577674C,0.058866549217843095
CC_F670896FE959,0.14562352809916257
CC_F67376F272EA,0.7257155622645914
CC_F67FFE9E884E,0.2782803899636467
CC_F683C99F06C1,0.09574517956229113
CC_F68523E2CE7A,0.8009215060906427
CC_F68E62F9AA0F,0.03214890454405374
CC_F69604E05962,0.06772607573862673
CC_F6B8913740B3,0.08526236816671875
CC_F6BB4952DD35,0.23093609233872905
CC_F6C0B7AC57B5,0.6845871915176562
CC_F6D2B06E6E8B,0.6881958940905764
CC_F6EB30A84C9F,0.23149423540490488
CC_F70345A4792A,0.11465871526737341
CC_F7068C1F77B3,0.3184874251745298
CC_F70B0EA8C0E7,0.07142631141741071
CC_F71CC97FCE83,0.08398020541329163
CC_F722224A84F4,0.644614413200095
CC_F72D1046063A,0.22684604207468292
CC_F72DAB32A281,0.07900951790503004
CC_F733AA5C0ED9,0.09044572815196439
CC_F74043C1BBEB,0.051876978982550545
CC_F74A31E36137,0.0690258866949439
CC_F756B167634F,0.18026366550907574
CC_F75CBE8E1B92,0.5695453063409396
CC_F761F7EEAD39,0.16266055454934367
CC_F79303D62FCD,0.08167253772994312
CC_F795134B52E6,0.6170746099858425
CC_F79533E83ECA,0.08768003490954397
CC_F79F9A7ED432,0.7851089534553306
CC_F7B2FC73E020,0.07352079465042347
CC_F7CF24594B20,0.08364644101774263
CC_F7D31937AA89,0.05997813864897001
CC_F7EFD378035D,0.28536197438779876
CC_F8014B1E00D6,0.061722189362568305
CC_F80ADE95A7C8,0.06365811688775252
CC_F82E58E476A9,0.10798887323147743
CC_F82EB123CC19,0.25409719423025506
CC_F83088660331,0.0996814990318093
CC_F83C6DF6A815,0.5924028025826746
CC_F8620C4F7581,0.12924584947368134
CC_F869F4DA5077,0.7911873857672673
CC_F86B1C53EAF4,0.1966492696721829
CC_F87B7F26FF51,0.22187999498540792
CC_F8803D1C899B,0.08413855114785805
CC_F892E51AC9DD,0.04545005069159442
CC_F89C185743F0,0.16645555224882735
CC_F8A4D45C3769,0.10878863323497896
CC_F8AD68EA5A16,0.22783555042674025
CC_F8B4DBD0CE8A,0.31280343374283276
CC_F8F3E551F166,0.2318828447340004
CC_F8F9FE2C9B65,0.23354930657035025
CC_F912A50D0DD1,0.1401467699677876
CC_F91B7C2B1AFD,0.11656604254473141
CC_F925251D4BF0,0.40717742618849884
CC_F925ADD60E7B,0.06849716640414878
CC_F9282C144479,0.09601279085075388
CC_F92EE3287CC8,0.09197297181964444
CC_F93332608FE1,0.12022415282234093
CC_F94070DE3B81,0.08463547405422743
CC_F94C81428D20,0.13359474987957262
CC_F95DFFDA9B12,0.375391914691022
CC_F96A53B02447,0.5537017735991809
CC_F96A965CDCB0,0.6083912068558945
CC_F9721FEDBE9E,0.15529720549286924
CC_F97C3E145882,0.11836111413358648
CC_F97C64C64052,0.10739825636287624
CC_F98660A07E6A,0.7937218196713389
CC_F98BA4B13724,0.07858780326080358
CC_F9A3F3A76B1A,0.10673079862209002
CC_F9A8E2B3A703,0.14611429231846113
CC_F9B3E7E7F2A9,0.41612880536397573
CC_F9D7D0B1E4A8,0.6537723221260945
CC_F9EDA4EDDD44,0.07075890970222896
CC_F9F2176B12FE,0.05884937926098184
CC_F9F90E76CA5B,0.14677557247394607
CC_FA0157249C01,0.12535890467503003
CC_FA169BCA835F,0.07758077803406449
CC_FA19B61BCABB,0.13353914251895266
CC_FA1DD203C293,0.25938164665442925
CC_FA2E30269BC1,0.16518900090283056
CC_FA304CE8E045,0.19839457297529173
CC_FA310759A257,0.6405611555459026
CC_FA32397E7B8C,0.10901112204804929
CC_FA33D97B84D4,0.09506222704008135
CC_FA38991B9434,0.02771003788095449
CC_FA4079FFF1E5,0.14151746539220192
CC_FA716665CD8F,0.08651740834496337
CC_FA770268B207,0.10830200860462558
CC_FA7A2F59245B,0.45499604052627013
CC_FA8205104EBF,0.08800577109569968
CC_FA8370AF8740,0.06446891222726671
CC_FA858F1025FF,0.13816135703842172
CC_FA86320CF6B0,0.07380235469060172
CC_FA8B341CD3EA,0.26947490919283085
CC_FA9057AAF95B,0.08825053568008714
CC_FA97314C666C,0.04287941099943982
CC_FA974C1D91AD,0.3966671560902869
CC_FAA0E5BC9F44,0.7558721580498734
CC_FAA2694D8578,0.2934637542131362
CC_FAAFFC74BC35,0.7703953572548913
CC_FABA6DCF8E45,0.02567390342785877
CC_FABC53294AC1,0.14434652155596234
CC_FAC52B8E66DA,0.10889879823421683
CC_FAD284D8DAC8,0.9179089012586524
CC_FAE70CA5999C,0.1452559762628145
CC_FAF1CCB40132,0.11750381756694495
CC_FAF93D8B3B59,0.05368579067739312
CC_FB09E5481B64,0.13099368623623062
CC_FB150A1F7C3B,0.11140076134234916
CC_FB1808471515,0.32219049629354163
CC_FB296D823CF6,0.06247789483791621
CC_FB301E1FA7FF,0.06272742506384918
CC_FB33C958A19E,0.4409051432390088
CC_FB40D63FC3D3,0.15698158671231563
CC_FB45A1837AD7,0.1310389699425686
CC_FB45B79CED15,0.08871921677084389
CC_FB52260232E3,0.04651491936374964
CC_FB6A0A7B8813,0.22362506342136368
CC_FB6ED10D82D2,0.12685400647195558
CC_FB78DE84AF05,0.03506029778924454
CC_FB8DF8F93E7F,0.18069400701353508
CC_FB8F89048B89,0.08988230352226248
CC_FB9C3E77A49E,0.12100126043511844
CC_FBA40CEAEA18,0.09530095367128036
CC_FBA998938FE5,0.18718543804309817
CC_FBADBAFCD1B3,0.22870671629779354
CC_FBCB85E21ADD,0.14638825317993398
CC_FBCD00EE4402,0.15006760114157477
CC_FBD40DFBA5D5,0.22156551811390765
CC_FBDECF3DACAE,0.23446478842538462
CC_FBE4E2F652EB,0.20555612104679785
CC_FBEA9510C687,0.17659222694656437
CC_FBED1E2E1CC0,0.13087015412028785
CC_FBF54E48EB13,0.057373772872155
CC_FC1E279EF320,0.0466138412737284
CC_FC2E1D460089,0.10964858730694785
CC_FC31CBD20CDF,0.17470748628135307
CC_FC41D8134A1C,0.06816483374382372
CC_FC44D7EF257E,0.05956359821898164
CC_FC4A649BDD07,0.23201358060421043
CC_FC51BCDBB6B2,0.12910053662461657
CC_FC57B6E79AAC,0.1533590114060165
CC_FC6AA879D9CF,0.13517968932919935
CC_FC7A926F3A64,0.7000520928508794
CC_FC83CB9C71CD,0.06548838979654303
CC_FC9E6D511294,0.143116481746554
CC_FCA657E69930,0.28385694077857143
CC_FCB451237214,0.7777532118336613
CC_FCC7E51DF812,0.3854408930700611
CC_FCD42ECC012B,0.06861293309733468
CC_FCE8FAEAAEF1,0.14465713579195272
CC_FCFAE9BE2522,0.40437110009598565
CC_FCFDB5DFE5D4,0.12316906573225349
CC_FD24FC7961A5,0.10849132091928013
CC_FD2793DCB5EF,0.1328748211125299
CC_FD2EEF724088,0.13648836583403645
CC_FD3205367675,0.09861645079702991
CC_FD3A21CDCA7C,0.11721082003780775
CC_FD3C4C2FB68C,0.09433574717796626
CC_FD41687DC1A0,0.130580897561003
CC_FD44B4E31EFE,0.07694515499302904
CC_FD5721556AB7,0.07687392582586577
CC_FD643C174587,0.2863642238561499
CC_FD6BFA30DD9E,0.17920045483510622
CC_FD7C9DD7F11B,0.14663489619299475
CC_FD7F2D90CF8C,0.06769445538179972
CC_FD8C4F601909,0.0892419043784795
CC_FD90B45AA24E,0.1329771136926625
CC_FD95457772AB,0.09266376754329021
CC_FD9D9B58DB1A,0.2069471182470093
CC_FDA918AEB5D6,0.6411547859565795
CC_FDD4C2065540,0.25791764431545333
CC_FDE57A2C5156,0.22891467349312072
CC_FDE9920975F6,0.21087419053918255
CC_FDEC856F9C6D,0.08456801904927551
CC_FDEED2AA92A3,0.46309269537463105
CC_FDF5607ECC1B,0.06606419162086932
CC_FDFED3D7E70E,0.16655062165190568
CC_FE0324F99784,0.11743592440926844
CC_FE0A18D6570D,0.0654815018707739
CC_FE0DACAC84BC,0.20258138988853083
CC_FE16586C9FAB,0.18286778963593717
CC_FE16FBC86237,0.20228953742596634
CC_FE1C808C4515,0.06620304001415396
CC_FE1E64201B9F,0.12253013588583139
CC_FE33D60E29EB,0.04241179595937534
CC_FE3ACE674BEA,0.0970094300766279
CC_FE468E9AA9D9,0.03354507166288211
CC_FE5AA923C220,0.16617799745228742
CC_FE6C777DDC19,0.08828100023490931
CC_FE6DD8C8EC90,0.24259300366473985
CC_FE7A84AAA8F7,0.13144162397823955
CC_FE7DB6B410A4,0.1883696022451573
CC_FE8691B1F3D9,0.07401626342779494
CC_FE874279A94B,0.1542972402748893
CC_FEA61499305D,0.18567218191078966
CC_FEC22B334AC5,0.1393763690276064
CC_FF045F9508F2,0.1480648147998513
CC_FF0EFF711598,0.26479436452219823
CC_FF12F53D5676,0.05482269768259642
CC_FF13D426EC1C,0.13127323660176532
CC_FF16A7C8600F,0.2538067322422156
CC_FF2236DC115C,0.3828841028715405
CC_FF2725428B6F,0.09515041805828552
CC_FF3176D91690,0.11979358961609313
CC_FF393D295D66,0.0771544897781852
CC_FF4598202C5F,0.5836886524384383
CC_FF463A4B3D04,0.24616144666561257
CC_FF4703F7664E,0.06521944700795895
CC_FF86EC3C0851,0.45861017092152984
CC_FF8A580DD831,0.10080270195379931
CC_FF8BD8697ADE,0.1667708476458494
CC_FFA681A2054A,0.07457362202166831
CC_FFB6B2D2BB2A,0.31927429979169997
CC_FFBFA27643F8,0.1282881725228319
CC_FFC81CC80F9D,0.10999689546149502
CC_FFCC9C0763D4,0.0990876716694222
CC_FFD4E33DC920,0.5379526787285457
CC_FFDE11143038,0.07276227620074029
CC_FFEF28047C4F,0.29225529711856035
