client_id,default_probability
CC_0012A082B7B7,0.2500387826778516
CC_0012BC27DFB6,0.15810727219145784
CC_001563B2143D,0.18020602687126036
CC_001B46930B6F,0.11963771858625075
CC_001D771E1C9F,0.10328737016154019
CC_0028BD91E759,0.03628093779497815
CC_0029971D7EF4,0.21408513846252575
CC_002B8C00B239,0.05584126930758568
CC_0035DFA86185,0.7379876295625996
CC_0042D11A6D0F,0.1100711762720792
CC_004D21A4ABB6,0.1507846750227008
CC_004EE05FC2EF,0.5311427482182207
CC_0050E546EDCE,0.7387962815724023
CC_005D7F31F785,0.10920470877884333
CC_0079996ED779,0.14078237576663208
CC_0082B4E1D9CE,0.006394642269015193
CC_00B01C73CEB8,0.14321282895245765
CC_00B74FFEEA53,0.14033703737428052
CC_00BF6791C18C,0.11923511830609644
CC_00C5E30B288C,0.3352219819637371
CC_00C68CE1CC12,0.24639567982945168
CC_00CC4148959F,0.13226217122022824
CC_00D428772D30,0.38342652102715374
CC_00D5806C7783,0.13517145821568716
CC_00D5C677C2AE,0.35684948380985904
CC_00DA781C4D66,0.13388113144614083
CC_00E7E2D6B548,0.28807726654634774
CC_012BC0A68DC1,0.08539989782652309
CC_014911033882,0.1795246208286193
CC_014F7EF4E595,0.6575597066802896
CC_016501B25F2B,0.11052507447184322
CC_016767D9B049,0.07387265032721935
CC_017598512EA2,0.14500630190753286
CC_01941532C804,0.13008744615055293
CC_01A66C6E22FF,0.7588522034893588
CC_01A684355200,0.11806568098717583
CC_01AC62740827,0.1324584180671449
CC_01B0EFE5DB79,0.252441820759092
CC_01B876B2988F,0.18148922182310062
CC_01CBB64C1DB1,0.3890427916741537
CC_01DBD993A1FC,0.16135367397075934
CC_01DC49D55C2D,0.05356423597539448
CC_01EF18A3ADBC,0.2378019629524601
CC_020252D37557,0.16016532190586422
CC_020BCDBCA8CA,0.30175655671327645
CC_021A6DD97ED4,0.1428576239447132
CC_022054506F33,0.10587477219811942
CC_0225D6231EAA,0.085046627896679
CC_024B524B0176,0.06144047934337223
CC_0256303A6DC0,0.15949178822512183
CC_02589E6E4714,0.1126745106397932
CC_025927626E10,0.7396706571447818
CC_0283023DB294,0.045330591482519215
CC_02903C6FC0C0,0.18485212719295005
CC_0296E572CF21,0.009787633605324475
CC_02999E509460,0.6566810284042961
CC_029E835D91BB,0.10970546648539398
CC_02A32EC3526B,0.09522937126536155
CC_02A393632CD3,0.15039991528656713
CC_02A3E21B28BC,0.7837322451538062
CC_02A4B4644529,0.11719722956741897
CC_02B43865B30E,0.04513919577760634
CC_02B5A1A178A2,0.18697953205108295
CC_02BC4785773C,0.14398643770570713
CC_02BEDD9627DD,0.6779084707929153
CC_02CD2C1EFBB0,0.11913356456408537
CC_02D4430492D3,0.2985387015971036
CC_02F79A06858B,0.10195480746359592
CC_02FA254C9D43,0.07185840647251962
CC_03062402B4EE,0.11192828187952593
CC_03072CF2EC63,0.29385376101131877
CC_0315369B079D,0.14528085445227873
CC_03199242A810,0.16182378883516366
CC_03214BA76DB4,0.19623003577129325
CC_032735A44CC6,0.09678430500522288
CC_0330340F2FE5,0.15245284355384842
CC_033236FAAFDB,0.15630966041061528
CC_0337298F948C,0.06851979389644904
CC_0341CAE5E2E8,0.3172452351188118
CC_03434E2371CD,0.311842355164149
CC_03547AAB948A,0.14261701419829342
CC_0354D0453D8E,0.15341577105095025
CC_03592E51F427,0.7597476719645788
CC_0365DEB525A3,0.09650217134582403
CC_036782052BC9,0.21591380962410903
CC_036977A50F1A,0.11621490601949264
CC_03720D08B8C2,0.22998355936550918
CC_038AE599BCA8,0.29569940146339446
CC_039E67CDFE1E,0.3880129270711675
CC_03AC962FC717,0.23826194749408589
CC_03B00DFA3A85,0.8313021155584472
CC_03BC6380E968,0.35985791909852194
CC_03BC730E0B02,0.007667241557885796
CC_03BD4F22DA3D,0.12912077185679305
CC_03C7E1EF6F69,0.8553434994481903
CC_03C9FA383477,0.12626407185044367
CC_03D1AAE90CA6,0.10505449038488134
CC_03DBB9598F39,0.13771847642764773
CC_03F18B43797C,0.12421638947214254
CC_03F80118E46D,0.031371276172549416
CC_0405E0151A6D,0.15953298858783785
CC_041FEE6C805E,0.3528312802066109
CC_042F88EE269B,0.1985319400072561
CC_043D98ED7F98,0.1878200389529814
CC_044C3537B769,0.13660180225573296
CC_045932C46685,0.13425303192899787
CC_04629624AA8D,0.2000558162830686
CC_04690B4A6AF1,0.1535024203760199
CC_046CF40369FB,0.14252443093485662
CC_046D6EC816AB,0.35418879833206207
CC_0475CD95EDC9,0.18152289361929652
CC_04796F06B82B,0.12059535013667423
CC_04AC7C1CE736,0.3667318040709363
CC_04AEDD051B96,0.3798770020239167
CC_04B42AD0E01A,0.21001524319984813
CC_04BBD1DB360C,0.21010007476800863
CC_04C767FFDA0F,0.42338409894237977
CC_04C7B819B9B9,0.11877244097895695
CC_04D127A775DE,0.1327594444155427
CC_04D9ED00053F,0.13194426453569832
CC_04E0EFC4F548,0.16892851097828615
CC_04E6848903E8,0.0541137805611735
CC_04F69D03ECE1,0.2114627168081939
CC_04FA1CFA1DEB,0.24224253624810685
CC_04FA6842AC62,0.07841815380712576
CC_0502F3791166,0.12249747373401529
CC_050B514E15FD,0.15969167098403797
CC_051ADBD6D835,0.12796735021567032
CC_051B4644216C,0.21919181859530543
CC_051C0A644DD3,0.04740399275605003
CC_051CBF566856,0.0798581819544649
CC_051EEA9AE819,0.13338760578830552
CC_0520E27BE904,0.15435591003859564
CC_05224448D290,0.1620383636419822
CC_0525DE4744C0,0.056171729724053494
CC_052F5CD81EFE,0.1494823012538447
CC_05368FAD2E6D,0.08254171175809098
CC_053788B82006,0.11811474902489144
CC_05471A48C6F5,0.13865579227277167
CC_056DBA1A87BA,0.11238793570860488
CC_05901F3E7A0D,0.14913892886430255
CC_05906BC8ED3F,0.12180913251517787
CC_059D55E32C78,0.11075493580247174
CC_05A12EF84A86,0.36265551768859006
CC_05A42D035609,0.2280842294000112
CC_05AD75A5CE38,0.10150588421918505
CC_05BBD4B92613,0.5626960514827497
CC_05C8EF6500D7,0.8467873265610193
CC_05DDB7B07497,0.12975950546629933
CC_05ECAE6E0774,0.16857823411431103
CC_05F11F14DF9E,0.3744660242619819
CC_05FA9192590F,0.1562752670094608
CC_05FD764FB154,0.8337357076806101
CC_0608DBB4DF03,0.14939223971405724
CC_06198383F6D4,0.06749007200602603
CC_06199EBE2B05,0.1994526838971342
CC_062A8881A331,0.138753138003159
CC_062F74350907,0.12435139619467234
CC_0635AD30F004,0.8503215418817966
CC_0639F539946C,0.2993452725163166
CC_063DDB42CF5C,0.16855581055080396
CC_06405C00E240,0.18172746392497247
CC_064920FC9DAC,0.09683333375670161
CC_0650AB329174,0.7884397290330525
CC_066941B109B9,0.15524904200935213
CC_066AA16F5874,0.289503545226415
CC_06732311FB8B,0.16693588462677464
CC_06780061F889,0.1572618219793145
CC_068A81B06B74,0.3566326223996652
CC_06A1C5FE269B,0.18285015304411567
CC_06AA7138DAF8,0.08520021641006499
CC_06C0DD0D066E,0.7663369453031765
CC_06C97CFBD476,0.1572981688396922
CC_06D15F523C05,0.2038504027201776
CC_06D35787AD65,0.06015760114103964
CC_06DA375201A2,0.1359197002646194
CC_06DB455FF19B,0.5574450358506168
CC_06F3674E7313,0.3562160130185258
CC_070232DF9996,0.12821011959544687
CC_07141FA77DBF,0.18976970536118298
CC_0715F11CC8CA,0.1451253008086508
CC_07168A9C843C,0.17869729146804056
CC_072AB9F855DD,0.07760967737152268
CC_07337AF6AC2A,0.13883812888494806
CC_07434E4E5C28,0.1018473199633094
CC_074381358A2C,0.037563806511549364
CC_074E7CA75E8A,0.19571817322993085
CC_075D0C618BAB,0.24880399975629713
CC_075D804F7851,0.1258409424539131
CC_0765961D818F,0.3608230307560297
CC_07698F10563E,0.10176350810884835
CC_0773B9BA9E18,0.24852867615321866
CC_0784ABDA7F8C,0.1671468448777335
CC_0790C9F9EC9C,0.14861860164851973
CC_07A996E6CA6C,0.2089480405625623
CC_07B588ED677A,0.1554142734827241
CC_07B730FD7F82,0.17267475685644654
CC_07BE6961D039,0.10475955691025515
CC_07D23A6BAF5C,0.12895049493944513
CC_07E08196A3DB,0.1046594057047549
CC_07E4850039B3,0.16301441634106656
CC_07FAAF8B2D23,0.08675409562386195
CC_07FB3FD9BE0B,0.15023087049269246
CC_080CB94A724F,0.31570334802293337
CC_0837C56711FE,0.12893033264423484
CC_084100A049EE,0.08765904857459406
CC_084113D0951B,0.24030640312520946
CC_0843DDCDD601,0.7022455714736499
CC_0846C14EAAFE,0.1243649156824785
CC_085091ADED2C,0.1989906328696803
CC_087943B4A5D2,0.12906472471815278
CC_08A97B98C405,0.1621023296077931
CC_08AA321BC4AD,0.1477538996571045
CC_08AA44ECBDD5,0.12405741120304924
CC_08AE2EE9D798,0.13834983736978473
CC_08B149462891,0.12470283221369866
CC_08C71A8D2D58,0.11593169392905751
CC_08D645F7B257,0.08523556731865636
CC_08D80BF0B273,0.10517123135598694
CC_08F52B1BE431,0.31667791612554014
CC_0903571AC7E7,0.16098406301678175
CC_090D528C09D0,0.5141247452319516
CC_09106BA6CFC9,0.12146451934363033
CC_0915905A5D48,0.055259626720234045
CC_0918F67CDF01,0.1312944871490206
CC_0925D0B6276C,0.13442767586567064
CC_092A2830E36A,0.8290741187954751
CC_0951489C8F79,0.06391960979941239
CC_0951FA4D5513,0.07784594775064627
CC_095C712064EA,0.11732261977439329
CC_0969AA7BEC71,0.13462615378351758
CC_0974840BED49,0.6951045047264566
CC_097BD371F652,0.13105365239651454
CC_097C8139DBD1,0.08324976735773482
CC_0981CA4DBCE0,0.040619381484057554
CC_09A5D2F129A4,0.11923373484173919
CC_09A9BE38080D,0.12536597557661158
CC_09CDC42E000B,0.1582308758623735
CC_09D8DBAB2A42,0.11149147716689223
CC_09EBB1960580,0.08347948567929522
CC_09EBF206FEE6,0.12554596833589424
CC_09F2AE996181,0.15260199750283882
CC_09F45833F53F,0.12378907596558053
CC_09F4F5C5B4EA,0.8442733988840382
CC_0A04BF4005F8,0.17292321487764747
CC_0A0E563D1060,0.15383720120215974
CC_0A0F781A999D,0.20428247467675686
CC_0A1138C37BC0,0.1383614924869456
CC_0A334A16524B,0.1217861393685317
CC_0A359CD5D73A,0.08333069362105704
CC_0A3E2C273DB5,0.12315808149679172
CC_0A4705B1E08B,0.07963255952073053
CC_0A67EB7C5282,0.22393432633261973
CC_0A6CD64871E5,0.38602610146949184
CC_0A75643FDC7B,0.14184835882290797
CC_0A8066F501AC,0.14034392758431766
CC_0A83017D027D,0.19906453724692347
CC_0A9AB7441D5B,0.3146455037015457
CC_0AAA72FA148E,0.3532464962211178
CC_0AAC488C8AE4,0.359088541164436
CC_0AC2DB82398C,0.22122370113468276
CC_0ACA2C49A497,0.11471861703053467
CC_0AD4BBEA75ED,0.09366887038852714
CC_0ADCD6553B8C,0.07426574262549118
CC_0ADE56B56C41,0.07787365204351007
CC_0AF4B5B4162F,0.8655872908734968
CC_0AF9BD814AC7,0.202839336702856
CC_0B083BE0FEA3,0.1394631328397338
CC_0B1384331163,0.10324948697411857
CC_0B216C6AF0F2,0.036345259169711416
CC_0B3465DB0684,0.5935837949382586
CC_0B442B91679E,0.154697092226596
CC_0B455175F494,0.14163309706534502
CC_0B4C01B4002C,0.22143317221114112
CC_0B544A526D6C,0.057068015948294575
CC_0B5B19AFCD18,0.08270707463644361
CC_0B5BD2D224BF,0.11569452722608234
CC_0B6407C2C9BD,0.1598582870188506
CC_0B73F59991EE,0.1290004595603942
CC_0B7579216681,0.1256143748396468
CC_0B7F3B4B32C1,0.22283323016123177
CC_0B830A67900A,0.11507886346057479
CC_0B84250F96B8,0.11401270413517663
CC_0B92212B8E27,0.5083704289903639
CC_0BB43BC4B3BC,0.12457269654060527
CC_0BB992973640,0.10945472246371983
CC_0BBC41297846,0.1280480008622215
CC_0BDDB468A1E0,0.3639721355537699
CC_0C00A631C2B4,0.12095265421316909
CC_0C011AF6C857,0.2617258479924267
CC_0C0459AB67DE,0.13324570780171574
CC_0C18B07E451D,0.1310803477072225
CC_0C19EB845CA2,0.163042567065493
CC_0C1A736F37CC,0.13189375199623604
CC_0C335C9D86F7,0.8252156682033013
CC_0C4C24D066E9,0.15195392633260102
CC_0C5499989AF4,0.14904018717118417
CC_0C95548CC1BD,0.14423904422782788
CC_0CA2DE660B41,0.12711445125153703
CC_0CA6D8CFCF2B,0.16635254207303563
CC_0CA9DF9C5C15,0.06304571242985414
CC_0CA9F52C92A8,0.20828115296218586
CC_0CAFB6C41CE7,0.1424772514557247
CC_0CB27D5313F1,0.6093420813142536
CC_0CC9DDDB8B44,0.05853975261692563
CC_0CCA18595BA5,0.27259862758258546
CC_0CD90568D3E6,0.12346292128738083
CC_0CE0D56B0584,0.10855143027155284
CC_0CEA028BF961,0.18529348040711233
CC_0CF67D68AF16,0.12699351343252654
CC_0CFAA0FB0691,0.10144656001174583
CC_0CFFD2785D2D,0.1939149395160923
CC_0D28AF91CE97,0.15090829746797055
CC_0D34E55A580B,0.10716151664612597
CC_0D3663B6524E,0.7784076690564832
CC_0D3C2864ACD2,0.32924548415777494
CC_0D5F4BE8132C,0.1512659353081945
CC_0D6D5ACB0889,0.2147190595922362
CC_0D7BFE8CC0D5,0.11185765388428266
CC_0D8852AAB481,0.21882108912986337
CC_0D97EF394C79,0.13193771559840264
CC_0DA8FDDE6DD0,0.07666236843999782
CC_0DABB89E37CE,0.12469847876490624
CC_0DAF0F2FAA86,0.1250332776136651
CC_0DB9E5F8EDAD,0.13488040738793222
CC_0DBC64F88C05,0.1615383231388967
CC_0DBDF018E822,0.20617236997101523
CC_0DC31A5A1096,0.11114481436573725
CC_0DC3870F23D0,0.08050242730740251
CC_0DD39F5D7C0D,0.09254584335612
CC_0DDC2C18BBDE,0.10406480982023977
CC_0DE09CAA93E5,0.1378701964273022
CC_0DEA4477FDC1,0.07144805503137831
CC_0DED63EF6639,0.2435961404615234
CC_0DED7DBF26F6,0.17641927785285177
CC_0DF01CD21B9D,0.11964757870292732
CC_0DF6A478C01B,0.20000542051174228
CC_0DFE1A3FA5AE,0.2021840038704838
CC_0E07D5FB24B2,0.12024436665911001
CC_0E0CD9F23A5F,0.7516610586198016
CC_0E121FCB1D47,0.12379682559814069
CC_0E1423A4C263,0.1253821769051119
CC_0E16883EE8E6,0.30979177192963503
CC_0E1A2BA1C545,0.18948543349970148
CC_0E2B52BBA69B,0.08733743415048059
CC_0E40BAFC3530,0.15663537449138543
CC_0E48EE235179,0.1230957110894493
CC_0E4FA0FB9797,0.6419212727725966
CC_0E5162F59924,0.8449241122136024
CC_0E5E2FCAC8C2,0.14839560977429073
CC_0E68C2BE2A75,0.17918178248972455
CC_0E6C5A8D8CE4,0.12038159011034798
CC_0E6E9B0E674E,0.126608393724962
CC_0E746EAD6CE9,0.11182649967429074
CC_0E968E7C22C1,0.18499171047972507
CC_0EA1483F50A9,0.16750185694001565
CC_0EA81362C7D1,0.15071471584559662
CC_0EAE97520873,0.36005227583532395
CC_0EBCF4228FF2,0.1686991636414294
CC_0EBDEFD0BDC2,0.14193412480974957
CC_0EC6AEDA63EC,0.3225123956701071
CC_0ED61DD76795,0.1323782154257491
CC_0EE33B1B71D5,0.14145165350749223
CC_0EE7EFF13EBA,0.06188120441437755
CC_0F0F136B0991,0.21458356925597008
CC_0F0FAF218BCB,0.11816027948566192
CC_0F125B48F175,0.11299005995067633
CC_0F292A238627,0.13495737775463
CC_0F2949A1746E,0.12022021592802104
CC_0F2B71163121,0.09720313171971474
CC_0F393F1DE2EB,0.09721218360106887
CC_0F41B187053C,0.33653258862162355
CC_0F52EDC9D383,0.15647497163877255
CC_0F62C4F36236,0.13482948615607018
CC_0F6A29CE5D45,0.20698142017188004
CC_0F7C0515A6CF,0.1350476840058667
CC_0F8D6C89202F,0.24909430373096447
CC_0F933684CC08,0.16273279658066844
CC_0F9BA54F2AF6,0.12199953067848315
CC_0FA06CE7FAE8,0.057985711235608174
CC_0FD25AA655DA,0.15784114768193286
CC_0FF5570E06EC,0.751244804188976
CC_10197FE0E34B,0.5950363035191073
CC_10355B5718CD,0.12873060349688467
CC_103A9D18EC12,0.12247217025430063
CC_1040DB6A21EA,0.10235803488170545
CC_104D2B84FC4F,0.09200643917109495
CC_104EA2802A11,0.12006404052125566
CC_105777B1BF91,0.04799574537424855
CC_1059F1B6C0C3,0.06940557659185631
CC_1061947FDD14,0.09352957949376503
CC_10689257E68C,0.31301461116040785
CC_106BFCFA7D7B,0.03202678862850627
CC_108FA04AC10D,0.0219352439383602
CC_1092915D0093,0.13195402392796254
CC_10A30F88E157,0.16058352541035517
CC_10A657027AC9,0.9181081271885462
CC_10A6EAF27BF3,0.10191210891142378
CC_10B148BED568,0.41307361854402996
CC_10BB7101F191,0.018275959064754387
CC_10BC5BC3A9AD,0.2623768738731729
CC_10F27C70AB99,0.1507347804553652
CC_10FADDF63CDC,0.16369770421411925
CC_1107D9301AA0,0.11585059690462417
CC_111A6DE5D9C7,0.7168750624798057
CC_111DC3B1756E,0.27084041544608534
CC_1131156CC6F6,0.1415108839431868
CC_113B66D5D5D9,0.10894591203881737
CC_1143254EFF36,0.11237089692032282
CC_1145E5277FA7,0.30776620971423857
CC_11521077BBB0,0.12824887911629573
CC_1154861ABCCB,0.6361841190569071
CC_115BCAEAE2A0,0.10652967662225805
CC_115BF13E8BFC,0.16593843911208211
CC_115EBE5044BD,0.3333005733727343
CC_1165AA07FC47,0.6533384071515528
CC_116EE8219753,0.10720517139544954
CC_1176FA3233B3,0.1067706611923479
CC_117C2A1587ED,0.09268104219137988
CC_118C0A1D14B2,0.2772976448817554
CC_118ECB589F3C,0.14316323537501988
CC_1190F13FB1FC,0.13870905685675525
CC_1192EEC65A1E,0.1204703173255124
CC_119B1FEC4D83,0.22641442828610375
CC_119C413C2580,0.1306306920635553
CC_11AB74142A2E,0.8121431170476261
CC_11C8A291FD11,0.17172641374939462
CC_11D1E9C39E41,0.10674846986043013
CC_11D600EE1BD6,0.13516068612480495
CC_11D7539AC69D,0.1931192976412441
CC_11D78BB50016,0.10606593261573516
CC_11E0C583685C,0.11200951345791864
CC_11E0D2F15AA1,0.06470545805678912
CC_11EDFE67C719,0.7031059595018768
CC_11EE85F284B8,0.1587537554622956
CC_11F700202C6D,0.14225419297363665
CC_11FB668DF543,0.12261392849554811
CC_1209FA26609D,0.04612404939867327
CC_120CA1B916D0,0.1725918464431379
CC_1210186F4D33,0.04064352380135172
CC_121F621374FC,0.1997982301586523
CC_122532C1FBCB,0.17144927633797602
CC_122B19CBC88C,0.7006984113095698
CC_123C7F0111C7,0.5388868349983519
CC_1241EE42F174,0.11838901794336429
CC_125B7100F1DD,0.11884899700812313
CC_1263B255B3B5,0.13713180504990208
CC_12878596E940,0.16105932706625842
CC_1298ED71A9E0,0.09032504687348501
CC_12B555C6F086,0.17387520629176453
CC_12D22C629874,0.2471100578496323
CC_12DD89EA0C14,0.15644250805647683
CC_12E24CDE2684,0.14361485982829178
CC_12F3B7309455,0.6697735320186773
CC_12F8E7A4BBE5,0.2807456532030918
CC_12FDEAE4873F,0.14461004795835256
CC_130F7B067939,0.23971246786147096
CC_13209EDC85EE,0.63382708497244
CC_1332B6F0E543,0.17726192902167223
CC_1334E256AEBC,0.6225671438461257
CC_1337726B2AE6,0.1451682453941649
CC_1338237BF402,0.20078330764398217
CC_1341DF38D9C1,0.13571932097798345
CC_1342F868176B,0.6279300001977715
CC_134651CCD2F8,0.14430643738129928
CC_1363E3090578,0.10980485132742923
CC_13736493B695,0.06712494907124819
CC_1392DE633D4C,0.13990770206339578
CC_139ED2E0AD76,0.11673510248346447
CC_13A5383EA098,0.6032033178357614
CC_13AA272C6861,0.0949019972987859
CC_13B74E4EE3EF,0.21199737532620705
CC_13C437E86B81,0.4491391805424566
CC_13D61B077E7C,0.1401186244935283
CC_13D7115A8FCC,0.16819861167934796
CC_13DFE319B21E,0.8155303995780046
CC_13E0F0B3FAE6,0.19760036599561737
CC_13FD88C2920A,0.8690641992029329
CC_1401CB818627,0.2630580281687218
CC_140B86E74F74,0.8461893881701946
CC_1452A0B69085,0.10731484307061377
CC_1458CA7329A7,0.2970343024503964
CC_1459E7125AFB,0.1064365298476482
CC_14633EC7F622,0.2259826945135515
CC_147B1B30DE7F,0.15118975613330948
CC_1484511F54C5,0.2819083170677733
CC_1489A941A69B,0.2433204892851106
CC_14A8B16706E9,0.13035284582566048
CC_14BE52BADB77,0.11745451806969665
CC_14D53413FBCE,0.36650222658046944
CC_14D59B58E51E,0.29391231563530223
CC_14D964327B1D,0.13285511111479228
CC_14F5D06CF093,0.1218557404123241
CC_1501D63D5A80,0.3657732936347798
CC_150E3A0E5084,0.17777684110252134
CC_15152312AC56,0.09084023606133758
CC_1522BA0411C3,0.07942137055240998
CC_1534B0241A1B,0.10749190352091273
CC_153BE2BEB74C,0.1650677197299867
CC_154BBCD4DCEA,0.1716616111595366
CC_1552EC27FC0C,0.6547397142621597
CC_1566BFF4BCDC,0.3694957829023202
CC_1579BD86A63D,0.288474808964688
CC_1583CFD90530,0.17874761544541215
CC_1584385F38C8,0.08525528827999829
CC_159656F13BE8,0.1438487258960891
CC_159B6F6AAF1E,0.10271237102534048
CC_15A4934FD96E,0.16018983858797697
CC_15B2140CE869,0.16875215636312235
CC_15C0972DE384,0.6658703792331837
CC_15C0E30FF2DC,0.12546315082995035
CC_15D617FAB434,0.09254891724926437
CC_15DA0F4FFF0E,0.3284619614147041
CC_15DAE76D15DF,0.0587274682884966
CC_15DC7C139EBC,0.3539539755008031
CC_15EB741857ED,0.1403603873123233
CC_15EC51F4C521,0.21553972765885732
CC_15F6259C7C53,0.11112289166392228
CC_15F7C012E10D,0.47349928834933047
CC_15F7C1BEC28F,0.17054015554886162
CC_15FF58854AEA,0.1990092457220018
CC_16035CDDC2F6,0.15563571814756458
CC_16095572722B,0.12243581835228749
CC_16109F1CE0A6,0.2148396631290617
CC_16150E74E4DA,0.1461487573644453
CC_1629E47AFBA5,0.11492612973234839
CC_162F4582D06D,0.6227155686505084
CC_163194DFEDDA,0.08246462686520119
CC_1640F01B7730,0.16039446688526152
CC_16460554039F,0.03284224654489795
CC_164D308CDE41,0.25986118108986495
CC_1661041F819B,0.6886988004389085
CC_166829780A76,0.13793320504981374
CC_16798666E855,0.11339018492018166
CC_1684B5493414,0.13166877201444876
CC_168A8907C8F4,0.09941475205650155
CC_1690EC56D088,0.1086919848004383
CC_169853EEAB4A,0.12122510537422307
CC_169B7FD839BA,0.1444094868401322
CC_16AED1A3008A,0.16186549527063648
CC_16BAC7837C73,0.12507844602534918
CC_16D57E1EEA01,0.16500435706839378
CC_16D833E56D7A,0.14086530788927165
CC_1702487A047B,0.14052614036086794
CC_17029F78E70E,0.10083196767061732
CC_1702F3E986AE,0.1566680306152518
CC_1707181BB559,0.08706841609818647
CC_17117BF03935,0.2587111881407801
CC_1723E40C3D40,0.1259662499147017
CC_174FBBE9ADD9,0.10697565604846593
CC_176E6E58FD1E,0.15425273173044646
CC_1783F37259BE,0.14998003815542751
CC_178B135605CA,0.12067620904716177
CC_179AA5165026,0.36977875842778096
CC_179DBA1C4CDB,0.3552035374893669
CC_17A1090B69C9,0.1254738640715327
CC_17AA1A4C904D,0.12738752473218806
CC_17B06C06FDC1,0.1339731682343231
CC_17B89AC1FD03,0.18407183935221158
CC_17DC33AA73F3,0.1217664219929977
CC_17DE4D267831,0.12194575838513133
CC_17E929BE0344,0.36469705496836735
CC_17EB83DECE5E,0.4644785984495173
CC_17EC9982E5A6,0.17461218203298312
CC_17ED5555B4FD,0.21084605767532194
CC_17F4292DAF8D,0.1157509366029935
CC_1807B0980C86,0.11661325703718266
CC_181354A58B53,0.14723303712659958
CC_181E7266E018,0.133522204380314
CC_182AAE7CC3CA,0.6257792608030773
CC_183EDEDC5DA7,0.1245132011856026
CC_184C47552665,0.13247599895049664
CC_185A7392A475,0.24629568210834726
CC_185FEFD3233A,0.35001105859121545
CC_18676FE5FC07,0.07129954983819749
CC_18776C4FDE28,0.1087245455421787
CC_187A8AECEFBC,0.18282794759676826
CC_187E7D0B4E82,0.8568323549706803
CC_18839D393105,0.14945894344843247
CC_1888476F6CF3,0.09314463352370808
CC_188B1ED2AAA5,0.30245095947185535
CC_18A4257C3172,0.3191796118989305
CC_18A7929D9FC9,0.20740832499406503
CC_18A8695F185E,0.06617844915739012
CC_18ACE64E8F74,0.1391724833093201
CC_18BF4A29BB38,0.14620129717184993
CC_18DE36F7D294,0.11995381410994357
CC_190EB07AC1FC,0.10826457957779725
CC_19219F2C60B7,0.1186125961851607
CC_192262DB0B0F,0.12928752715826153
CC_1929746E06CD,0.5405882719681994
CC_193356E72D61,0.659002650082722
CC_193938E8EA40,0.1941821583601194
CC_193C60092202,0.6882236107245608
CC_193F669537D1,0.24671622882732827
CC_194E13150BE5,0.05143364543624258
CC_19556DDCCDB3,0.0899517736071851
CC_195A6E9B48A2,0.12438581153632684
CC_196DEC616B33,0.046785052491671565
CC_1978B23D64A8,0.10598297819857871
CC_198562A4BD86,0.1189544287799351
CC_19864C9572BC,0.14576481387107862
CC_19868B6887C9,0.16723600911511052
CC_19969E05AB2B,0.15350341276215007
CC_199FC89885C7,0.14722926488420487
CC_19A40411B404,0.2500952046162764
CC_19A6D9B60B29,0.5306266400550573
CC_19AAB010550E,0.12985764785509493
CC_19B4743DFEEC,0.08238219127531982
CC_19B95A61D757,0.15234738649845853
CC_19E6A00F6A5B,0.1443112265722727
CC_19E8DEC29F47,0.6086088218242519
CC_19EA54976042,0.14079466402470542
CC_19FBBEA75B7F,0.14361090434751986
CC_1A039E58840A,0.10244660925113785
CC_1A075331756B,0.13355141486897032
CC_1A1E1302C432,0.1453359107630982
CC_1A37690EAEDB,0.14269107229197073
CC_1A3BF9F5BD42,0.14694467513967435
CC_1A4268FEB02E,0.17030682059601068
CC_1A5F8618A912,0.3899787872527153
CC_1A659D4D521E,0.46248812517629156
CC_1A879655902A,0.13961330380577755
CC_1A9F6DA46BC2,0.13833841641909433
CC_1AAB15E81743,0.05642448998629518
CC_1AAC389EF8A2,0.20280089020604242
CC_1AAD0CE365D9,0.14446157427761222
CC_1AAD9152C90B,0.06341012873687611
CC_1AB15BDA9296,0.14216078078263344
CC_1AB8BDA3041B,0.1322345781115794
CC_1ABB9CB074E2,0.8469770394579171
CC_1AC1B1A3978D,0.08092929420290694
CC_1AD20D1F9C08,0.5947181723236012
CC_1AD881A90D1A,0.17662925586618247
CC_1AE9811724DD,0.6730761520491526
CC_1AF1AAAB9D12,0.8725485254969121
CC_1AFCC4D0ABD4,0.18131114978551982
CC_1B08ADAFD1C4,0.16516177854364156
CC_1B10139C7917,0.16626358471716987
CC_1B127133B948,0.12197544405390963
CC_1B25964EA376,0.1763865820865126
CC_1B27A85C7244,0.16681623554116512
CC_1B29F4378A34,0.21173761142262756
CC_1B2EC0BD0677,0.31109006269517164
CC_1B4AAF37FB97,0.15865746891018695
CC_1B5E792F6E6C,0.20459601241196268
CC_1B7166DAA790,0.1493603253320808
CC_1B89FD901C95,0.1507368185351832
CC_1B91E3A70338,0.14179847194815243
CC_1B9D9B7184F7,0.16436418320300233
CC_1BA3FDD92B1B,0.04599743097568671
CC_1BA9B3D67170,0.13398246255835045
CC_1BAF97E2BCF2,0.1756887409631497
CC_1BB7D8A54021,0.1538321520507237
CC_1BD548A5FEF3,0.1273600235684582
CC_1BDF1893ECEB,0.12877848894225702
CC_1BF117A8AF9A,0.11017767052463073
CC_1BFA7E407428,0.5340982174689014
CC_1C0066F472E4,0.8812042606442082
CC_1C09CC2385AF,0.1337299426934965
CC_1C11467AB472,0.7071779267775218
CC_1C1627B7EE6E,0.12143325215434302
CC_1C3259B85E28,0.14916233037510057
CC_1C334ED885FA,0.06490794437232761
CC_1C376760FE39,0.08265223300810393
CC_1C39A1ADF3F2,0.165318846722324
CC_1C450FC77478,0.15585132900592646
CC_1C48409023DF,0.48652939932012307
CC_1C4D03324C60,0.31931727635923357
CC_1C5F1E1028DB,0.07555297901734868
CC_1C6681C0AA7A,0.8507741451376434
CC_1C84CFE19CDC,0.1872538473910449
CC_1C8B3F689C6D,0.18586476510865593
CC_1C95674B902D,0.10117410065158465
CC_1C9A4C11F28F,0.1219713174852147
CC_1CA3F50BABEA,0.12791765132551194
CC_1CBF42D35AED,0.60708193769571
CC_1CC11BEADBD5,0.0960492501390146
CC_1CC3CE396A8A,0.19190807923892444
CC_1CD2B13C2E6B,0.15591426068621345
CC_1CE0B37CA670,0.11660752921029668
CC_1CF5A99FC068,0.12556120467706752
CC_1CF71AEB6671,0.1270910878286899
CC_1CFE066F5EE4,0.31580963763670566
CC_1D00B360809D,0.13372630457039625
CC_1D1173F82F2F,0.13078448331855316
CC_1D1E06E0B393,0.1495405819540816
CC_1D2789866B1B,0.04091843064708609
CC_1D2DD7DF781A,0.19643047377832254
CC_1D313498A2DF,0.14821275323793753
CC_1D68396533F9,0.345465933523013
CC_1D7235BA1EAF,0.16543573528560926
CC_1D7ABAF9D080,0.0683224828641105
CC_1D7FA51D0D7D,0.42343998004852396
CC_1D8CFB3589AE,0.12875522783523985
CC_1D9421A6EB19,0.2360124611734835
CC_1DA0AC68719F,0.18104207173114553
CC_1DA366D588B6,0.09325447412208464
CC_1DACBFE0296C,0.12980918171947134
CC_1DBD6A716910,0.5189509933493188
CC_1DCB75B5CBDE,0.40362202488247845
CC_1DCDADBC0E90,0.34956553175916666
CC_1DD11FAF43E8,0.14398990076404544
CC_1DD8064E71C7,0.1466725207121495
CC_1DEC926EE25C,0.1200220870397489
CC_1DECBAE4FC5B,0.030201119126916774
CC_1DFF80E6D4DF,0.0855596830868854
CC_1E025C3597E7,0.19279505546383016
CC_1E082052CCBA,0.6495973421247285
CC_1E0E30441DD1,0.1735488086672838
CC_1E20E200611C,0.192167255373354
CC_1E354C75EB9B,0.048361758567831745
CC_1E3B2C15EBCD,0.28338405900851305
CC_1E4DF11FAF55,0.11775542970755304
CC_1E4FE60DFD8D,0.8485647611413721
CC_1E5A648D299F,0.18336097009483435
CC_1E6C0A8B3841,0.6136395554932753
CC_1E7FA6E807A3,0.21732788825685814
CC_1E93F760EC93,0.16516473804890683
CC_1E99F40FA03E,0.13671782249247125
CC_1EAD09DBC23F,0.13471925164785975
CC_1EB3D53252DB,0.20002211712720713
CC_1EC889E04D69,0.13040446960121757
CC_1ECCBF6853F6,0.5149382356831108
CC_1EEC4520436C,0.13910059148221818
CC_1F2827DC99C0,0.09159721111355112
CC_1F2C184C5227,0.09772093793897
CC_1F3FA8091B02,0.15156244907190786
CC_1F4E07BFDC8C,0.1323661639681865
CC_1F4E0E9B54BF,0.10367295387744001
CC_1F55738A6A27,0.4205998677211994
CC_1F65276D0EF8,0.09392372648223084
CC_1F65C797BD40,0.10173086901331412
CC_1F668C0AE868,0.12421536342525916
CC_1F6B19A04BD8,0.09120675499959113
CC_1F945A60367E,0.5128910971267628
CC_1FAB6F11DFCA,0.716989332801417
CC_1FACCCE95224,0.19800629695383729
CC_1FD010E5EA82,0.10144938946085058
CC_1FD2B7BCCD20,0.839425872394821
CC_1FDAEC3D5CBB,0.15061691662764595
CC_1FDC65FE3DBE,0.1637002879529882
CC_1FE696D8A81B,0.12028881583558212
CC_20027685F59C,0.8429630054021952
CC_2009F3D77774,0.13369750527106314
CC_200C552C40F3,0.10344729540259434
CC_201459527065,0.15649987111440608
CC_20275029A688,0.11212025851894496
CC_2028DA597C34,0.13181961358997626
CC_204E557E5046,0.26223291260509773
CC_20542CFCFB39,0.08409120168216354
CC_2060F813C9B2,0.14305379597265352
CC_20813A9A7F71,0.18930636900005696
CC_208429A11E2F,0.16336371486712825
CC_208B0FE7CBAD,0.12270181445006444
CC_209A511030A7,0.0284902294784327
CC_209DD60421B5,0.12951064552438152
CC_20B26D646D62,0.15968741048260918
CC_20C47966B174,0.12146096843233821
CC_20CFE9681E4D,0.13436580905047568
CC_20D4DB0F3E3D,0.08380333999165279
CC_20DD84CE3CA0,0.11164489445383131
CC_20E57CA675DA,0.5934858181129727
CC_20F129FFBE00,0.2031065525357612
CC_20F4E0F62D2C,0.12084022294548852
CC_20FEE0B2130D,0.5976473653203537
CC_2111B298C212,0.1640059726279176
CC_211315AD7633,0.2176145997943055
CC_211504721E27,0.1576563448489186
CC_2119919BCB4F,0.7531016371585665
CC_21375C9ED931,0.1857333362546971
CC_213D2A5355FB,0.2568192349100499
CC_214B50E48E94,0.1117730107237336
CC_215F86D986BA,0.16226342716471645
CC_21600308F496,0.054465988608779894
CC_2166F3F6344B,0.12209292464924819
CC_2168BBB42053,0.09737432908778884
CC_217030CE0127,0.0753183394468478
CC_2179067B405D,0.06859003233933839
CC_219B59B67193,0.20456863921044618
CC_21A9E8DB58FE,0.1219342335525701
CC_21AE679C5E95,0.1712058690743639
CC_21B98D13174C,0.1346742843796568
CC_21C81BC15002,0.14626358726193028
CC_21C9B26CFEA3,0.10614580688762626
CC_21D22081A4CA,0.7938786096099245
CC_21D29CD736D3,0.3131117989003829
CC_21D3CEAF838E,0.2514331602518375
CC_21EF792A3811,0.5012559033789609
CC_21F04E996723,0.47120916703261634
CC_21FB6C8AB8BF,0.44682800840865183
CC_22067686F6C4,0.6693174782250934
CC_2207A39B7BB8,0.17887767329367224
CC_221053121AAB,0.20635848454591224
CC_222423774191,0.13931736828203006
CC_2230EFBC99AE,0.3116700838440634
CC_223BDED2A465,0.23366115190080114
CC_223E3CA7A07F,0.11907569558745683
CC_2250B42E48B2,0.1259867111700045
CC_225935E43583,0.135355416277674
CC_22781E93CF84,0.2463886515775433
CC_22784AF3CB6B,0.2811317631657894
CC_22831690395E,0.11527739417813598
CC_228E6CBCC935,0.5618397862257296
CC_229338EBBA6C,0.1050932393412165
CC_229A63057E54,0.40039353447080234
CC_22A2D8A4B437,0.08547296139387739
CC_22ADE1EE9BC7,0.13830448000386827
CC_22B69E7C415A,0.09203701937830606
CC_22C590B43FEF,0.3200932124402655
CC_22F06379D8FD,0.0764219895005632
CC_22F282264A1D,0.14672905833751795
CC_22FBF5F0E1C0,0.28023456514107475
CC_2302088175A3,0.2694207756125046
CC_230672EAA654,0.03607029499838812
CC_230870B121F6,0.22302560800262297
CC_230A051B2B3E,0.13026674742620492
CC_2316F57AFB7A,0.11226651614661548
CC_231D091FCD1D,0.10079726696901571
CC_231FDED1781F,0.25115711239733046
CC_2320053D1183,0.08633660925041274
CC_2320AF507566,0.2990515010918545
CC_23321FF41C3D,0.15545483120053216
CC_233470D6BE72,0.5774724468698311
CC_233C8EBC95FC,0.33689818972854463
CC_235F99F13500,0.12734860622285502
CC_235FC02CA52F,0.25224067416551305
CC_236C80CAF53D,0.19149065754763483
CC_236E7222D97C,0.0974337156824687
CC_237B86FDC93C,0.11301268303111299
CC_237E7EB2D7D8,0.10984041909048077
CC_23830081EE1A,0.6361559849630711
CC_23894AAA08DB,0.4812020699831399
CC_238CBFD6E20C,0.32489878268790406
CC_2392A4A79C9E,0.06345080019426948
CC_23A474D43C73,0.1449003444656464
CC_23A9CC59BA0D,0.015927727691140474
CC_23B158D8306A,0.1285252773962711
CC_23D147F1870B,0.07891727131985782
CC_23D2E73DCFCF,0.13641805070314728
CC_23D9103D1EAB,0.039655413703067015
CC_23E142182F2F,0.6260797895812533
CC_23E43713A108,0.04462550822462125
CC_23EF2911610E,0.33151790614816157
CC_24056B76BD7D,0.09432360832996867
CC_2416ECE66177,0.13595131389626602
CC_241E65816FC2,0.04171199712157923
CC_241F7E97FBDD,0.10388232567433638
CC_24217201D7A1,0.23360925756888096
CC_242301FCCE50,0.09585788449797264
CC_242C69CF0B12,0.1754350608514574
CC_243B23702DC1,0.16821708292783025
CC_2456B9C796E4,0.1345055949216789
CC_2457D89CB88B,0.554996536923389
CC_24667210E2AF,0.16853456879219011
CC_2468D206CAEA,0.053337362920977585
CC_2469630A4F86,0.18783597529358367
CC_2469D83D9594,0.038689729149733995
CC_248C65EF54A5,0.6608886492256009
CC_24BCCA7941E8,0.18411928720824278
CC_24BDC1CE2A3A,0.2011711643773986
CC_24BFCCDF957C,0.10003818476810221
CC_24CC8A1B1CB7,0.1924081617962679
CC_24D4B1852554,0.1780159407346204
CC_24E65FA5A32E,0.1872630226708059
CC_24EF3EDB6857,0.09626607489436514
CC_24F15A19D648,0.13791944166028225
CC_24F2410B5A19,0.1388576272838174
CC_24F27E7DE1C6,0.5342355780451149
CC_24FFFD0C983B,0.058137906468302275
CC_2504E9D5D5E4,0.11124742281438763
CC_250F6A0DB62D,0.10045019929123586
CC_2520E13DF0A2,0.8208778632150058
CC_2539C315029D,0.1320536410511229
CC_25519ED78507,0.15531655150285634
CC_255D49296DB6,0.05707050555674962
CC_255DC60FF5BD,0.08092971828576385
CC_2563C9EF9D55,0.07797691115118402
CC_25756EB9651F,0.14891006088336245
CC_257CC46D379B,0.4211725018111806
CC_258D5F80A933,0.7602289791244434
CC_259D87270257,0.1607070816885803
CC_25A41AB21C94,0.1683468500969811
CC_25ABCDCC8B71,0.08968130719828844
CC_25AF0D0569B5,0.048664787743453966
CC_25B61D393144,0.12554532410141575
CC_25B95D7288CB,0.37533299247459695
CC_25CE2F2F13BE,0.14988409090458385
CC_25D1A5971976,0.44478294726629913
CC_25D411B46F00,0.8259816403559469
CC_25E7A2DC5E41,0.008334588755065429
CC_25F4C8E51AC2,0.44248605548035713
CC_260323EFB122,0.6245903886874578
CC_260F10484312,0.10997647983353565
CC_2610D0F1D0A7,0.13953700726204488
CC_2615866F35A2,0.1998272564190207
CC_261DA4E8DBEB,0.13713493359156073
CC_2628F00B0745,0.3624459722541604
CC_26338E9AD15F,0.13725697226164388
CC_26346B99BDBE,0.6242822118201773
CC_26351DBC1AF6,0.23314944666585227
CC_2637397AA3F3,0.6225012058273797
CC_26675C32611C,0.6726242423624753
CC_266E49E49071,0.20349726718199512
CC_2696368A4DC6,0.010210736880634654
CC_2698641B68A5,0.13615255732620957
CC_269C5AE6A1A3,0.6964686823111331
CC_26A06AD1206C,0.77404081446826
CC_26A358B0C10F,0.14354199943556412
CC_26B07CB02EA3,0.5399760688872023
CC_26B638BEA8CE,0.13707931224591705
CC_26C33B649FC9,0.07988414774875835
CC_26D5B969A36F,0.37907989976004647
CC_26E3A1226C2D,0.1393569268128187
CC_26EEA3F0224A,0.20214592224208497
CC_26FA5E5A718C,0.07969118151669728
CC_26FE119D4919,0.10867967901965112
CC_270B462BAEF3,0.06682383079677064
CC_270D929FEA9F,0.12585420819314028
CC_2731AD82BA11,0.13980711052125705
CC_274144AE3E86,0.13869318738491151
CC_274AE6E82879,0.17155497357894336
CC_2757A490C5E1,0.15320246717286484
CC_2766F6011BD0,0.379062155754579
CC_2768E644C697,0.08604981254466475
CC_2770DF70328D,0.12826994236034647
CC_277503968C44,0.6204288710247955
CC_277CE974AA8F,0.15907581229778595
CC_277D246E39B9,0.24061577288127597
CC_27A1CC725B7A,0.1075631373499892
CC_27A798829CA8,0.7989921524567886
CC_27C938FC8DC6,0.5064692095996375
CC_27CA2D819E7A,0.046712197009872225
CC_27E3712F0E38,0.11030193018581275
CC_27F3B3F43FF9,0.06519222669282985
CC_27F9832EAB8A,0.4261916512878733
CC_2809CC131F3A,0.6274075150669425
CC_2812523510C0,0.1557138013399116
CC_28151C75756D,0.08896070643476903
CC_28203CC976F9,0.10292764241273737
CC_282AFAE06F96,0.10542346870947604
CC_282C2404F4C0,0.10583382748039812
CC_2834BA2F19FC,0.14710230612848862
CC_28432E22F47D,0.6334517248588378
CC_2844882CC439,0.0714926289444927
CC_284F79726032,0.37468129431428643
CC_28544783AB15,0.5104900951106845
CC_2856104729EA,0.7021013789633382
CC_28625CD86761,0.15582713148521915
CC_2866BDB46FB1,0.07156062722080728
CC_2872415C6B36,0.08852564676349824
CC_28752737647D,0.5987023638476227
CC_2875C281EE88,0.10145122495275179
CC_287E3E9EDAC9,0.05740780098920131
CC_288A2C49D62A,0.09486891096299986
CC_288FA8CD819C,0.17119011579736815
CC_2891894CCED4,0.1077555115585839
CC_2895608A9699,0.11806633921584041
CC_28A2EF7926AE,0.6772381616100484
CC_28A7DBD2B710,0.14321536954231387
CC_28AD81DF2C51,0.2516505976355727
CC_28AEC29CEC25,0.20290880364739253
CC_28C1C3DF7928,0.1447365150668404
CC_28CA76962EC8,0.12160578501280554
CC_28CD47803B6A,0.14865418607052922
CC_28DF569DBBE5,0.12068679771802117
CC_28DFE611C657,0.09999939638630063
CC_28E11E6A6C8D,0.17310180341570602
CC_28F58ADC7CBC,0.12536957847601302
CC_2916479EBC84,0.15395028057046484
CC_2917C6CB0B2C,0.1553384645584199
CC_291C7830D4B5,0.2639027939374721
CC_291FE1744E5F,0.11721703912628259
CC_293124F1ACD1,0.15860456933815037
CC_293C2D704AA9,0.19407848055647284
CC_29432A6B2555,0.12881816610533856
CC_2944B427406C,0.13490836714118537
CC_29468B7035D6,0.1241319777741959
CC_294A9A24E473,0.06724800031737778
CC_294B94EB0E07,0.15552132066874486
CC_2967C29E4C3A,0.1314160921313271
CC_29716D5835F4,0.19062327028636136
CC_297179FF2BCC,0.38526773118769697
CC_29803690C939,0.20391218862001395
CC_29821539DC4D,0.14093828168651004
CC_2983C1D2A273,0.10680397596402057
CC_298CAC5A1868,0.6144139147489067
CC_299EBE0FB429,0.11950324362639937
CC_29A1C0073882,0.5821292481196351
CC_29B6065F187B,0.3078539891986258
CC_29BC66C10F87,0.582345720929683
CC_29BF3C3D9682,0.16231995383263303
CC_29C4425FB2DA,0.16412807824183046
CC_29C5D0D72D61,0.1607204866905573
CC_29D65E313500,0.12600498453025355
CC_29FD856F47A5,0.7542386029585547
CC_2A097F88615A,0.11456688050854719
CC_2A0CB4CE1A48,0.20982498260365443
CC_2A14C1652D6D,0.16465370954897346
CC_2A1F96F80938,0.09042038394208197
CC_2A23F71805A2,0.1340146120961822
CC_2A2BF2FD0498,0.17442228028138315
CC_2A358A1D3DDF,0.6139396316078382
CC_2A3E371F0DAD,0.21757325630972849
CC_2A423FC8A330,0.3159552152285598
CC_2A43368D54F9,0.5683614872414626
CC_2A47A21C0E07,0.5946220359208004
CC_2A4CB02E7A1E,0.12646766882488478
CC_2A510080BA29,0.14295651358298467
CC_2A5316E550F0,0.12521924550553276
CC_2A59695EF90A,0.5833515833907186
CC_2A606D00CC46,0.11270075232734875
CC_2A6C69145AE0,0.11033916873506389
CC_2A6CD71471A6,0.14016288252122405
CC_2A70D6EF64E1,0.07733474525951158
CC_2A844754AE67,0.495681816973788
CC_2A85A7B242FD,0.1706005403362789
CC_2A9A51067D7F,0.12022411863189754
CC_2AAAD4020436,0.16115895664995245
CC_2AB62BCF3704,0.12468916994787581
CC_2AC1C8DE5649,0.13020814768178987
CC_2AD10D78793D,0.7871105282287447
CC_2AD26446A7AE,0.1341031208109037
CC_2AD2D35975D1,0.1038956164232447
CC_2ADA07B0211F,0.30938184575375693
CC_2AED2D284351,0.27562818756793
CC_2B01FDE2552D,0.16214414577112587
CC_2B06DDFD7F8A,0.11556563705289619
CC_2B08FBC0A948,0.19449293264175369
CC_2B1914218468,0.6789788509513693
CC_2B1D93E12DC9,0.11864641434848917
CC_2B248C488918,0.13478175781512802
CC_2B256891C60A,0.735599006904143
CC_2B2801591A25,0.3794067342221056
CC_2B2B7CF1E40F,0.1100823229244276
CC_2B2F4204834B,0.15293282771893688
CC_2B5443C7AB87,0.09318941780767066
CC_2B5D780AC244,0.5720657537594247
CC_2B64E67CFF13,0.10534806585328704
CC_2B6B872C8D21,0.024231804607006673
CC_2B85D931F011,0.13050258733656658
CC_2B959EF030DD,0.17444513264449082
CC_2B973D1AC16E,0.19858604190721027
CC_2B98983C2687,0.04074004945627069
CC_2BA581E7B8D2,0.10222726627916437
CC_2BB2C432C369,0.13394679314481875
CC_2BBE19587CD5,0.1521385680731426
CC_2BCB838A9581,0.11535105969199319
CC_2BD0E9336EB4,0.10261212383847
CC_2BD1633FD528,0.13051432841688151
CC_2BD58FC8C2B9,0.04096910232962595
CC_2BD6083CAB0B,0.839887844223444
CC_2BDD47B177E5,0.8421531226541888
CC_2BDE889EB05C,0.2721422827616346
CC_2BF8DB192A49,0.3546094588964174
CC_2BFDF46F3AC2,0.11098835603395307
CC_2C00CF2FAE22,0.06676698018769615
CC_2C06DDBA1073,0.2743761481780489
CC_2C16C7838FAB,0.8398866766034333
CC_2C263A1A732C,0.1206191732632018
CC_2C34105831A6,0.15084227010185233
CC_2C43FFA06F31,0.10597705980692328
CC_2C4DEE4CA1CF,0.10579906694009522
CC_2C56DB55E40E,0.08615780230301133
CC_2C59F565C183,0.14712898205680547
CC_2C7F54E56925,0.27413270227743414
CC_2C8CFCC646BE,0.07711512489305666
CC_2C91AB1DB754,0.10132060268502768
CC_2C93356976AE,0.21777917624611237
CC_2C9DADC294C8,0.031049046826728287
CC_2CA94231028A,0.20180889817090486
CC_2CC8CB17283A,0.30844052927013993
CC_2CCD42AA2376,0.2539251732845551
CC_2CCFE560A79E,0.22190794225557797
CC_2CED227E5216,0.13500912979780946
CC_2CF326E90715,0.0770632323709942
CC_2CFEA03CC6A0,0.6044291097718155
CC_2D1D032137DA,0.14123418376742222
CC_2D258781011B,0.14176682039216207
CC_2D30260A1CEC,0.21824303155026695
CC_2D35C002A9F1,0.12767459165766804
CC_2D45DEA4EB25,0.1642199878087008
CC_2D5494C13FFA,0.05394793899951315
CC_2D5EA2953E81,0.15269542229873853
CC_2D6E7894EA16,0.567704534691113
CC_2D7DA36360AD,0.16751258662277757
CC_2D7DFEACA38C,0.1677485613133017
CC_2D836654A121,0.11868146438375095
CC_2D9CDFC6C57E,0.6011607777104907
CC_2DAC67585B03,0.1305451775148482
CC_2DAE338809DE,0.2281470034317772
CC_2DB062A18C75,0.29082028468123744
CC_2DB2C55CF89E,0.8186120879770443
CC_2DBCBF870292,0.07183430818975378
CC_2DCBC03B4FA3,0.6751016653950523
CC_2DD78131B5A1,0.12414012304384568
CC_2DD7BCA75AB9,0.1568158906310649
CC_2DEB49017220,0.14561656624549035
CC_2DF6C71ED372,0.1403480205556398
CC_2DFBFA1A4FE8,0.1450650275816199
CC_2E12A41F7733,0.110537998451159
CC_2E1A348EB1E6,0.11713297612601865
CC_2E23CB0F6F7B,0.33848394385325414
CC_2E3634587158,0.13370752382874024
CC_2E3F4B14D8DF,0.23956951645366042
CC_2E3FDDBF4F48,0.179092531913953
CC_2E61C46BC16A,0.1333429586491464
CC_2E62AEB14351,0.15355681891799017
CC_2E6F1C0ADEB8,0.18336153758218118
CC_2E7415FAB62E,0.11235352295577934
CC_2E77F7444FDF,0.0798846769983754
CC_2E78431BE3DB,0.08479851318529845
CC_2E7D44FB8075,0.12784807596813283
CC_2E7D8539BDA6,0.3350606219365806
CC_2E7F248874AA,0.6743584632349994
CC_2E85BB8F3BB5,0.11567067516721699
CC_2E8897E4D9BB,0.28473331239070276
CC_2E8CCDE89E2D,0.1671846776617917
CC_2E927D910813,0.11798501949459372
CC_2E9891F5A2D5,0.15928147882610313
CC_2EA56A7EAC04,0.21701951356388768
CC_2EB45D13B248,0.19853490560827403
CC_2EC924B0EAAE,0.13159492807514997
CC_2ECC248C96B7,0.09854308741603209
CC_2ECF0C98B06D,0.36938027655423894
CC_2ED3F6481454,0.12078818086134421
CC_2EDDF0B40ED8,0.13172533463085576
CC_2EE2A139642B,0.12178213943138425
CC_2EEE072DA301,0.24470856075148617
CC_2EFEBB85DAEB,0.15341075976457216
CC_2F133BEFAA69,0.1314624707878339
CC_2F1AAE3B81F2,0.11536307815894822
CC_2F1BC47CC90E,0.07114420323708075
CC_2F2128FBBDDC,0.12505730617867172
CC_2F3D3342834E,0.061255507152183315
CC_2F42D39F710B,0.5695703469209135
CC_2F4AFE398419,0.8020949959652377
CC_2F4C24B38EE6,0.1260975977572086
CC_2F508C0838A6,0.14216198790211798
CC_2F50EC193942,0.18302067013799223
CC_2F5BD03D4900,0.11630486269784679
CC_2F73AF6728BC,0.10397975408129244
CC_2F7EBEAB9CF2,0.18039931769499565
CC_2F9AD2BC25F5,0.10898116487459761
CC_2FA3172ED3FE,0.8472191416565629
CC_2FBEF8808F48,0.16269675683512497
CC_2FC014F0EA3C,0.12226257748615678
CC_2FC3AD2EC986,0.22524476265941978
CC_2FCC82AC097C,0.2024320484890396
CC_2FE2ED7D464E,0.15953770116060736
CC_2FFCC9802D2A,0.1515555910106886
CC_2FFE32627DF8,0.11865912775569736
CC_300BEA90EF3F,0.1474952972486325
CC_3017B64D0364,0.20870953977095888
CC_3017E5E87C94,0.16756488741663716
CC_3028375CC87E,0.7877977238894941
CC_302A48CFCEDA,0.10996755147501712
CC_3031F96196BD,0.43197210053322066
CC_30328ADA0AE8,0.23860284060103432
CC_30451015D913,0.04181224160433829
CC_305D33AC15A9,0.72954835267962
CC_306015CFB66A,0.15703870043000007
CC_306413849CEA,0.42973389117039446
CC_306EF0BC7CB3,0.07717131723486197
CC_3075C5B861A8,0.17039380429528322
CC_3083D9B76858,0.10160759230790523
CC_3096994A495B,0.1839672071857817
CC_30B106BC1657,0.17839370711492675
CC_30B967417C42,0.0798392001272889
CC_30CABAFF5453,0.11709156287070696
CC_30D68208FB23,0.33769306382223574
CC_30E2A90BACAD,0.1394097659585596
CC_30FFD856443D,0.5817520446396138
CC_311EF26786A8,0.09484093313442565
CC_3129843EADE6,0.8414905502869943
CC_312C34EF683B,0.125254438713778
CC_31302B64C078,0.0960240002363502
CC_31344A25B569,0.06710075869952317
CC_31397A399AD5,0.08359397895712359
CC_3145B5EAD7AE,0.28551438025955966
CC_3146EE0BF81A,0.10559256050295585
CC_314D02632843,0.2274315269990183
CC_315133406E42,0.3120716930826263
CC_3180D1C6FB7E,0.20590343644175876
CC_31827EE8A968,0.2392470584142156
CC_319BE06CC27F,0.0884162922060824
CC_31A0A97AFFCC,0.506311751261088
CC_31B22116E36C,0.11710760487968314
CC_31C78D9B6494,0.38745572201463163
CC_31D3FA367B41,0.11487995799256558
CC_31DAAB3E6DA7,0.18798934405255027
CC_31E36F666FB7,0.07186164867566146
CC_31E72EA14FE4,0.12085119390586077
CC_31FC6DC9482C,0.16093160505235596
CC_32076DA6AE23,0.12479903010546152
CC_3209FA12D938,0.32484033410958224
CC_320E17F947CD,0.4404264230436747
CC_3223C706DD92,0.21932852137086808
CC_322EFB2E377D,0.11716373965839647
CC_3248EB928073,0.11795648633376986
CC_325D5DC52B1F,0.09844089111154489
CC_32662A6DB78D,0.129832239960498
CC_328DD3BA068A,0.15498210678013152
CC_328DF7798F91,0.1352124460367482
CC_3295CFEB188B,0.13245695540188246
CC_329DC79286ED,0.734517687837821
CC_32CB77D55C73,0.15204126501428225
CC_32D129B9E651,0.15455410207040746
CC_32DB12551D37,0.5978363828081028
CC_32F00D77D5CD,0.16274480317358972
CC_32FF5F6892D9,0.13045555686278398
CC_3301EF60877F,0.14021837019658245
CC_330F334BD816,0.11829159338804981
CC_331285B3494C,0.16952127526439192
CC_331364283D5C,0.10548909876796056
CC_331718E0F54F,0.14814432133315228
CC_33194D48FF66,0.11480407415550291
CC_331E8B8BCAB8,0.11242973292741483
CC_33254134ABA9,0.7669809991406932
CC_332E42439579,0.10479512931951444
CC_333102AB964C,0.14576042269682127
CC_3338AC0E8112,0.23932698551120812
CC_33656EEDE6F2,0.482914534775834
CC_336777D934E0,0.42354151203233276
CC_336DBFE464D1,0.4435476458518176
CC_3382BB2F3152,0.1345355381593943
CC_3387207793E4,0.054532683759066024
CC_33992C973839,0.11936507356551933
CC_339C36703675,0.10800192684367747
CC_339CA5814519,0.13901407383977218
CC_33B157F2A921,0.11976557425712106
CC_33BBD10F239D,0.06262423419221964
CC_33D3B12EE56E,0.1059004692514871
CC_33DB68EA27CB,0.12210052635397663
CC_33F0B95E70CE,0.18145885848428248
CC_33F40275D630,0.10020327312956463
CC_33FD5DE22692,0.12470791206120764
CC_340961106343,0.13807051759893132
CC_340BB1F4CEF0,0.14073460843600677
CC_3410B11F1FA3,0.09003023920407315
CC_3424972707B6,0.6651246803570144
CC_34452758A645,0.056579232428407754
CC_344D239879D6,0.13806930172488532
CC_34503B6891CE,0.27759814234874514
CC_3451722A3813,0.15680832682776552
CC_34517B513D8E,0.4136000007039366
CC_346ECB4CF2F8,0.1361418247853502
CC_3478E8B6B56A,0.12847026976065087
CC_347AFDE16722,0.10613103669519193
CC_347B1A01467F,0.08406951020932416
CC_348AA62FF484,0.18643148857805003
CC_348D3F098A4D,0.1185941038658509
CC_349290E4D0C9,0.14358478212756404
CC_349347D553D1,0.2690315199255538
CC_3495CE27BB05,0.21865492907499598
CC_34B10A654721,0.1180731822654984
CC_34BD2C5130C8,0.1031231271554342
CC_34C433439160,0.09824198067366849
CC_34CA271F73E3,0.3154965846846274
CC_34CEBEA3B15A,0.14378161646494927
CC_34E58CF793A0,0.20609691394538784
CC_34E6909B6027,0.336436357755314
CC_34F4292A8B5C,0.14986212616167038
CC_34F6DD223594,0.08560306990227866
CC_3508A7A5E9EB,0.12825811012604008
CC_35094977DD75,0.12922443959197125
CC_350DE157CE6D,0.19141835369359972
CC_351BD5C2EE8B,0.046908484318677196
CC_35486249EDEF,0.1799412128634307
CC_354C9ABE6DDE,0.1091898778866127
CC_35578162927A,0.12059224936051584
CC_357C3E7518D3,0.5845151322575071
CC_3584C15BF11F,0.11200252851279113
CC_3588C5166872,0.11129520179215541
CC_35A68306B19E,0.1301801757153291
CC_35BFB3093D02,0.06990760029701418
CC_35C085ED37BD,0.475763156123369
CC_35C695C13279,0.107130600299407
CC_35D1668A4C13,0.1585629202060392
CC_35D27495E0CB,0.7768362411554987
CC_35D562E1DBE1,0.6540615872387238
CC_35DCDC74A757,0.423663401760902
CC_35EC2AB1D1EE,0.1373402531337063
CC_35EEB90317B9,0.4270675115554108
CC_361A9EAF7706,0.30549742179647804
CC_361B968FEB98,0.16799387905235866
CC_361C9FA031A7,0.9251634835664043
CC_3620C5D1B3E2,0.12723206450506352
CC_3622D7221940,0.06854641192628054
CC_363175E92F74,0.35602059514740186
CC_3638C9146BFC,0.1448713763259366
CC_3643A4C7EC5C,0.04710969474471466
CC_36690A9AE112,0.7790130313471092
CC_36719170F638,0.13471884300306808
CC_3673466BA7A7,0.16048350225356298
CC_36847054DF52,0.3045215890290844
CC_3691CE792752,0.6121322695481883
CC_36A27FE53743,0.3818651704141111
CC_36A3FB06D1D8,0.8448652979738338
CC_36B0F2AD5413,0.15903764021033556
CC_36B1B7BF5F75,0.08443284089841133
CC_36B68E66951E,0.41928183798547636
CC_36D3F09AD810,0.3939939961115649
CC_36DBD8424220,0.5831846533700272
CC_36E5645D8018,0.0480962912207709
CC_36E6592E4E23,0.1350773621784756
CC_36F143AEC864,0.12542483569927673
CC_36F2A735DF73,0.17098956464033815
CC_36F81C003E8F,0.018949983498297823
CC_36FCD55EE425,0.6423707757481444
CC_3701D5DB7FA1,0.08063266269836201
CC_3706E1EB2587,0.6249853259435559
CC_370E0F8EF86F,0.427505427538554
CC_371D47444D5B,0.6917857709940508
CC_372CFE308EA4,0.6569054370251863
CC_3731D90357A6,0.2696426231425739
CC_37322F66C543,0.03241513097721974
CC_373539DE38C5,0.11201289208308958
CC_375225700242,0.23523838852332132
CC_3762D0B6F3C2,0.13704636999851746
CC_377A277E831A,0.14484034218620387
CC_377B6066B91B,0.4032752645459226
CC_378D71726B5E,0.029972678479199006
CC_37A46BD0DCBF,0.11448483736297389
CC_37B447368F02,0.8264659493702741
CC_37BFDFE369A3,0.15558662228226605
CC_37D09FE492BD,0.12899233260101195
CC_37D3F4C07235,0.16703861339753334
CC_37DDACE48E3C,0.13111340294814722
CC_37DEF85C0A37,0.22838017764165844
CC_38020CED9EEF,0.07356273377749444
CC_382207621EC5,0.815726343826237
CC_38374AB27F95,0.10092357976177904
CC_383A5544DD5C,0.13994049917032866
CC_383C129A5B96,0.17004157316363003
CC_3847AAA649C7,0.11406144396874993
CC_3849D992C1E3,0.1285573640809563
CC_384BB17F0F0B,0.6423515086886807
CC_3851177E5E76,0.1317357472935854
CC_3862F88850B8,0.3214989822475972
CC_3867CFCFCC94,0.26932742686842703
CC_3872ED018F85,0.14999651677550008
CC_3881A587C072,0.12267305451128169
CC_3882F8EB5EEB,0.40705127860813367
CC_38911341EA6C,0.10811168509736056
CC_389E5B71E254,0.415180329274498
CC_38A0DBCD3728,0.0029893816570615785
CC_38B3E9142747,0.057135226859303945
CC_38C1B8860300,0.10789001670390698
CC_38C8CF250B60,0.0714601500173242
CC_38D32B790B4A,0.21285060594397123
CC_38EB304A9915,0.08979279726132139
CC_38F26461C872,0.6974155526410328
CC_38F942257E28,0.436662577382851
CC_38FA5D78A8A7,0.09701297541932695
CC_3903D7BCCA95,0.1432545270794678
CC_39043D7ED04D,0.15583532534315334
CC_39098B256732,0.13694136087744874
CC_3909A2E4C679,0.1343172188597937
CC_392344DF8D55,0.156450674055753
CC_392628C8AD47,0.18261827099211603
CC_39285F4C42BF,0.3620753152161311
CC_392A376EA1A2,0.12452888561163782
CC_3932E086F150,0.20590469504707953
CC_393D1D3640D0,0.12005232103111713
CC_3943B3490B49,0.8144718007706246
CC_394DE164DBCD,0.16821314840352453
CC_395600E84A54,0.1874855820775242
CC_395D181A7E1F,0.15608708841993083
CC_395E8CACC437,0.19815034748110213
CC_39635AC6A70E,0.058770511736296
CC_3969352E3ABC,0.12170397206658298
CC_3985C0DF9CB5,0.4436553719660201
CC_3989F2C6A9F8,0.15898659354609124
CC_39A82672A1B2,0.1115626133055087
CC_39AA15DAE17D,0.65570776367303
CC_39AA2A3D98CC,0.0747287262064168
CC_39AC257B00C5,0.09402654864891233
CC_39ACC63CDAEE,0.12981208880995226
CC_39CE40784C2C,0.17124980473923745
CC_39E1A306D418,0.15066317558652997
CC_39F2B11C46D7,0.04291578262509248
CC_3A10F5F50A27,0.09465297760103754
CC_3A27CF9D162A,0.5265502852832429
CC_3A297424A7F7,0.19492553963058548
CC_3A39F7930BF3,0.11362466491248582
CC_3A57566F9977,0.5923897357110831
CC_3A61121254E6,0.09877686215793889
CC_3A81C568A7F8,0.1541433784960796
CC_3A82E7050A4D,0.07934271821799986
CC_3A860AADE6CE,0.14709677636351784
CC_3A8B3FC29C9E,0.17856346768055975
CC_3A8E9056A5A2,0.12930862397767362
CC_3A9617A5777D,0.2328377410153588
CC_3A99D25777CD,0.14767213328568435
CC_3AA9E8D01340,0.4864093294326391
CC_3AAEFC09C290,0.596894906134479
CC_3AB5E579843E,0.1620039305456369
CC_3AB77A30AD40,0.19286254502634556
CC_3AB7BA36A414,0.24393310139904062
CC_3ABA830A5BB2,0.20234981866037904
CC_3ADDDA550A57,0.18887027646771098
CC_3AE7B1151DC9,0.15519729543154387
CC_3AE9A209EE00,0.09098123229924705
CC_3B06FCD75C98,0.11738099204214346
CC_3B0722FB5E8E,0.28914037391735603
CC_3B1C51DD7429,0.18979872280248034
CC_3B1F4696D710,0.635584568100098
CC_3B224413A072,0.2071052325331337
CC_3B35C3783CCD,0.1934548106653577
CC_3B3626F3DF9F,0.32769105347338556
CC_3B4405C7E486,0.6556365610937701
CC_3B4C4A9C9D99,0.27282712677793836
CC_3B72F0E9E3F8,0.15430897951010966
CC_3BB02A95C6C1,0.7486716416643309
CC_3BB8B675C2BC,0.2819233993188209
CC_3BC51B069218,0.18731211167691167
CC_3BCA5BD201AC,0.17069248810119128
CC_3BCAC9793441,0.2528899913408271
CC_3BCBC867AC4A,0.04616665384358753
CC_3BE51412ABE7,0.3073661773001809
CC_3BEA98B401CD,0.6501153466885339
CC_3BED6DF1ABF1,0.12471101708551635
CC_3BF0BF7CF827,0.8790153386239226
CC_3BF110035599,0.5792572573476225
CC_3BF213810DEE,0.62848006191559
CC_3BF21CA88D3C,0.2679028034179054
CC_3C0E29764C71,0.0768104004774138
CC_3C19509D4636,0.11875506804670422
CC_3C1B038BB068,0.14912341565460105
CC_3C594CADCA2E,0.14778439027064003
CC_3C5D909498F7,0.8510374460795633
CC_3C68D5179A01,0.15514003258917788
CC_3C83955704BA,0.7669114863978186
CC_3C93218F41B2,0.1881054178112606
CC_3C9CFC8FB4D1,0.7459674889553731
CC_3CA266EB55BE,0.10090008119668933
CC_3CE49C937F7C,0.1835093828066061
CC_3CEEB9C04F0B,0.1375863203577652
CC_3CF504AD4DD9,0.08077965336495824
CC_3D1092DBC5C2,0.1785610919620157
CC_3D185833E7BB,0.05880531728788723
CC_3D2309981121,0.3123144892438015
CC_3D27A0086AA6,0.13272071600972932
CC_3D3BE7D0F4D8,0.1083255795585815
CC_3D412B5EA919,0.11734353352117859
CC_3D47650C6F30,0.12835680474939257
CC_3D55D1FD8457,0.09686148951476889
CC_3D599501BA76,0.1321775325693657
CC_3D6181EE3C87,0.5532303251144072
CC_3D65CC165F44,0.19414859226431816
CC_3D6CF6DB8014,0.34345280731213856
CC_3D7C14801D40,0.19621745791069625
CC_3D836BDBF866,0.8083900053921687
CC_3D8DF3A3DB71,0.8005021806076436
CC_3D9309851089,0.1854837778302616
CC_3D9ECB4274C3,0.1275790555062124
CC_3DC8A9A92802,0.27158770820795536
CC_3DDD3813D1D4,0.15942625705594748
CC_3DF3FFB3CFC7,0.1757299187663752
CC_3DF88701601B,0.163124563092415
CC_3DF91A482CFD,0.3650013285268973
CC_3DFD6349D046,0.6865593326270578
CC_3E0D54125AE0,0.19876465699899826
CC_3E10CFE1DD57,0.0955795729026092
CC_3E13CB98572B,0.25306735250490575
CC_3E142C8ACA6F,0.10674762235985047
CC_3E1BAC4E5B90,0.10718559523319163
CC_3E2DD0D1E2D8,0.14911078991733537
CC_3E403BF08A45,0.07732079167586313
CC_3E46368104AE,0.11369663364837022
CC_3E48A086B5C7,0.2653128772313336
CC_3E54451B0F6D,0.11476819068691636
CC_3E6335ED3F4F,0.12835761506435983
CC_3E87A65C50A5,0.18028729678480707
CC_3E91109E2090,0.13085179797863253
CC_3E92A1EDA618,0.13835192112991507
CC_3E94684FE270,0.3668744051624992
CC_3E9DB402F352,0.22624688454158634
CC_3EB5A15A6C04,0.7962867287140389
CC_3EB8A9A6C49D,0.09645775217493142
CC_3EC96BC884F2,0.17368931484622693
CC_3ECA9E44B90F,0.16225218843021538
CC_3ECE4EF16A44,0.11867064007611827
CC_3EDDB8E70F57,0.09556434992712058
CC_3EDF137D0E1C,0.144980181273043
CC_3EEEE844410D,0.29638557363971235
CC_3EF4F348C967,0.12112255161649974
CC_3EF91DD11A81,0.14128104492926113
CC_3F08C55E7A40,0.2438684293145339
CC_3F171CED0CFA,0.05897404303982149
CC_3F2544EFA753,0.13718590797377248
CC_3F28F3286CCA,0.16707624155072504
CC_3F379CB37B0D,0.13904741693675696
CC_3F42D798AB1D,0.5877560629708133
CC_3F48724540D5,0.13412730275838483
CC_3F68068E2D5E,0.062816453041165
CC_3F7FBE71B77F,0.10218786545270028
CC_3F80017B8599,0.11539002057233347
CC_3F8B17953200,0.10635034487839033
CC_3F964BADC4BC,0.8421870229568882
CC_3F9767602FCB,0.15180560295171028
CC_3FA84F0B23CE,0.11009351524468561
CC_3FB4B189143F,0.13811667391356208
CC_3FB7C976EB26,0.23616281081931997
CC_3FBCEB2F36D5,0.11875216677396423
CC_3FC4FE843245,0.09603770606595628
CC_3FD52E32FE8B,0.6409986152364595
CC_3FDB44EC6254,0.05413324310523964
CC_3FEFBD6DC62F,0.22035173820830875
CC_4005466D00ED,0.2810328129864344
CC_40095FFBC1A2,0.09584726051768504
CC_400F1887A662,0.14170399355168845
CC_40133FF3069C,0.08772500312012016
CC_401C6F0EED5A,0.13614890183836603
CC_4021AD03FA01,0.17126339863213128
CC_402E91F3A56C,0.13445477256960978
CC_403754B6988D,0.14765945727207266
CC_4052DFCB1656,0.1683445120769327
CC_40579C5C13D5,0.8453562165543448
CC_406937FF97E7,0.16902225113725328
CC_406C4233347A,0.16689805262804683
CC_4073E42E11E4,0.17263349901114905
CC_4077BB12A5F4,0.15034303319869696
CC_4077DD5B5C4F,0.18310446712806094
CC_40824D899215,0.13548353854817619
CC_408D79189FBF,0.3422230375816538
CC_40A3F1D5EA0F,0.22420117837303793
CC_40A852A592FB,0.15844176772228455
CC_40AADA91D560,0.12293450087896815
CC_40B39CB2CC58,0.08957552209119878
CC_40CE2030F058,0.19588316332157912
CC_40EA2F8481E8,0.18057853547057592
CC_40EFD7778F98,0.14196303014709974
CC_40F278D49681,0.2153425710031938
CC_40FFCF631F19,0.5932949410272338
CC_4101D1B82788,0.14473657095163092
CC_4109B79A4B06,0.05855278356529533
CC_4119348F051A,0.15118363832937248
CC_41206EE45803,0.11972360797907022
CC_412DF740DA62,0.14821242765170312
CC_413AB4CA7451,0.17450360461181355
CC_414C06C60FF7,0.8362034128783914
CC_414F50748A51,0.08688693221089816
CC_415C65EA66AA,0.09343243573261711
CC_415CED95F7CA,0.13755525966655854
CC_416584250060,0.07570639322269168
CC_416B3A1F0F0B,0.08727771239438521
CC_41735021FC7A,0.16822322242920923
CC_417858CD20F4,0.12623015118534112
CC_41902EFB3974,0.07032610243026426
CC_41A27790EFBF,0.12558354113966563
CC_41A4A223F39D,0.04340390318259137
CC_41B464757ED6,0.0786972277490506
CC_41D1A87E1136,0.3933091952252054
CC_420FE297808E,0.08733362357864145
CC_4211096D5588,0.12386160653538146
CC_421F4D78128B,0.5425221680238895
CC_422F2780C85A,0.30782292314172177
CC_423B0296BE24,0.11169293988311933
CC_423E78000AA5,0.14969826115993845
CC_4246081DD359,0.09897666158823448
CC_4249EDF2FDCC,0.8243509179653938
CC_42568C67F412,0.3276609159908311
CC_426A25EA9E21,0.7801639799498467
CC_427ECDDEECE6,0.22008858877567355
CC_4289EEC8F0A2,0.1464065440394979
CC_429A7158AD07,0.1118675288950582
CC_429C51AE729D,0.06116235568238526
CC_42A0DE1E5E80,0.1202036695147082
CC_42A7D0F5388F,0.0894038530979717
CC_42B23C8C9F66,0.14895229626818493
CC_42BD3999AC3E,0.25030821137166
CC_42C95B199130,0.3252118083645149
CC_42CD6CE97523,0.47106426700891907
CC_42DA114F12A2,0.17607135709633856
CC_42E2736AA331,0.18295869917642477
CC_42EA825C351B,0.3770878597611473
CC_42F1B2B4D258,0.6060152457765787
CC_42F4588EB38D,0.2999789644641246
CC_431F29A12E99,0.1539878155232071
CC_432EB78A198D,0.17748883983857638
CC_43383344BC72,0.14513249301640563
CC_4339187DD10A,0.06097177318744057
CC_4344A2E7EA1F,0.4942811111615638
CC_4347468ABE51,0.5817639739692321
CC_434894BC2577,0.060272343666876095
CC_4362DB93FC92,0.12255393704962442
CC_436850DDC704,0.1536424259265985
CC_43698E2EEA0A,0.1216067060043399
CC_4387F73F131E,0.1443079342318573
CC_43A33C994C70,0.4105208635170718
CC_43ACD82B5514,0.19399399673370313
CC_43B37131B8FA,0.14121442712720866
CC_43BFCAF8BD20,0.1060321533106096
CC_43C060E01266,0.19835185652614212
CC_43C41AF27375,0.11569254580709842
CC_43C5AFA48B93,0.10371076164069387
CC_43C767A44C55,0.16603877212640378
CC_43DECAB53552,0.07961883070626578
CC_43E6D931158D,0.330343504677258
CC_43E9F88019F8,0.027822381556876382
CC_43EBD6EBD675,0.08827052713059937
CC_43F81C577002,0.3240787936554939
CC_443C4E041687,0.12706867485908477
CC_443F63BF238A,0.17240900250452734
CC_4463776F9AA1,0.08759991943088143
CC_446F1EDF03C8,0.15632142944133406
CC_447BAD4F7820,0.8318242381847598
CC_447D02F917B5,0.11390951731056013
CC_447E705746E2,0.12370628917279382
CC_44A017104F93,0.5709353500436497
CC_44A1E58CDBC0,0.07538945695480631
CC_44ABCC04C418,0.12125695045288928
CC_44BF6BCCFC2E,0.10735800729127383
CC_44D0671A3B87,0.10837896277571986
CC_44DBEE3A7D81,0.13502953100454027
CC_44F7DD6A88A1,0.21119879593911903
CC_45080C42280D,0.2158076810450491
CC_4524AD74135F,0.5524666327667076
CC_45262103231F,0.1707779026448104
CC_452D8C5D039C,0.8433194752596892
CC_452DECDBC90F,0.10391631264187512
CC_453C9B3A5992,0.18700718475802314
CC_4542AACA1FE4,0.12136534287400168
CC_455209549D3B,0.8768976832997339
CC_4555C804C4D0,0.09158910671558373
CC_4581E4190B2E,0.11895327562779795
CC_458912F91D6F,0.3711774548891832
CC_45913E1BE65C,0.3378557148891452
CC_4594791FB40D,0.11703172763311362
CC_459B49073E2C,0.3225101319192206
CC_459EA8E0E2EF,0.13344577880040356
CC_45A4A38557E9,0.1378066661920212
CC_45ACE2B1DB6F,0.1064709655344494
CC_45C1A92F0E8D,0.13360309049923205
CC_45D0673EDD20,0.16049544752780978
CC_45D70DC84DA0,0.08587897841191072
CC_45D96479EC1E,0.022017176732200446
CC_45E8597BF74E,0.12147256440762136
CC_45E97246F83A,0.12507697586415858
CC_45EC44761309,0.1855633663286966
CC_4603A6F83E2A,0.1251638309268589
CC_46045CEE8330,0.08918744788682892
CC_464E17187A4E,0.3672934356997163
CC_4659FB4B8536,0.14689009007302598
CC_465EF4F9B68F,0.14457641371478988
CC_4663FDE62E3A,0.24000562714397772
CC_466D54BE0809,0.12439459775313239
CC_466ED9BD34B5,0.1326531515210884
CC_466F7908E13D,0.12285978013096903
CC_4695A5525A11,0.13034960582452723
CC_46BBB8A4854A,0.0829491371401561
CC_46BC61EC8F2E,0.16904571036368374
CC_46C0DFA660B0,0.11724108194740998
CC_46C2DCF84CA0,0.08658608463196535
CC_46C38B9F0D8E,0.12205231183997614
CC_46CAB9AE7C87,0.40476010476222934
CC_46D0D1ADEA59,0.16294952897800086
CC_46DFC1AA0821,0.8575828118164681
CC_46ECA5976180,0.16577464838591854
CC_46F5F6D27991,0.11894682370509409
CC_46FE9F226120,0.19971984638328463
CC_47130CC63FC5,0.149153826538722
CC_472330768F5F,0.13374426390135324
CC_47292EBB8BD1,0.12515147405202526
CC_4734AB1281DA,0.09285538778556882
CC_473989E6BA47,0.2082638048773547
CC_473AE07014DC,0.16582380592870036
CC_4741EF45C3DB,0.2279172594113944
CC_474586BE49EB,0.18792831653642095
CC_47490BF44944,0.28281612978838255
CC_477213DAED38,0.10942108722721292
CC_4778086276B7,0.13861778460106122
CC_47910B073CF3,0.17957571275447434
CC_47939776FDF6,0.7793750158321023
CC_4796F6A64420,0.13548351762445318
CC_4798549B52ED,0.18985600484018095
CC_47A3714E7D2E,0.2724606266669418
CC_47CE219EBAAD,0.17654064707101158
CC_47CF9074E03E,0.14048346829142977
CC_47E4537A53FD,0.16693719058245704
CC_47E8BC938FA1,0.19642673245652176
CC_47F134D17818,0.10408036519204442
CC_4812FBE05C7C,0.2639879844988411
CC_48152725FAB1,0.4939549296700422
CC_482256495FAD,0.8698237784557256
CC_4829FF15D21E,0.15244857679526447
CC_482D26D81935,0.6163022779857515
CC_4838990A8D02,0.1082692477653783
CC_4862EA9CD1DD,0.06900336482194047
CC_4862F8C1B0AC,0.0957400672049722
CC_486CD67D26CF,0.13778751211948856
CC_486D8F9AE549,0.22111897714174542
CC_4877D1BDB737,0.13553566156045616
CC_4885E34F0B26,0.2275110117838645
CC_48928CA8082E,0.21667389078067006
CC_48A74FF0E6C5,0.12657910883119994
CC_48E0791DDD62,0.2013490941571489
CC_48F620B6A472,0.10636791492402861
CC_48FDBB1D7493,0.18037363564450629
CC_4910EC928152,0.1349096288965471
CC_491C18C17767,0.08471823980363952
CC_492F65EF8D9D,0.8667373764220069
CC_493DDD53B97E,0.08834626519160312
CC_495F82AA5B9B,0.25062594243691394
CC_49618412FF86,0.13574438347478796
CC_496A7CFA344D,0.8419516250939226
CC_4983EBABAE3F,0.08826896128818437
CC_4992C1915957,0.6961621222984067
CC_4993B31028A7,0.08849879913346242
CC_49945441A644,0.1453859952993855
CC_49A80692BC68,0.15432945539607565
CC_49AB67613A58,0.15329384117029346
CC_49B05CADDD95,0.6289671353976259
CC_49C6F9AD111E,0.08640204613260102
CC_49CEB94F0B3B,0.07553849233945677
CC_49D3A79B55CD,0.1518429855609548
CC_49D6671DAE8E,0.13124730455978229
CC_49E6C539B1CF,0.10844697356956652
CC_49EEDF0DA684,0.06631596304241999
CC_49FC290E33A7,0.14451113344622296
CC_4A01CF2F67D2,0.705219101150379
CC_4A16DC668832,0.4674235028846368
CC_4A212461781C,0.10575272051615932
CC_4A237A8E6706,0.13286716969789222
CC_4A3DFA0E27A4,0.12818578714111198
CC_4A513D39DCE3,0.09204235714545808
CC_4A532B0E6165,0.15303703311618896
CC_4A5FA9F1C804,0.12442866748927958
CC_4A7BDEC665FF,0.1390939863353466
CC_4A7FC9B23222,0.17385130463443219
CC_4A8A7080FA25,0.27465505788317635
CC_4A8EFD589879,0.12447960563854862
CC_4A8F7D2B857C,0.16567716471669275
CC_4A91E8D4289D,0.33945306210170156
CC_4A93163A12F4,0.3484193726556634
CC_4A9FEF48EA65,0.26007749251339424
CC_4AA73D751AA5,0.3338035948147137
CC_4AAED0C85F70,0.14340075325558477
CC_4AB1DEF044AA,0.08833026922834213
CC_4AB5AE299217,0.13314340862146587
CC_4ABA0CDC2270,0.13471093938388648
CC_4ACFFC2F295F,0.7933805142515523
CC_4B0490BAB1B9,0.1186588085167602
CC_4B28B03CEFEA,0.10294422312062892
CC_4B420765EB9A,0.10801749933183293
CC_4B47C16D9867,0.13210856320783956
CC_4B494C4D7D03,0.31355768978607157
CC_4B4C84B015C2,0.05986877476485861
CC_4B607295E983,0.06109031823516187
CC_4B6D24E81483,0.09496213441838386
CC_4B77AF6FAF2B,0.7417065332329085
CC_4B7EC3F2FFBA,0.07845958082388334
CC_4B85318DFA50,0.13836689512975484
CC_4B9B36B36DA5,0.6793156095233688
CC_4B9E0AD5D692,0.3247225638643004
CC_4BA041C9678C,0.19024378633353664
CC_4BB40F2129A6,0.11475346833588886
CC_4BB8FD274E2A,0.022921443507104157
CC_4BBB8118FBBB,0.14109392805314686
CC_4BC8CB91719F,0.1334836774094478
CC_4BE447D54BB8,0.1387231497721024
CC_4BE85B1BDB62,0.3575476764294066
CC_4BEF3C7F6395,0.13791940327643307
CC_4BF03FF61B97,0.4739448832880027
CC_4BF4C38EAE8D,0.21351851864333862
CC_4BF95B8140C8,0.1519007651718386
CC_4BFE0CB61B5A,0.2838573151145597
CC_4C2A3F254101,0.26374004253787997
CC_4C351DEB6230,0.1582296196054764
CC_4C38031A2A9E,0.12576729565241332
CC_4C3E35875F03,0.11880482453997403
CC_4C4D79F933B2,0.12040520185954222
CC_4C56497F4AB0,0.503419831312515
CC_4C827B493CFD,0.17721896740020462
CC_4C849C6073AF,0.1354068211625499
CC_4C869E6F618A,0.18139232034062405
CC_4CA21C15763D,0.1319963195750452
CC_4CB2F1CAE684,0.14534348444356554
CC_4CC0265E0778,0.08812515001584616
CC_4CC5483903E9,0.3804370436106823
CC_4CD7C76FE235,0.4210945541242065
CC_4CE2BFED4F4C,0.16674588260946613
CC_4CE751CB58FA,0.4292533649872828
CC_4CF3E184C500,0.06953504055005544
CC_4CF668E60D64,0.30082901524487954
CC_4D1A1AF53E18,0.025392619774498557
CC_4D29155FCF33,0.13301802877809776
CC_4D2CC7618AC2,0.6044723322685116
CC_4D350FF7402B,0.2559266759118051
CC_4D38AE84E3CB,0.13643675023706706
CC_4D4140E1056D,0.14544454419812936
CC_4D5545FAB130,0.7254141490957263
CC_4D55E218946E,0.13149894385876876
CC_4D5E14BD6AFA,0.15106893151635548
CC_4D78935D66E9,0.10181780917441134
CC_4D883AAAC6C9,0.07244160290591624
CC_4D8D8108C51E,0.6428259998395539
CC_4DB40331777A,0.8117251184686949
CC_4DBC8652D26F,0.11056455232830666
CC_4DC0E154EBB0,0.8632733541553075
CC_4DD5B8780C4C,0.11383160865330842
CC_4DE0070FF683,0.1624392054471128
CC_4DE688CDBC27,0.13261980493748574
CC_4DF37857FCEF,0.12999531882587514
CC_4E20F0249BC6,0.876864675698045
CC_4E2F01B7B9EE,0.17635875089554276
CC_4E41C247B4E5,0.17879897918295246
CC_4E479F6989A1,0.13285188150760785
CC_4E48AF17BC29,0.09091328281505845
CC_4E6BE67E3C4F,0.0634857807816152
CC_4E70939C5933,0.4562855411066693
CC_4E70FB172717,0.16061206602248249
CC_4E726EE8C026,0.15995816529020976
CC_4E76F48DFDEF,0.1280368209477775
CC_4EA180B2B913,0.04966270270238335
CC_4EA67A160C3E,0.6087521044154304
CC_4EE41FC91AD2,0.12773401073693347
CC_4EFECC6C2E36,0.6492564676711715
CC_4F22CB97C34F,0.09220203804684036
CC_4F2444DC6C75,0.9072361848543897
CC_4F2B7F512DD5,0.11805374039133744
CC_4F504A9744FB,0.15668198251242788
CC_4F6FEE589187,0.14012322120501572
CC_4F71AAF96C32,0.11578493824145375
CC_4F76E57C55EF,0.24932686561551937
CC_4F88D3E5AA2E,0.06859706216754083
CC_4F8A4384F6DE,0.15889533684311127
CC_4F8D83DCCF25,0.17536332037864663
CC_4F956AA47816,0.626142088915162
CC_4F99FCEA10E8,0.11851421123736881
CC_4F9F10A183F6,0.19074830125994807
CC_4FA766935F14,0.12039976368176152
CC_4FB0B9E398F2,0.3432295478648432
CC_4FD0DF6CA3AA,0.11631517350540233
CC_4FD902F7ADEC,0.11999166600905359
CC_4FF1155E3A6B,0.17333776648873345
CC_50103368F241,0.10689278529619942
CC_5012B9991935,0.1467005743573731
CC_50172FF2C2C1,0.16408198193342677
CC_5017C9BA7773,0.11033839838424081
CC_502C3D0EC4CA,0.07271964987498565
CC_504157951119,0.07267097716286423
CC_5042938B5A9A,0.46366147345067915
CC_504A57293FE4,0.9077465584194869
CC_505812CFE43B,0.2757999057034884
CC_505A6EB06E39,0.24400792626276813
CC_5064CCE0EF29,0.1775629310524766
CC_507BDF639FB5,0.1684994454862388
CC_507E53684AB6,0.17755552012670822
CC_5087A0D1765D,0.18707589222313226
CC_509229AEC221,0.1400273247045895
CC_5092D3A72B03,0.15903336091178422
CC_5092DF691F74,0.4624346096829649
CC_5094BB59416F,0.15696364597076712
CC_509926B384D8,0.7913095289939847
CC_50A6C96DA7D3,0.08492531175863838
CC_50AE75A10F3B,0.15031391597439764
CC_50D4BB93EB1A,0.12178196427636304
CC_50DF7B02E356,0.14066159674706236
CC_50EB53CFE7F8,0.11344437601083623
CC_50FC7D563CE4,0.156503630427737
CC_5100E6EAA3FF,0.2007524141751043
CC_510F2944B2A0,0.13609619699811626
CC_5128881AAD54,0.052715742770798026
CC_5138941DB7A2,0.13880170965353614
CC_5139EF8BEAFB,0.14346520671009225
CC_513E5EEC6B04,0.1334201663277227
CC_51427EF15375,0.24082537965743245
CC_5147B281DA64,0.2520053978243076
CC_515D968ED36E,0.1398780395768754
CC_5176FF858154,0.1165875125369095
CC_517CB40FB016,0.09344071001936143
CC_51884D5F3E4D,0.16779869340776057
CC_51AE98263438,0.20334987633861157
CC_51C9CE782368,0.15066352634451474
CC_51CC80D1570F,0.10284302626404833
CC_51D2E3476902,0.11740871757700379
CC_51E05E706D64,0.11958757784637324
CC_51E5A5E9801C,0.1115126916996582
CC_51F5DA44F9A0,0.3742302265838845
CC_51F6BDD355F4,0.10718622364060858
CC_51FE657FE212,0.11147092280407883
CC_520950C9BAA3,0.07758936832533685
CC_520B1D31AB99,0.15022090777662436
CC_522550E1761D,0.6891461774103362
CC_524CD519E76B,0.14382232036501377
CC_524FE9E3DAD3,0.5675746242875034
CC_52629A025048,0.12434106358538019
CC_526765FC100C,0.28713401647406306
CC_526E56249FFA,0.2498872063056168
CC_528B42A34966,0.3740451898809456
CC_5292B36E4882,0.190857844530845
CC_529A2F110236,0.1369407949860439
CC_529BC4ADAD6A,0.2634696987951053
CC_52C1C5A6F887,0.12955553759199825
CC_52C3B674FDFD,0.1585160330181618
CC_52CCBB8F9964,0.21097727165883418
CC_52D21FFA24DE,0.7275734558440636
CC_52D32EDBAA78,0.14929799588145798
CC_52D7821A8363,0.15027927493821228
CC_52D9087EBCD6,0.7756553393931371
CC_52DD62E1AC2E,0.1361060008369824
CC_52E8B04F0FA0,0.1294308084927691
CC_52E965E9E2C3,0.11931296688009889
CC_530BA492842A,0.3038687898968315
CC_530F6E906D6B,0.044931801565000554
CC_531FCFBE3B13,0.09683014203333896
CC_5320DFEAD897,0.18761645717479533
CC_53319AE7B829,0.5622116828382092
CC_53481151859F,0.11365244377816248
CC_534D4FC05F82,0.14876669282689262
CC_53687DA8C9E5,0.16718077110560708
CC_53795A7B7751,0.03335497934281165
CC_538328A6B3BA,0.4391481907051528
CC_5385266461B1,0.14561006980509675
CC_53891CB35BF8,0.18105431589055312
CC_53A6E1083B13,0.12190237958632487
CC_53A77DA726A4,0.11057488189606904
CC_53ADBC2F6E34,0.166298544101932
CC_53B249809561,0.1251312175846609
CC_53B2DF5B019C,0.11330299809325566
CC_53C1F3E031A3,0.23062909566897666
CC_53CBF2E8AD05,0.5151947173881929
CC_53D04793ED9D,0.11212826641610056
CC_53E23A9B6F74,0.13926140774367649
CC_53EB59C99100,0.3257466020348035
CC_53EB9AC04311,0.11485953857497878
CC_53EC732C9B30,0.043408899925666045
CC_540122E71534,0.14343094711057913
CC_5405C89DF8BD,0.5775647726880588
CC_540D69F5BA23,0.10472696746931329
CC_5414446319CC,0.6487623005092334
CC_5418410F95A2,0.1522573303237567
CC_5431A01C30E4,0.16403690552887468
CC_5452437FC605,0.2128114473294752
CC_5452979BF98D,0.11032790668032842
CC_546EE83F84A4,0.6239561896536684
CC_5473268241FC,0.1663496187918592
CC_5474EE64D859,0.23107171026953457
CC_5476E2B2FCA0,0.1543687046892989
CC_54892024F98D,0.16533631249472192
CC_54B33C66DCF7,0.1542748865402298
CC_54CF66B660B4,0.33045132770173097
CC_54D3A35EC69F,0.08140934577959916
CC_54D6AE2665AA,0.17957660915893642
CC_54D93974E62F,0.25072502502944005
CC_54F5F552A0F2,0.14033892464987352
CC_54FC3B361BDA,0.09431675660347223
CC_550135E8FAC6,0.11749602168792514
CC_55020AD0D117,0.09323050346264397
CC_55094AF7EFEF,0.13306661129447295
CC_55126E23462E,0.08958107911546659
CC_554C21CCAF3E,0.12161473499805049
CC_554C912C7DBE,0.11388686360408005
CC_556B02A2B401,0.2947078772552375
CC_557A0B0CD0F4,0.20196676597123617
CC_559A14E729EB,0.28749266545602103
CC_559F0DD4E4A7,0.21694101730091725
CC_55A82B4E57F6,0.13581537856179435
CC_55A98ABE4C75,0.13857123366045365
CC_55A9D45EA466,0.11750225757080864
CC_55CB872FF50B,0.18468432786661335
CC_55D9E3D58435,0.10623845687708762
CC_55DFF3C3BB46,0.064874249617603
CC_55EDC3996984,0.11051925995546892
CC_56013299D8C5,0.24322590689737303
CC_560B519C1F50,0.0899998044695056
CC_560CABF0F5D0,0.1897919670830745
CC_56178AD87948,0.23042308969317138
CC_5619A7BB54EA,0.1587282062525667
CC_5624319D7B28,0.11362037415110596
CC_5625119D6C37,0.10926858983770255
CC_562BE7245E1B,0.8453895389469555
CC_563684010DF5,0.5981196005936557
CC_563EA9A29338,0.12545569021787162
CC_564590AFB575,0.07496827660165391
CC_565E01191BF6,0.5664674859311203
CC_56612A039382,0.10434757279105189
CC_5665FB827721,0.4849817389235347
CC_566932C3CC97,0.11983560048681188
CC_5671D59B2A51,0.11916161195371679
CC_567E7DD24A97,0.07674046883796219
CC_567F47F37683,0.039873684769336934
CC_56847A91065C,0.1878448148747125
CC_5698480F8634,0.13112262955738713
CC_5698B024CECC,0.5387850690359072
CC_569DC051A2EA,0.12850221609957907
CC_56A322152604,0.36605078611619507
CC_56BFD9A8335D,0.24657925894531638
CC_56C9379BADB6,0.0730437584670833
CC_56D410FD8F56,0.25154069970143156
CC_56D4549919EA,0.11530591986243093
CC_56D918CA6353,0.23906485650170747
CC_56DB30CE666D,0.13517244702562217
CC_56E760C3206D,0.17257890950388705
CC_56F73F905615,0.8665291741535758
CC_570683C088DB,0.07851133666461142
CC_571C6AFD00ED,0.3851641095715784
CC_5725663C3B89,0.08318812313219635
CC_57291D7667C8,0.1528455474243489
CC_57313F6E7927,0.1839100531988773
CC_5735F9B859AF,0.6440244163580665
CC_573B34826B2B,0.7096904572696915
CC_5744447CAF7A,0.09913747667227454
CC_574CC0FC7B05,0.0918184281062705
CC_5759E2982909,0.1151827795770659
CC_575CCCCDD7B6,0.48310901876334517
CC_57603A37D19F,0.07235246846248644
CC_57639D4995CF,0.2507905381330316
CC_576E6676FD55,0.12174675948873329
CC_5775C148E05C,0.15456400695536282
CC_5798E560E9F3,0.7757538603446106
CC_57A486F61065,0.6366257843897523
CC_57A726458B99,0.114137385091097
CC_57B0D41BD7D3,0.19606152644731678
CC_57B501E60C35,0.10270938297607422
CC_57CA90509CB1,0.5404097192628133
CC_57CB7673547B,0.1336192798879921
CC_57DE479CB61A,0.7999067241691137
CC_57E7F1A6B895,0.05175197450744385
CC_57F13C4115FA,0.3142056630438404
CC_57F480CA9A42,0.12875062533244758
CC_57FDFC6DE726,0.27498967438366234
CC_5810468B76BE,0.1453368173051233
CC_5810F212B2EE,0.3217424930214691
CC_5817759E7007,0.062372718851540374
CC_5818B5089B3C,0.17975677242501936
CC_582C78363EB6,0.10366301628337346
CC_58391600720C,0.1368210323062855
CC_583D7B177F85,0.09892600494368672
CC_584C11014F63,0.13763127897505922
CC_584CDC12578D,0.18072393136050607
CC_5852F443C55D,0.11973265340001334
CC_58565AF0F70A,0.41622055007486847
CC_58568DF9AECF,0.24697453547054884
CC_5859EE6309D5,0.5238443615179267
CC_5872B45E1C19,0.8704620380769553
CC_58797A417EEA,0.23009743104451988
CC_587A4844B482,0.15578776050024726
CC_587C0CC3DD82,0.5766057829369959
CC_5881A04052CE,0.11197436598627628
CC_589A4E02EF81,0.18449357159497293
CC_58AB46E5655E,0.11945038295426624
CC_58B0CFC9F3D2,0.06872126567625257
CC_58BEFDA6B4C6,0.16255850419049372
CC_58D95C7247D5,0.09241742515790156
CC_58DBF3409D48,0.12420968835941484
CC_58E35A47B880,0.2289882880706575
CC_58E40EFF57CF,0.3398585661953647
CC_58F551219BD6,0.08825298959716173
CC_58FA76C6C45C,0.5654425394183805
CC_59018149723B,0.07055474455144477
CC_5904459ACECB,0.8381089147707009
CC_59088B2886E8,0.06739276956378412
CC_590D2E0AD18E,0.6292751455526321
CC_59146CA05E8C,0.02818616779640626
CC_592592397DC2,0.2608915534913234
CC_5926F5B4E054,0.1425449600299338
CC_592A5A163624,0.14353236976703454
CC_5941C323917F,0.09388808826943675
CC_594E4E86A1C6,0.15532458638816923
CC_595ADAA76A32,0.07746718369215995
CC_596A20270C3D,0.14231617996407542
CC_5970E93E11DF,0.18923516010705316
CC_597AD111527C,0.14365677306211264
CC_597FDFFA265C,0.1029184287369306
CC_599C287D2BAA,0.2602189789337788
CC_599E345094D2,0.15385826063399766
CC_59A4741B5A92,0.12859423857983066
CC_59BB3A5BA2A3,0.4939470824493559
CC_59BFD1200F6B,0.13155577060871057
CC_59C07CCAF4E0,0.2357434159843596
CC_59C49474B501,0.12236157798984915
CC_59CFBC2CA471,0.6008439221021752
CC_59D62BE0C0C6,0.14382147549687854
CC_59D86F572716,0.15472509960377268
CC_59DF71FBA4B0,0.09663104522100191
CC_59ECB7465DCD,0.05443323342478942
CC_59ED43A803B3,0.027802873717724632
CC_59F5E81F4EA0,0.14910834788955446
CC_5A10371BE7B1,0.779074684060764
CC_5A2F9A594A05,0.6176250915933779
CC_5A38E46246FC,0.37813959970236083
CC_5A3F52B0A07B,0.22868499689522853
CC_5A5507A49F6D,0.14315492955457673
CC_5A58A5E6DE82,0.13399511310351914
CC_5A5BB6DC1018,0.13432820883337315
CC_5A5C0DF50E01,0.14786989764596753
CC_5A633C535360,0.13025731705344623
CC_5A67E62D8D5E,0.6039559098937166
CC_5A6BA0007593,0.13936888622760935
CC_5A7513434C72,0.0704555564649625
CC_5A756D8AE60D,0.13683009998644718
CC_5A7C13841B7A,0.7456131768884343
CC_5A7CBB6E8716,0.1707549232508287
CC_5A83A1E25A2B,0.16901235108787505
CC_5A86EB53A14D,0.6020998483729371
CC_5A89E13CE597,0.196638679778824
CC_5A9466D0CF9F,0.14557363835102624
CC_5A95331BD0C5,0.12286784426092927
CC_5A9F63C3E428,0.11151936925606407
CC_5ABC76FF707A,0.1498926545916755
CC_5AD0F1B43457,0.12911525739935434
CC_5AD82250C271,0.08333324503774293
CC_5ADD27165E38,0.6121152785161916
CC_5AF32E5C8018,0.12683602059814086
CC_5AF3690FA0B0,0.14156469560911225
CC_5AFDFAA63B45,0.15334781607067205
CC_5B025DA26FE6,0.12880008853134106
CC_5B07C7DE7E7E,0.2131577095966324
CC_5B08171A6880,0.1804541506756219
CC_5B09FB1A0BE2,0.13286369143644108
CC_5B0D6BA12702,0.32052652398070003
CC_5B0EF2D4C3CC,0.20758425929064872
CC_5B195D88C182,0.24332557266323032
CC_5B1F6FE71A38,0.11995173166069702
CC_5B247961602E,0.05379562025321686
CC_5B276421F4CD,0.10711881607870957
CC_5B289AFA1662,0.22188857683786511
CC_5B3A16421A31,0.10184827558342135
CC_5B3E78897EB7,0.09701017695601727
CC_5B480B44A9B1,0.11937375219986224
CC_5B546C3A21F8,0.23350142114644665
CC_5B5BC4023EE7,0.2178710623166145
CC_5B6D63DD34B7,0.10215578828964879
CC_5B6E868912E6,0.13306991489469208
CC_5B818D2581FB,0.2711581111748431
CC_5B82E8BB921F,0.24502602930658635
CC_5B8E8DA14EE6,0.1618554573457753
CC_5B900A135A69,0.17162954560385493
CC_5BB64BDF3C99,0.08711332227571361
CC_5BCB2C79D1CA,0.17323667158049044
CC_5C072DB8586F,0.09711928063661836
CC_5C0BEC2A0850,0.09273479005199434
CC_5C24010127D1,0.29196360772712376
CC_5C2DAF5E0EB7,0.46089474144777054
CC_5C3E8DB90978,0.12857927873171807
CC_5C4A7CE69975,0.3128898243902187
CC_5C5766F933B0,0.24631564435871134
CC_5C5808240054,0.13309569658970138
CC_5C5D6E15EA27,0.17426633965892688
CC_5C60C4545922,0.12669587810137048
CC_5C626D70F6D6,0.12276902126346746
CC_5C670F0622BF,0.008780930851766667
CC_5C799E57EF53,0.05115330440192327
CC_5C7B44735AF4,0.16887428958511838
CC_5C7D8DF047E9,0.18885629625707573
CC_5C80F394EFC3,0.14877226498922708
CC_5C99E6189441,0.23607450192681628
CC_5CA9AB4A6AB4,0.11995661419950433
CC_5CB78ADD2432,0.14626810425092665
CC_5CDE37CE08CF,0.1522476600588341
CC_5CE258D12432,0.2917593395964351
CC_5CEEF006ABF9,0.10347399318230222
CC_5CFD2850E277,0.28118093188334414
CC_5D01F71B9FAD,0.08048330490221997
CC_5D065A455A45,0.1372579786245732
CC_5D0AA7D4954A,0.18806487514695341
CC_5D242448B812,0.11758089701409945
CC_5D2C5115BDD2,0.15988847338263054
CC_5D3273E039AF,0.6306626028262217
CC_5D398BB3365B,0.12554932389996354
CC_5D3C1CE64952,0.2522473073936747
CC_5D4B0EBB5CD6,0.04901743289449162
CC_5D5E897588D3,0.07000973046713943
CC_5D65F25FFB8D,0.12065567117022372
CC_5D665A86C465,0.09422927868799576
CC_5D80C353E475,0.09577880335332377
CC_5D8895A0AB4C,0.2607304774251713
CC_5D88A673BF50,0.15469946058969264
CC_5D89688B69A9,0.2522859330184771
CC_5D8AC8E18A8E,0.10116198832488917
CC_5D8E7DC2FA6A,0.4842584028113175
CC_5DA29AD9E85E,0.1762740639505821
CC_5DB286EAC626,0.3601667783762196
CC_5DBC1BB95B84,0.8610864628793456
CC_5DC0A465470D,0.08929270270521208
CC_5DF82CB03C3F,0.12200966194820244
CC_5E001C93F359,0.11626560665685273
CC_5E029094A55C,0.5593917204585463
CC_5E0808121A65,0.1286200211870756
CC_5E1117E4E593,0.1599700364609341
CC_5E1541060A97,0.6252432844467272
CC_5E1C11540C0B,0.11435597383255557
CC_5E1DC0E143F2,0.06344012788972744
CC_5E206AC277E4,0.3060304337470919
CC_5E22B4BC8B12,0.12822008715461483
CC_5E22D889B6BF,0.1173236016960466
CC_5E38425EC99F,0.8930739128970195
CC_5E3A70C2077A,0.1392834405656384
CC_5E5607D275CA,0.1199860668111054
CC_5E73C3D2B3EE,0.2539318017675005
CC_5E7F23A07A71,0.09238958425846398
CC_5E80A96974B8,0.15688962429151748
CC_5E8C0453B9B8,0.2803815782602202
CC_5EA599FBA5E0,0.5440533586773332
CC_5EB379BA6C7A,0.11623922750467554
CC_5EBB96F65AFE,0.42679714873912855
CC_5EC41568C2E1,0.15481843033716552
CC_5EDB5C924107,0.26827584189357595
CC_5EEE5D0FF8D3,0.1316115294263047
CC_5EEF07FFC243,0.050409016435463624
CC_5EEFD690759A,0.09383848345721119
CC_5EF2176F01D5,0.17150796643584396
CC_5F17CA33D26B,0.14066581246543633
CC_5F20750D6658,0.154679855106552
CC_5F2CE32A6EC3,0.12215064670728078
CC_5F328EE757B6,0.11373687883038502
CC_5F35B8D87D06,0.17825493690191538
CC_5F390BA40E83,0.8307690183502013
CC_5F59092CA9B2,0.15718324249153043
CC_5F5916E96E19,0.2611342824848726
CC_5F5E835B9E6E,0.11346201081832484
CC_5F648D39D67F,0.651597281130943
CC_5F6D4104C808,0.1483142116360654
CC_5F72EBE104D4,0.014955680741108136
CC_5F765C41F051,0.0784182394299903
CC_5F8859A6F0DB,0.08320518590928086
CC_5F88ACC7C384,0.10115449595157493
CC_5F89DFA97B7C,0.5610700745596461
CC_5F93A3E31DD6,0.4196062448899825
CC_5F9A44423DD4,0.12051329107145074
CC_5FAA7965BD71,0.12317722971338296
CC_5FAFA265CA02,0.28849819459528947
CC_5FBE1A34704F,0.21198276565481172
CC_5FCAA919577A,0.14029299624110259
CC_5FCD208ADD77,0.162015179823833
CC_5FECD2BB0094,0.06984850730678112
CC_5FFDE52E6B7A,0.11116387027557477
CC_6002BFD3F26A,0.14250168497107826
CC_600311592F72,0.09316221570364398
CC_600AE12112D6,0.21513745490470942
CC_601C3178E38D,0.16075392081040737
CC_6037EEA42F2C,0.3482830390224373
CC_604C08F76272,0.701099274742267
CC_604C72AC662C,0.12863270702452306
CC_60510AFA8A87,0.13241196981119852
CC_605E2E26E52A,0.2137584036417428
CC_605E3904CD8E,0.12751402855992866
CC_60611B935106,0.046355376540854996
CC_6061787228F8,0.1199697899767014
CC_607270A72DFD,0.3215187917488213
CC_60738E418DB3,0.042197208401951715
CC_60961DF8A134,0.12066121237170067
CC_609B7A7FA165,0.13052910739368498
CC_60AC5C892D01,0.11228746860524859
CC_60C09FF84412,0.14419844211978117
CC_60C87349D73D,0.2866263832738261
CC_60DA2FBF1FBF,0.13921668179315402
CC_60DA539A39FD,0.1213005174707897
CC_60E974A0B278,0.11528300915721146
CC_60EF7D647EFC,0.09441857251777268
CC_60F525A39898,0.06177418689596475
CC_610009B69EBA,0.7078194796813874
CC_610FDDF5FE54,0.13237942222092053
CC_612C06CB5FF4,0.14150116789218153
CC_61307D82CC26,0.46469179089845647
CC_615030FD33CC,0.7994957680113354
CC_61649241FE59,0.2029539208819093
CC_6170051A606A,0.13258989518288286
CC_6179A630658E,0.0954435573412259
CC_617BD59427E7,0.10341479259511041
CC_617EC8BD5153,0.14462308678444447
CC_6191E14D21BE,0.11020956452980986
CC_61A798B8D222,0.08099399699521832
CC_61B4A983D1A1,0.10730184515057198
CC_61C9732AA682,0.7798200561458015
CC_61DC64E37471,0.13683909435662397
CC_61EAF14033DB,0.15582059709897267
CC_61F18E0C218F,0.08880956110680552
CC_61F1A1263F5B,0.02348274430505701
CC_6209EA426553,0.12204781427210187
CC_622BD8CB3807,0.1539842989691853
CC_6234A9617A7F,0.1305322394419387
CC_623AC074EB25,0.1130565046139134
CC_623FAACE8A80,0.08312560110471716
CC_6244E2935407,0.26489608589023456
CC_624535E11F69,0.07466957463477682
CC_624EA2917CDD,0.5986203588280194
CC_62565D08DDDD,0.8228091588763549
CC_6268ACD3F95B,0.4379981722662111
CC_626B61F4789A,0.6962183480075748
CC_629193C2A090,0.22679948594969754
CC_62933641AC43,0.11486508744298943
CC_629480877536,0.3333563280468071
CC_629CB045D9FE,0.09753672605198557
CC_62A84BC400F0,0.23972274023645296
CC_62C36DF81797,0.1297196736141479
CC_62CC835CAE4A,0.5647732290351752
CC_62D4192F126E,0.6424728008575135
CC_62D7A3C9483D,0.09151147791295025
CC_62DF1B99B4DA,0.09122936561675721
CC_62ED7BA3E620,0.06191242500954995
CC_62FC001AFC78,0.11679318241212736
CC_630412B4AFDA,0.13205639933139185
CC_630903AD39C1,0.06443245332584203
CC_630938DCC1B5,0.04850212389776448
CC_630ACED773E9,0.3859117922145614
CC_631E1690D913,0.08055990859583573
CC_633A7C7FC25F,0.2542660317883832
CC_6342051D8FEA,0.23456351485661234
CC_634CE4E8AE49,0.21826443729619635
CC_6359692F5EF6,0.14300247648074177
CC_637278423A6D,0.16749687253194492
CC_6377AB848081,0.12281966308335356
CC_6381A65E0A3D,0.15735105497930757
CC_63871B4814E2,0.12984864519155778
CC_638AD269F05C,0.07386591419646478
CC_6391AE0FB83F,0.21114937454494984
CC_639703EE2ABD,0.08725097187565022
CC_639750C87A7A,0.6634167255110706
CC_639B1DCECD2F,0.16323191118831507
CC_63A869443AC0,0.4688004022151995
CC_63CCEE26BCAE,0.09995944533223453
CC_63D51CECB6D2,0.2421426940214129
CC_63E53402FC02,0.034990751769453765
CC_63FC6895901C,0.144057377292649
CC_63FC8A97D9C1,0.3016000073667118
CC_64117B93EF73,0.29350178852685394
CC_642D9C325F1D,0.35600473553097267
CC_6436B950E22B,0.11818169244777894
CC_6445BD3DDB6E,0.08359234977345019
CC_645C15569E42,0.044758617857500946
CC_646472AD66EF,0.10567097075142481
CC_646B8254357E,0.14430564484573194
CC_647F4BB4983D,0.5655589620761466
CC_6489ECEEFD0E,0.15128849517146872
CC_64946E57306A,0.09590025121702311
CC_64976830B0B7,0.31398311227075204
CC_64BA10F3FAA1,0.13194977933343144
CC_64BA39A0DFC6,0.0857145363187533
CC_64CF9A79EBFC,0.11481866834758354
CC_64F0E0473D1E,0.05577451652249082
CC_65006C2AB2D4,0.8109002718471418
CC_6500BD19FA06,0.3369704804900758
CC_6504DCAA90E1,0.11951978935400066
CC_6509C7361994,0.2027871358339243
CC_651486189673,0.1632426208749664
CC_65194BAE506A,0.14948691406929757
CC_652539353439,0.1395084036895861
CC_653CE5FA5A76,0.4282161460892465
CC_6560C2F4EDA4,0.17059033309134336
CC_656137F98187,0.593587254113428
CC_6575B4B39113,0.08454340867124661
CC_657F629D31E2,0.15927890898096714
CC_6580B7583ADE,0.1344127287261939
CC_658477BA75D6,0.0928172397699014
CC_658B7867BE7C,0.03678529079571749
CC_6593FE5349F2,0.16706990807923808
CC_659EE0F05A75,0.2460115860726033
CC_65A0D8134410,0.23294845493751695
CC_65ADD5A19F64,0.09577806656958915
CC_65C3F0F73BB1,0.17168779821193406
CC_65C47521C285,0.05731747212947463
CC_65C4EE0B737C,0.2549797126148324
CC_65CB68404333,0.1960058658375434
CC_65D6DFF1B766,0.11959230664283606
CC_65F1545C35E1,0.1292369124523001
CC_6602547E2FCF,0.1446518886322971
CC_6615D7044816,0.2591419713057304
CC_66244D4B72EA,0.1379662305329066
CC_662E5AAE07A8,0.09287821973958826
CC_66322B339E84,0.08951916812965854
CC_6634FD4B1CD5,0.8422676973471328
CC_663DCEF4923E,0.16405045427939915
CC_663FE5BF918D,0.27328845671766194
CC_6645798E740D,0.13240420085171334
CC_6649736C8321,0.8518875929201583
CC_664E1026C4D9,0.2693417661954194
CC_665603C4A33B,0.0760886462838563
CC_665BDD9C8039,0.15707541669303612
CC_665F2AD58363,0.13203577026171914
CC_666767444BC3,0.143578780988162
CC_666C0A2A8674,0.07441470044477023
CC_666F2BCDC7D7,0.1437036940291815
CC_66775178B226,0.12228118969387924
CC_667B6F8C846A,0.8317406123895759
CC_667E909835A4,0.23704998386224743
CC_66809C278FCC,0.17839492896600825
CC_669CCC44CFCD,0.07527044173402074
CC_66B0BD3F6516,0.2943274385125818
CC_66BF02C05DD8,0.13577016432670994
CC_66C491256BE4,0.11299305500615141
CC_66CEFA65F912,0.2057889810431442
CC_66E025DB3282,0.5933281705656438
CC_66E7B423A32F,0.6902034229260681
CC_66ED26E7BAD9,0.07536110240550246
CC_66F7FF7735C3,0.06184767971376327
CC_66FD0CE6D57B,0.12717530168992972
CC_66FFFE05C2E8,0.13902295230259545
CC_6700012A39B8,0.13317796636784404
CC_670FC6A064F0,0.1659014245347508
CC_672932B65802,0.08604080920153771
CC_6742C6478F98,0.24077630345473705
CC_6745321663BF,0.1174857840762982
CC_67579CF57290,0.11630976901499711
CC_675F7483FB90,0.14820207608351033
CC_676ACFAA6131,0.6379061358619975
CC_676B423C495A,0.636611739434847
CC_6771C0D1CB1F,0.11874835553447705
CC_677EE0369CA7,0.12619252685320476
CC_677FE35855A9,0.18001356691326606
CC_678091614A14,0.18940472016141008
CC_678A43ED0803,0.7494842278531416
CC_67955C210226,0.11975819250044693
CC_6797E0B01112,0.21007231468332196
CC_679D90941842,0.10609169210185537
CC_67C05273700B,0.12337386938643055
CC_67D5172B6450,0.15121651509027562
CC_67E8CF412D93,0.12596261079752905
CC_67F6576A6836,0.2098928949736013
CC_67F985A00A12,0.028286429690829343
CC_6801AD1D4478,0.12580806737692898
CC_6803BFA94B17,0.0895362752277214
CC_680B16E5E240,0.12725552719714908
CC_680F2D0F4F6C,0.1566631986526356
CC_68221E1393E1,0.1298859611752737
CC_6822590B968C,0.1540462017026492
CC_682D8EBCEE94,0.19009963837974556
CC_68429B4AE401,0.24394196420987302
CC_686B26BDD061,0.0502534718176848
CC_687518442359,0.2720586188360782
CC_6875DA61F422,0.14721802705777473
CC_68A3D749608C,0.17202729650282095
CC_68A9C3CE2557,0.09760597791738722
CC_68B9F8C6D9D6,0.6058170282930648
CC_68BC65E3C84A,0.5205655964630747
CC_68CC4D1D898F,0.10032687716097399
CC_68D0ACBD2D0F,0.026766303674000895
CC_68DA8D5488B3,0.1129931749424126
CC_68E675A69AF3,0.12355606221961231
CC_68FC9E6FA27E,0.15519383261795697
CC_69322F7C4CE3,0.11988219739854794
CC_693710EAD59A,0.1667480995816359
CC_69387752F41F,0.46165439554136256
CC_693B71DDFE67,0.14224662827862083
CC_693D4AEDA3A2,0.1318276685781465
CC_6952171BCD2D,0.1538595992843177
CC_69547DEB412A,0.1789558225974886
CC_695E80DBA42A,0.1221758164867374
CC_69717E76CFAF,0.4436342788999417
CC_69741BF89A2D,0.13962772764596854
CC_69825C70EEE9,0.13986540586510893
CC_6985C268DC74,0.2829784097053673
CC_698886C4AD90,0.12187413635951093
CC_6999901A6060,0.1340624913557453
CC_699ABD34646F,0.03983841819386179
CC_69A98DC7A907,0.08247426597564413
CC_69AA6E0DDE10,0.17261229698781336
CC_69AD5A48A78B,0.12727507651095477
CC_69BA7BFF98E2,0.13987380509654435
CC_69BBE365C097,0.042252348359530935
CC_69CD95A00D9C,0.055750773765760174
CC_69D328691680,0.12019714040539882
CC_69D39C9F36F2,0.20489857328412314
CC_69E09390CD64,0.10825004081987392
CC_69FD49E90AC9,0.32152252280282667
CC_6A099AFE73BC,0.1605725935159036
CC_6A099E6C91BA,0.1724038642379026
CC_6A19EB191A81,0.07276716430938034
CC_6A39017046FE,0.1056363301956225
CC_6A4A401F2920,0.3210912889603801
CC_6A5261180031,0.08311772211807976
CC_6A7432494840,0.13213197479009936
CC_6A7963180D20,0.41898822377228245
CC_6A7D7E5F814F,0.5491158258891857
CC_6A8B8BBA749E,0.1731927194146053
CC_6A8DFDB0621D,0.1282946928022989
CC_6A93C436E2FF,0.1205393733317157
CC_6A97F81D9A0A,0.14766431084078338
CC_6A9D1622B4DE,0.21813698402004708
CC_6AA6589445C1,0.6716541738499178
CC_6AA7A87F59FD,0.16750447960112974
CC_6AADD44C0B52,0.13719788170114072
CC_6AB4A5EBA3F6,0.13613716256820516
CC_6ABA7D0ABAC5,0.12528366991579135
CC_6ACF1E52BE8E,0.18694134928874329
CC_6AD3513459CB,0.12686811990626243
CC_6AD4238EE77D,0.19427694460401254
CC_6ADD0FE5DD74,0.6531798520932919
CC_6AE2737BD3A8,0.14953622671158343
CC_6AE48C1F2448,0.12016379174870613
CC_6B00A666A420,0.5281496805768005
CC_6B07C3992304,0.11570912451896376
CC_6B0A72BBD800,0.6018924977353983
CC_6B12B975F2EC,0.3441839242379246
CC_6B12C9507F32,0.11893270026659668
CC_6B34719D93AC,0.4835990104163039
CC_6B34740DD355,0.13284817978243363
CC_6B41081727AD,0.10083071103366802
CC_6B4902892E70,0.12969306507141937
CC_6B5BC2D89077,0.7565718670311888
CC_6B65242C2CCC,0.13737784526891908
CC_6B823BACBE75,0.3507129558640595
CC_6B83E1A959C2,0.3106098912059205
CC_6B84FB3DE604,0.08215402352635737
CC_6B8AABAA752E,0.1728392225663343
CC_6B8AC0DEE990,0.24854694821483023
CC_6BA45C072D40,0.15867116218764843
CC_6BA72ECB5027,0.16716609282867828
CC_6BB560F020BD,0.11244007529894606
CC_6BDF0B68C126,0.008023156676690846
CC_6BF0A9437728,0.13109062577670277
CC_6BF3B9097199,0.146994699792944
CC_6BF7A1EF31B9,0.19230833873584288
CC_6C29DF49246A,0.12985397765067544
CC_6C3C86C2125E,0.14716573159251486
CC_6C42FF6D7218,0.5336425562665801
CC_6C541A482CF2,0.2921112466761109
CC_6C585A6BFE01,0.8392843433938006
CC_6C5CE36700D0,0.17054022852474401
CC_6C62C2094733,0.09499746699241021
CC_6C66539A9D02,0.15756535031546456
CC_6C684505E498,0.14388601087259034
CC_6C6E40927C35,0.04878391027134005
CC_6C7736F51C12,0.7313503331428047
CC_6C781CEB6F52,0.08981612330626136
CC_6C7E39BF4744,0.18627122519809405
CC_6C9EE9BAECEE,0.09695280779175296
CC_6CA0F076091A,0.12969984109202443
CC_6CAD299645B0,0.18742112878872094
CC_6CC3C50BA394,0.09379552669345381
CC_6CC593C5385D,0.06445222726796063
CC_6CDA4B24C602,0.20264872710625878
CC_6CE31AFF7813,0.047562362628966
CC_6CECB68DE9C1,0.33921391337761786
CC_6CECD3DBA212,0.15683545523639972
CC_6CF17D012682,0.21928761252256232
CC_6CFCDF903310,0.1257377994402203
CC_6D08B5E62654,0.11540367923531644
CC_6D0F60667273,0.33316512150032934
CC_6D127EE83945,0.09595077284481726
CC_6D134DB29068,0.32245893426614897
CC_6D141A49D94E,0.6234182325407092
CC_6D148C0A624D,0.16392104290725476
CC_6D1EFDDE2EED,0.10552697894042028
CC_6D22B938D7B9,0.09687806030377029
CC_6D27409F4956,0.08951136333725676
CC_6D2F0EBBCA4D,0.19677385107077783
CC_6D43BE30E8B8,0.2686010693120991
CC_6D4EDEAF67C7,0.1581030150054392
CC_6D72571304DC,0.40962606391791057
CC_6D7C62C7C161,0.07265575313968298
CC_6D8A18C28AF0,0.1299659917143214
CC_6D8B35007242,0.13374828528755572
CC_6D93A9E49E3B,0.04687965072302038
CC_6D9C644A082B,0.14127065046750178
CC_6D9F52BD4D0E,0.12332500624732458
CC_6DA058F9B631,0.225838583025231
CC_6DA1F8DF9CDC,0.16430777120897047
CC_6DB000AEF16A,0.1172289746157522
CC_6DB5025899E3,0.1442384395591135
CC_6DD6FA2FA0C6,0.11506945512249457
CC_6DE4E4C1A31D,0.134452824756084
CC_6E09CBC15C94,0.357971997628977
CC_6E353816938F,0.10415080452129163
CC_6E3AB992A5C9,0.13128272053788959
CC_6E420A2FE490,0.1347439869471082
CC_6E46D01888D5,0.12223559336639707
CC_6E4702162475,0.06349837018417313
CC_6E548AF15091,0.17669472986545098
CC_6E5C9A2DA27E,0.06888382088246767
CC_6E610F3976CB,0.16640353434837232
CC_6E614FF9BE02,0.6318679033138784
CC_6E68D46447E2,0.14889090977015162
CC_6E712C21215D,0.05450336102338225
CC_6E84DED41B8B,0.10350488599747966
CC_6E8557E30DC9,0.6840457505346313
CC_6E8963475D35,0.11602566195453745
CC_6E9880CA0BF9,0.1925936282200109
CC_6E9FCD68ED52,0.7096969512915633
CC_6EB194A93F60,0.13150114234075885
CC_6EB370F511F7,0.1290733969451315
CC_6EC722B2BC2F,0.20291489842332192
CC_6ED1B0EE4B6C,0.20189581590967956
CC_6ED65E7CABA2,0.13217184045342467
CC_6EDA84B653B8,0.18209788381187839
CC_6EEE8E7C1D1C,0.18560218277921342
CC_6EF17801ADD6,0.18090178681803273
CC_6EF337CC4BA9,0.16800421533362983
CC_6EF464EC9FCF,0.0712607544160801
CC_6EF6B8AE7DCD,0.07867987600639888
CC_6EF8C59D8395,0.8172628311522391
CC_6F2146FE362E,0.08074561065052872
CC_6F2408B665A6,0.44847309429663923
CC_6F2B8E925D59,0.05172593038191958
CC_6F3034E96848,0.16030875293008864
CC_6F3559ACC2F5,0.06917785001098593
CC_6F46C5897DA8,0.4315992719140858
CC_6F49ECAE902C,0.11875631042617797
CC_6F4B818665D3,0.12207705697659094
CC_6F4E696A1F88,0.27348319646288066
CC_6F54BD66C0EA,0.16128284052763198
CC_6F786C433998,0.16598555603520998
CC_6F78BF56B0C0,0.12321333100912361
CC_6F8346F138C1,0.2978073465408844
CC_6F86CFDB23D6,0.07826118934863666
CC_6F8E30AE9457,0.12667631792593848
CC_6FC25B27AC26,0.16024096827912945
CC_6FC8BE007FE9,0.13325990495229126
CC_6FC8DA40122A,0.20718482866434476
CC_6FD8BAB1DA3E,0.09813275726164507
CC_6FE4FD09A9D8,0.11923917364899461
CC_6FE78CB02174,0.08165199435087897
CC_6FEB8EDBF2A4,0.13661058133222115
CC_6FFCF2DAD0A4,0.07181846218305747
CC_7002034B0979,0.10251526661146679
CC_7006523D45E4,0.12159732392295047
CC_70097151A773,0.11900634183810743
CC_7011BC95A91B,0.06732677794291204
CC_7020F3C11A3F,0.16336569450413316
CC_70306409A3E8,0.2235945138075138
CC_706B18DA7204,0.1350243305869436
CC_70703A59C070,0.1373861856564587
CC_70749DDFF595,0.14350684524147422
CC_7079CE5127A3,0.09212413691772187
CC_7087A46F0AB7,0.12327763620541463
CC_708B73EBD939,0.153513829790429
CC_709315667BCA,0.12697395355133462
CC_709970475B6D,0.5430106259024929
CC_70A56ADAC199,0.08427009306731076
CC_70ABB244502D,0.08504307064204258
CC_70B0176647CE,0.1579825586437851
CC_70D3353DA1C3,0.09480647337517387
CC_70D652DF4E91,0.13600935055687394
CC_70E3121BFDC4,0.11441468559528073
CC_70E5FB8B072D,0.08091698623937534
CC_70EFECA3FAEB,0.17479144471625996
CC_70F59DA18BCA,0.5327739463834525
CC_7100129A0AFF,0.12204400778367047
CC_7113554E33B9,0.0270493838897634
CC_71260405461D,0.04172750526554818
CC_712677251322,0.18434595420834698
CC_712D31B2785D,0.003997652598060186
CC_713052DB1E2E,0.10840635056095219
CC_7139C2D6F1AC,0.1671580574226924
CC_71427FC8FA49,0.18727864838493488
CC_714912E93A71,0.11671811827599979
CC_717A5C2ED311,0.10916196914810256
CC_717C94F5C8F1,0.16313490572046493
CC_718F067F4DA0,0.08617823090201185
CC_719E714DD38C,0.07445829950527759
CC_71B169C874D0,0.1354503757388748
CC_71BB5070615C,0.06392232964182087
CC_71D37D6D19C6,0.1924052247518164
CC_71DC80205F42,0.11898754645409992
CC_71DEB636B8CD,0.6029421390012296
CC_71E4CBAA1211,0.23929960811930967
CC_71E787049755,0.11171901631020828
CC_71F1EF5575AC,0.07324986656704427
CC_7201DD8EB33B,0.21689148723951945
CC_7202C8CE2317,0.3350108971084724
CC_720B06583C57,0.06004450464237361
CC_721DEC038BAF,0.2110240642427157
CC_72219BCC83E3,0.17274858977843868
CC_7223DABA7E98,0.03802513016457834
CC_7233459FF7B8,0.23867932952297619
CC_7238A8A6767A,0.2064296023552521
CC_724559551664,0.6214180472394821
CC_7248EB4B76CF,0.09686351284838782
CC_7259B5314D92,0.10681155267996036
CC_725CA03102FE,0.08885180409673162
CC_726E05E5A555,0.13042404149302722
CC_7276AEED6D4A,0.09567322640890279
CC_72A18E8D6670,0.040168959035302786
CC_72CDBC38202A,0.3331072319669824
CC_72D8B2ABA2D1,0.6205635531505567
CC_72E4590D362B,0.3018932402697485
CC_72E8542AE4BA,0.03746410773230302
CC_73010B6E55DD,0.602040780688175
CC_7309A4693D52,0.14621608144950157
CC_730C2A3FF1BF,0.1849509956280053
CC_731C1BCED024,0.43489399048169897
CC_732C325832D8,0.1287084368967402
CC_732DFCAA0A75,0.1608751048368669
CC_73322A6A24B1,0.8123545083677739
CC_7336B19A18AB,0.19799767545833666
CC_733AF1D123B8,0.3279132901579076
CC_7344A0E90AFC,0.14731397610798347
CC_7348C2B475B7,0.12693658053045442
CC_735E1A78B058,0.15577596772881527
CC_735ED2A02DC4,0.15896100875873437
CC_736015DE4E3D,0.36667376110934957
CC_736A42761E55,0.1351432542827475
CC_736C0436B98D,0.1346173676124282
CC_7379212919FD,0.09405332547999959
CC_73859CD59E75,0.6226273092571128
CC_738B201B1CF9,0.022726323427421317
CC_738DCB11942F,0.13575224927961926
CC_739198ACE582,0.1174719346828778
CC_739D093D7B69,0.11046731331918193
CC_73A7FC903662,0.11963377025570546
CC_73A8927DCEB9,0.11780130496467946
CC_73B575BBBBE3,0.13333307930621305
CC_73B6B9AD2002,0.09981292552798215
CC_73C28D72A5A3,0.5054615147834073
CC_73C38DBDF9A7,0.12828476360237698
CC_73D44BEF6754,0.3996652111781885
CC_73D4C1D7C022,0.1338808886673577
CC_73EF383F3C2E,0.16405322189505753
CC_73F34B1607C1,0.08734587211912312
CC_74137206902D,0.22397297661511578
CC_74198E5EC366,0.11941725912055703
CC_744FB5804A8C,0.5922339084502942
CC_7451E64B6D47,0.22508669737673595
CC_745A64878AF1,0.15127348927181733
CC_746B196CECA1,0.13733614075455897
CC_746C06898D5B,0.6066472861510428
CC_746DE1EED0DD,0.15628566740389
CC_7476938CF6A0,0.4623840489483515
CC_747CFDB7E305,0.12233914412701738
CC_74845374E870,0.6357510959778258
CC_74AD8D3B192C,0.739183625086106
CC_74B90A15B270,0.15203349921150588
CC_74BA5D46E909,0.6974764363712515
CC_74BE0AD5E21D,0.1905168865308027
CC_74C33B66F002,0.15315017488126217
CC_74C9C3F17421,0.08090132473762982
CC_74E4BD5C07D2,0.206057148750101
CC_750D90249EFD,0.09508757368574738
CC_750DA21B7EDD,0.33434916637307965
CC_750E6537383A,0.1694034823954921
CC_75137D6F9DCB,0.12131782455137076
CC_75173A8A11D1,0.12342466172124894
CC_751DDC1FC2AD,0.12285084303480048
CC_75357E0206F5,0.14669825294964503
CC_753D160E3A58,0.1568677072676708
CC_754447632F75,0.08886039909595045
CC_7549363C5D36,0.10615664704389008
CC_754F3894627C,0.14161276660666786
CC_7562CD43897F,0.12797099564920075
CC_756A077EC614,0.4348620703675103
CC_756D3492443F,0.2774674839262353
CC_75783B3E6C6E,0.09571049358404451
CC_7598068A716C,0.08647337281458807
CC_75A37D8C1F6C,0.57133660425747
CC_75ABDDA24C26,0.11107606880652754
CC_75B287424E59,0.30205709317515
CC_75B2B88876B6,0.13910936210588468
CC_75B324FCDD4A,0.13083453386443772
CC_75C1466E61E2,0.28367405049003946
CC_75CCCD9D4568,0.11727340874795955
CC_75D2DAF4491C,0.41759178066590974
CC_75D54090AAD4,0.113563906351221
CC_75F1927E5941,0.6866639445219025
CC_75F99AD6844A,0.29424440195628926
CC_75FBA505C727,0.15143728200361994
CC_7615CC930B76,0.25155878484212546
CC_76168488EBB0,0.395657636311984
CC_76197A77D666,0.05630334052318799
CC_761F48F8E962,0.15242620039006333
CC_764C6ADC6D1A,0.1370513194256501
CC_7658A6B0910B,0.0694596012445377
CC_766347951B7B,0.5860242018076516
CC_76857712D8F5,0.2587867301009613
CC_76A0DF2549B7,0.12245131245264361
CC_76A636414AEB,0.1669151683020016
CC_76B01540CDD1,0.1761305981243294
CC_76B420FC66EB,0.1387647374706168
CC_76B6BCD2EBAF,0.13575871018212896
CC_76B7A0029620,0.1320548227042796
CC_76BA435EF2AC,0.2494626266835253
CC_76BCC1AFDA4D,0.16865949153438273
CC_76C35913E797,0.1281418137533198
CC_76DE3DF1DEE3,0.16284485970913454
CC_76DFA4CD068B,0.09388331020947904
CC_76DFE3568C72,0.1681699646140817
CC_76E201F1E036,0.288580646676483
CC_76E83166FE0A,0.15377285425711093
CC_76FD9E9D9ED0,0.13780205491106695
CC_7720BBD06736,0.2545836261288328
CC_77340228F356,0.6863838540258107
CC_773CBBCBAFFE,0.13606713404336093
CC_773E9B092923,0.1251187383265156
CC_773F22C3E42F,0.07592988572704373
CC_774ED295BF96,0.15842840695312596
CC_7751ED6DF76C,0.09511947475124388
CC_77571749B970,0.17261958273973615
CC_776F8B3BAC08,0.1172024842542266
CC_777889F9694E,0.07200973440130964
CC_777D08513AE8,0.0474656945197766
CC_777E3D988EFD,0.1663848676748863
CC_7795BEDE05E8,0.3459891188726951
CC_77A9EA3A6784,0.16193794523494484
CC_77B1AB7960A9,0.15226092107914244
CC_77B6EA810549,0.25611054518276494
CC_77B9889C9BFD,0.37984748112746564
CC_77BC55DC92B6,0.14841601213694727
CC_77D1DFCB0A8B,0.11342233141914439
CC_77D9AC43DFE1,0.18843719241054746
CC_77E6EF1CF2F7,0.1241820944442393
CC_77FFA8E6B36D,0.05761780502313066
CC_7801661A9DC2,0.2551483488412711
CC_78069B1BD931,0.11958114221452171
CC_780828B48716,0.059702137439954284
CC_782130B98F34,0.12421699044515196
CC_78273789B3C5,0.6731858952582039
CC_78296783E4EA,0.14014796167919322
CC_782B06291D87,0.10089948967583633
CC_783A2D4C89F9,0.38099622473668626
CC_784407E16923,0.07437002023550635
CC_78491B6255F2,0.32115601012423867
CC_784F17AC712F,0.09282689766616034
CC_7852FC3BBADB,0.14258313684490512
CC_7866E4CE528E,0.6037369348457592
CC_7867E7C01013,0.2136425441198384
CC_7869F609EC2E,0.18230751618102298
CC_7874F14ABD7F,0.17764711637876418
CC_78774E05FF12,0.14172086978666004
CC_78815A352067,0.15902751753206687
CC_788FF4549766,0.239316479614131
CC_789977501322,0.1311533902663673
CC_789B2BA880E7,0.07997061860843775
CC_789D87F51AA1,0.09933872249616481
CC_789DC3C358CB,0.20616248542711416
CC_78A036DF6320,0.6052130136188547
CC_78A3EA63B7EF,0.08008682302000372
CC_78BF1B8FC1CA,0.12046309341243108
CC_78C96E7015BA,0.5870461358024289
CC_78CC84FA2CE2,0.20164278994225251
CC_78F0087076CF,0.186083646336504
CC_78FAA95F5B5F,0.10686450945342442
CC_79033EFDE096,0.1275180427863882
CC_79086C18A963,0.13900986364039736
CC_790DA2ED9F5B,0.11080283571009662
CC_7928811F7D86,0.1262164301234814
CC_79345478FCE5,0.06070683643602419
CC_7936C8D65B95,0.11966882196583549
CC_7948C5509411,0.3829711496500561
CC_794ADB0677CD,0.14696883595515353
CC_794FF8E7F876,0.08034703384155963
CC_79500EA652BC,0.6206524755215601
CC_795083A66DB5,0.07749876927304537
CC_7950D4B773CF,0.12664947652268324
CC_7955AEB49759,0.12056306691454119
CC_7964F862DFA3,0.485986714662134
CC_797A700CF967,0.5063019494389046
CC_798180DDF677,0.36974980793056844
CC_7981ABA9C370,0.12006940107483179
CC_798B2DC03C5A,0.07992558127658685
CC_79BD986C23CA,0.09099905353373766
CC_79C6BA680815,0.3363829168101806
CC_79D694E6F5AF,0.3055260910770249
CC_79ED9A0F6E49,0.43195808674359937
CC_79FA2512E5A2,0.16618441306654688
CC_7A0024F6FA60,0.10790856504479755
CC_7A193A453F27,0.08513922668001861
CC_7A1F071DC5D4,0.3210240982597951
CC_7A5D96BC99AA,0.8509996259744523
CC_7A6B51562949,0.1093137054568519
CC_7A6D7F9654DD,0.3080747850863583
CC_7A778E010F33,0.31362343829835027
CC_7A7FB841B669,0.5212012745693032
CC_7A91013D31E1,0.11771871985412334
CC_7A9117596769,0.09391747570296213
CC_7AAF340DCE8F,0.15143358122493336
CC_7AB146267981,0.1404161747965078
CC_7AB2A9CC8424,0.12033770594233142
CC_7AC1DF18CBA4,0.19630053068771028
CC_7AC4240DD225,0.3101790918835403
CC_7ACB325BD924,0.1928697666584875
CC_7ACB88002397,0.5973064311508174
CC_7ACD4F370AED,0.25326699374360256
CC_7AD4072A9F82,0.07767631846244684
CC_7ADEECDE4D73,0.17069313534152125
CC_7AEB48D8C5E0,0.1322371473989971
CC_7AFA5CD2B29E,0.16052150897356404
CC_7B092786DDB0,0.07545650545278201
CC_7B1B35D5628E,0.03155721139201481
CC_7B210557F04A,0.13989184718371145
CC_7B369A7C1D3F,0.14510725088558835
CC_7B4002591821,0.8148672205165101
CC_7B42BD80D79A,0.155908784234484
CC_7B44FDF08B93,0.10395428544242001
CC_7B501C32CAE5,0.08618119170843735
CC_7B88520D4FA2,0.2758826832118247
CC_7B8ABE6E552B,0.21833454833402602
CC_7B8D2E07908E,0.36503587166478874
CC_7BA150468D19,0.6620572112705329
CC_7BB159FCEB53,0.14653846493449887
CC_7BDD72710831,0.1378906908703446
CC_7BE02C65B967,0.18359097733221152
CC_7BE382988C1C,0.6252689075852886
CC_7BE6110DBAA1,0.32255136795062084
CC_7C0B14BB0573,0.09829179613024598
CC_7C0CF5558904,0.6611433359296299
CC_7C13E7F561DA,0.5909465146423153
CC_7C46F7F667F3,0.12743192366171197
CC_7C510CE0521B,0.09430472119611141
CC_7C61B5D39E49,0.3509634987475564
CC_7C6770DDA182,0.12196679861077117
CC_7C6DBF78A610,0.11385265201091622
CC_7C7B0438E3AB,0.14996768089802173
CC_7C87DFBC3176,0.11599115761195783
CC_7C9528E94215,0.23479402422605047
CC_7C9ADE65CF81,0.11299051216491703
CC_7CB6CD1B9DD0,0.06134458896317095
CC_7CB7C7E55BE6,0.17326190329051408
CC_7CCC3A690325,0.10559418409667547
CC_7CE5689488DB,0.03810036288950188
CC_7CEB758A9814,0.10849262955062629
CC_7CF7443D923A,0.09716754229380256
CC_7D0D597690BF,0.16960985770683798
CC_7D0EA0307817,0.10296576042517101
CC_7D12E6FF25C3,0.1429038411356956
CC_7D28D39AED1F,0.5229023718385348
CC_7D2D19D832FF,0.10264377738196946
CC_7D34A67E1369,0.046648462369429336
CC_7D4388B41EB9,0.1139891473868327
CC_7D46FE573D79,0.08717911611361473
CC_7D7810799F2E,0.09068685340110652
CC_7D79241150C8,0.15843833270083915
CC_7D7B92EF2655,0.15812727096125456
CC_7D8C2495C1F7,0.11647193768499299
CC_7DA4F1BA24A1,0.7030969420632608
CC_7DAF18939084,0.07774033421011686
CC_7DB8BA427410,0.08765899358695702
CC_7DC9456F1161,0.09111994467322573
CC_7DD2CBE0F0BC,0.164233876111484
CC_7DD495158BFD,0.720737395148286
CC_7DD5411F7A14,0.2984129469924737
CC_7DF099A7A092,0.33127800935077234
CC_7DF27D2AC111,0.014172510211833113
CC_7E0CA072EF93,0.12204281733232347
CC_7E0DA100F5F2,0.15986159466016786
CC_7E1086EFDED5,0.06933169335058773
CC_7E12E0F3CF6D,0.14664487613421875
CC_7E178CE78FB8,0.1284001057566865
CC_7E1C1A6D0E9A,0.1349668656655788
CC_7E2A76850DF6,0.8359731039213419
CC_7E3ACB15C69D,0.23526907949698656
CC_7E3F3373A73D,0.7315552549239578
CC_7E42A3D0737F,0.10580107894040235
CC_7E4679C534D7,0.18553151789529942
CC_7E53FEEB19B1,0.16678492603793324
CC_7E71CE7FC603,0.22559352492483722
CC_7E8333DBAEB4,0.3533454340337083
CC_7E843438DE4A,0.09166314611157399
CC_7E8E4747C0D0,0.6514236683450486
CC_7E952828C1B5,0.1311912301879139
CC_7EA6431FE6F5,0.1410688528427163
CC_7EA7BA7621C3,0.2579952438129807
CC_7EA8F24B3010,0.10913474236083667
CC_7EAB28B0309C,0.09565756799556915
CC_7EB4A5BDA97E,0.13915767268714385
CC_7EB4B0A36534,0.10242030531482098
CC_7EB791F4AB2E,0.12726609290435034
CC_7EB883C9D5F9,0.05789738490599497
CC_7EC59C577F02,0.12168141890077493
CC_7ED2683D26DD,0.10383652288741499
CC_7EDB3440E0AB,0.7142178507367536
CC_7EE12013C7DF,0.14505991967152973
CC_7EF824CC0D3C,0.19297520724965345
CC_7F09C6F6321D,0.7102128151675215
CC_7F1AD40DA179,0.1562529800425679
CC_7F1D38A39164,0.13718045038606996
CC_7F22B7D326CC,0.15328268132921335
CC_7F2614F1AAAE,0.18555209317022917
CC_7F2CDC7C1634,0.08579648070263227
CC_7F2D46DF9BC7,0.1375009380178704
CC_7F57A90B69E0,0.20773870946743925
CC_7F633226A676,0.0886683669392395
CC_7F753D809267,0.8641978299073253
CC_7F7EBF25AED7,0.05550050166023413
CC_7F8496CC5779,0.061390011892428244
CC_7F88D9C5D258,0.07979662762266575
CC_7F8AB4DCA794,0.16533373218995967
CC_7F8CC9509418,0.33486697246818903
CC_7F9069571F79,0.2831034622962586
CC_7F9AD27E079E,0.17245830346252855
CC_7FA281AC1C7A,0.05905468039892691
CC_7FA389E90548,0.0816543750562994
CC_7FBF4A48AF55,0.07965760843941146
CC_7FC40175A8E1,0.14317683581648386
CC_7FD58EE7029D,0.13260288862350736
CC_7FD7F635C341,0.06550575990012988
CC_7FDD458DA059,0.12990144449086893
CC_7FE85C259E03,0.13293090401642185
CC_7FE8CD30D7E0,0.10560260406303015
CC_7FFA32DE7B04,0.22519882945197933
CC_8014F1E2C5BF,0.07135067198650298
CC_8015895C1C29,0.14964674456658647
CC_802BA7E39A13,0.15394754865408986
CC_80300D23C3FE,0.16815535668573606
CC_80465303B6E2,0.1593349934659948
CC_805ADFD46B84,0.14541593430544938
CC_8060F40D9522,0.16226604271295098
CC_80621E822131,0.10111639574218731
CC_806654B580B5,0.11787204306198647
CC_806CFD6A52BA,0.04342585246735156
CC_807935BBEB7F,0.08787622313784298
CC_807C57E626E4,0.11361925772852931
CC_807C91C98684,0.05354815633225715
CC_8096B589BB07,0.10546883170506556
CC_809D60155E9D,0.0492475027584856
CC_80A2189E5125,0.47787707828460324
CC_80AF87F62770,0.15800113624372827
CC_80C03DF9CC57,0.10119413688436356
CC_80D9B6563750,0.636338552300106
CC_80E9638ABD4B,0.055685894118668956
CC_80F7171B71CF,0.14894438800995874
CC_80F9983BC18B,0.11932843221545969
CC_811109A98EFF,0.1375253375331398
CC_8129480B056D,0.2406522002301145
CC_8134E5DA9FEB,0.5675905890713369
CC_8140399AD344,0.1725761763627518
CC_8140E278B6A0,0.23186607669965922
CC_814E0F756757,0.25769327605769526
CC_815FAAABFC91,0.03659635729518191
CC_816B28807CED,0.25573418143949017
CC_81821F9F2307,0.44268040553913524
CC_8186D7991EB8,0.03426180406204501
CC_819E203180C8,0.8237066694118151
CC_81A5E3141BDA,0.3778341860715762
CC_81B5CED8EE79,0.15838294810481593
CC_81B91198E00D,0.720540030993044
CC_81BADC379C8B,0.1558369486191105
CC_81BF8EA390F7,0.0564112856847554
CC_81C5FC962C72,0.10639085437699057
CC_81DDBFAF1CB6,0.09282721207997757
CC_81DE637E6138,0.06180591336545475
CC_81F389DEC9C5,0.12096906911809618
CC_81F647806849,0.13029595649313144
CC_820D491B2903,0.7065006571924335
CC_82172863AA45,0.227970330232503
CC_82195FBE9366,0.10497262322087131
CC_821F503DA953,0.12265271315314849
CC_8221AF9B0B93,0.850841277158976
CC_8222D1C47857,0.10914354048189537
CC_824BB6CD2B25,0.10779971219634782
CC_825192411933,0.11630220632764038
CC_8270E213EDF5,0.1687617329756271
CC_82839CC161E8,0.10476871234530755
CC_828A0B6D7291,0.06482000959733432
CC_828EDE22A438,0.053074202438147144
CC_82928B5ABD45,0.3213766421107995
CC_82A7FE954659,0.1684409143075503
CC_82ABE1FFFA1F,0.0761259894800528
CC_82BDFA01C41F,0.09321810594693608
CC_82C20057CB4A,0.07689988014878761
CC_82E52529A567,0.11181839574047668
CC_82EFBFCF68AB,0.11294903024328938
CC_83092F58B321,0.14316915314303943
CC_83098B4BBD4A,0.09536778038344117
CC_831F9E623C5F,0.14436559955110662
CC_8326C8A3D569,0.1654533673563049
CC_832730F42A18,0.11484339225856685
CC_832A44C3F2A0,0.11331851641543557
CC_832EBAE498AE,0.7674282689291185
CC_833B196A70F3,0.6255924553683427
CC_833E14DFF4C6,0.15408905506979165
CC_834092035687,0.2795906092364303
CC_8351244DE3CB,0.08616356795503083
CC_835B90025058,0.06638802450265859
CC_836534CEDFD3,0.11427785317241554
CC_837ADC1EA55A,0.1761591312407488
CC_83884D799788,0.27048729435755914
CC_83947255841B,0.14074596765357014
CC_83A5A3022ADF,0.8444849445961812
CC_83ABA98906DE,0.07108841742773059
CC_83C75D07414A,0.4361384664626546
CC_83CBA767432F,0.7460450017572642
CC_83D342F53F36,0.1828767519903179
CC_83D5CA2A23C2,0.023830161854481877
CC_83E002D6D82D,0.13961048706556878
CC_83FE1BCC83E6,0.2076239599259321
CC_840E5B830DB4,0.08670234612917896
CC_842525788FC1,0.2843789462492735
CC_843076C8EB9E,0.1652101759215687
CC_8442C97EE91A,0.133562363797204
CC_844C3C30ED67,0.124399473918035
CC_844E345D2636,0.11919761715779319
CC_844F26E92B12,0.136712762047586
CC_845032D8A261,0.2597057695862776
CC_845223F606E2,0.30074790176018124
CC_846F5B19B110,0.2009058711971688
CC_84797EA9ABF9,0.15854606893628703
CC_848D59D48081,0.2654141372368906
CC_84AB057BFCCA,0.04694772047160402
CC_84B0BA112537,0.03985447743061713
CC_84B8FCEDADD5,0.16200900633116827
CC_84C61A6BE99D,0.0871408155358933
CC_84CDF830F68F,0.1047327781314502
CC_84D5B88572DC,0.1886233922730742
CC_84FABECED186,0.1762786457755348
CC_8503F43FB29C,0.18673725473700098
CC_850ACB004EE2,0.062124954053884254
CC_850B114489CE,0.12043351305032036
CC_850CC17BB13B,0.1630768270093669
CC_8518C159BDE6,0.1302747276994185
CC_85299261146C,0.18153924656073545
CC_853986C52A17,0.1041409689397914
CC_853ABBECF2E1,0.8110682287506243
CC_853BF4485D85,0.19161977985259304
CC_853EED03843B,0.11646069379677818
CC_853FD1B551B1,0.186337584171935
CC_854AAA98CC0C,0.8895437850308839
CC_854F8AB5F1FE,0.018673467082698767
CC_855E2A785BAA,0.12583769965940103
CC_85614CA68432,0.11766062699084884
CC_856B92B23BB5,0.8371662217457398
CC_856DF4A30E13,0.5870343084847529
CC_858704DBD5A6,0.05930252232827273
CC_859EF0AAA74A,0.0577251933642363
CC_859FB710961E,0.1183273753097017
CC_85A0EB3C9884,0.6289610501143402
CC_85C887BB996A,0.12698484117840889
CC_85D9A6C9CA60,0.12706362718920827
CC_85DAF10E61A1,0.5935449560892827
CC_85DEF8ECB524,0.139072946625441
CC_85E2E0B8B15F,0.6928120512192817
CC_85F018DC47FC,0.2296831134334737
CC_85F376B33951,0.20113126798647463
CC_85F745E1D307,0.23857897858476154
CC_85FAFB430486,0.17010452708835508
CC_860D4B868C17,0.024510477053870623
CC_8614E30C9FCE,0.32562932699883534
CC_861F5DC22035,0.09604575375965171
CC_8624ABB391B1,0.1307681455360373
CC_862BAB422756,0.2919330401119072
CC_8642F98E5504,0.20233958394483215
CC_8655B8862C81,0.1356935735244634
CC_865FCEE75A8E,0.03475785428880899
CC_867372811CCD,0.21928598610995162
CC_867695B5C296,0.4288448167486151
CC_8682B1F914ED,0.17729046342548152
CC_8691DF144B92,0.46749642465165386
CC_86AD259FA5B1,0.13842008313006884
CC_86AEC21936BB,0.7625883421631627
CC_86B1D15F8424,0.0821316776350534
CC_86C2A6EC5712,0.7408667352626969
CC_86CF816B494B,0.07296960804015586
CC_86D4D58B1D0C,0.19051175564390468
CC_86E2C4E17CB6,0.08796538051528455
CC_86E9E191E3CA,0.2669926817518234
CC_87000C16C856,0.14615781202163022
CC_8703DD5FA02C,0.10195087246383283
CC_87065B1F429D,0.13674219532618292
CC_87434BBA1CE7,0.11134223724610048
CC_87450EA8CD55,0.7028242501264382
CC_87480F785786,0.09590021285255942
CC_8777EA6EBFD4,0.05255691605797047
CC_877A35E76904,0.15127522877476923
CC_877B37D01563,0.2222116177164003
CC_879759A5EFB8,0.3109628357789158
CC_8798AF2651BC,0.11707834883254328
CC_879989FB3B92,0.6674940104452294
CC_87A3BECEE5A4,0.16583333480917473
CC_87B7CDF4BDDE,0.06062923020154374
CC_87C13E620006,0.18040588766437501
CC_87E3AFB080F8,0.1719764824931011
CC_880044F77ACC,0.11991958311477223
CC_8809BCAC74A9,0.06021283581641639
CC_880E0019DB5D,0.06385153720499771
CC_880F027D886E,0.13537455390032
CC_8812BC579F7D,0.22469548639552336
CC_88225FE57D82,0.20758327244456953
CC_88315318E9DA,0.33818388586501597
CC_883864E584A8,0.1697017638457874
CC_88469BAD58C4,0.11495539915482274
CC_8854EE679596,0.08910343674327166
CC_886273CC4072,0.09350054767625146
CC_8866B6D4524F,0.28317499190995665
CC_88A943606806,0.2532317144304832
CC_88E916A3F984,0.8955477442234983
CC_88FDC55C31A4,0.15306488730261486
CC_890D5EE59076,0.026344744273340097
CC_890F721517F2,0.0798671582445403
CC_89129D16418A,0.2644984323850224
CC_8917F02F9326,0.14295981927927767
CC_8920B6584A43,0.1255742683033119
CC_8929DF270419,0.8257920539461414
CC_892B119F0E5C,0.19901066140866486
CC_89302456B9D5,0.5095289884400366
CC_893FAA6D1F04,0.7791407843696285
CC_895AF697BFBB,0.2704412481223243
CC_8961FF892F79,0.0616403896252085
CC_897674493060,0.13281560310367582
CC_898AFCD28B03,0.12108235196854306
CC_898CC919D10F,0.16136613466876806
CC_89A711195EEB,0.15063966308475776
CC_89B4DF07DF12,0.1422276767806841
CC_89B941079E10,0.13561405227539644
CC_89B97E9FF67A,0.12931224268038352
CC_89C5162E8055,0.16609224117308885
CC_89CA0F1E2DBF,0.17697724221930802
CC_89DEE29A78AA,0.12062395900542965
CC_89E089707730,0.22942455511072926
CC_89F0B865A6D4,0.1462869675118108
CC_8A04C5D4D02D,0.10457705470165654
CC_8A081AA1FB92,0.26476003203134185
CC_8A0C640E7A89,0.5015304582947511
CC_8A12B68246A6,0.07813930804364669
CC_8A14A46B280C,0.12360915737531353
CC_8A165A18560F,0.16709458782661185
CC_8A19196788FA,0.082094698024391
CC_8A25FA445037,0.13434898076198507
CC_8A29EA87B295,0.14191662810824546
CC_8A2AC87CB22A,0.09773852912677174
CC_8A34634E7423,0.6328473591566008
CC_8A38BC1AFE57,0.08693838389031242
CC_8A4CAF0CD0F3,0.11542897646784339
CC_8A5A0429CAB0,0.21210350948072132
CC_8A6E60FAE870,0.12417856297571878
CC_8A7DA054E397,0.8495172719463637
CC_8A7F5FF4B421,0.14509697784801256
CC_8A8249A44847,0.11025201635096038
CC_8A8BCE16DF45,0.18354798182281495
CC_8A8EC764734B,0.10347059101977155
CC_8AB553BFA00A,0.12506805850424468
CC_8AB57DC077EE,0.5170146896771631
CC_8ABA5808D313,0.12729887120901093
CC_8ABDD9A05C87,0.3611370083114555
CC_8AC7520DBCCF,0.16479010650509818
CC_8AC7F8BABF28,0.11555021236316779
CC_8AD67FB3A5CC,0.7313372502757884
CC_8ADDCF5EDCC1,0.10773108506834607
CC_8AF1C3A0799E,0.8337435051454094
CC_8B388FAED0B6,0.12075242259085635
CC_8B46CA903D09,0.04789653701025907
CC_8B5819403FC8,0.7958896442029045
CC_8B581B8207A9,0.12714312225263263
CC_8B6DBEF19F46,0.13170097064384062
CC_8B8326C4C229,0.12433982553699933
CC_8B850FDCFC83,0.1544869858556545
CC_8B8F41F19B72,0.10098821661544459
CC_8BAF98C60957,0.1504005675662257
CC_8BB0824B181E,0.11445346031472148
CC_8BB963DAD9E2,0.13349865138510522
CC_8BBF5F939D7C,0.07846168607732502
CC_8BCBDCF4DFF1,0.06337642434999291
CC_8BCE343561CB,0.6608179377043683
CC_8BDA87361657,0.06823402108311048
CC_8BE68A4DB87C,0.14962166266602384
CC_8BE9BBD879A5,0.0662018186790017
CC_8BED85B91011,0.27880104748881934
CC_8BF68E552DA2,0.14203704982513674
CC_8BF832E6464E,0.8221564135512095
CC_8C1561920E84,0.2208613449393065
CC_8C2A7D9A667A,0.12566024124590236
CC_8C3A5DFE70B9,0.14173698442315877
CC_8C534CCBDA4C,0.1469535853607064
CC_8C6472A3EEAB,0.11249820897029798
CC_8C6B4854D16C,0.12259660514982776
CC_8C76DE4F58D4,0.07869515202650164
CC_8C7DA3F4F88F,0.18115675661156289
CC_8C8527DE7DD7,0.13357430050136718
CC_8C9416612FDE,0.3001564494487518
CC_8C9973F02AD6,0.3231682239176279
CC_8CA1DB61A2AC,0.09781398018595308
CC_8CA59CAE22F6,0.16059021358192271
CC_8CAFD04A6EDD,0.097065284295128
CC_8CCCC389913B,0.6054603928771239
CC_8CCEF12DC7B9,0.20363311988821062
CC_8CDCD714BD1F,0.7218417675232993
CC_8CEC7987D1B1,0.04856119199414325
CC_8CF621ADAC0A,0.21028909037573418
CC_8CF8FE2A4B82,0.2210517582937032
CC_8D048396D9D5,0.11140982483668033
CC_8D1089C58563,0.5942501842744944
CC_8D35A37FC4B1,0.15673540823814974
CC_8D41E12FE5B6,0.1144425660165914
CC_8D4A859839EF,0.2060679996294493
CC_8D4AD431C55F,0.10572508893706205
CC_8D4D882CA579,0.12149132982829068
CC_8D6151025078,0.11410496394351209
CC_8D637233FE54,0.12903614936208743
CC_8D6AEBA2D7EC,0.16467517105955912
CC_8D6E16DED971,0.1537037897298602
CC_8D7329F79BBD,0.3372579665251804
CC_8D7B7307C43F,0.11331535861359329
CC_8D7B9D4936EC,0.7538215419282377
CC_8D80B1B44AE1,0.23034106674200983
CC_8D9516D61143,0.4836322670929124
CC_8DBB8445786A,0.08850176075396157
CC_8DC5B86D9DCC,0.6880559778348193
CC_8DC6465998DD,0.14972367504477166
CC_8DDD0EDA9CB2,0.13492705020849655
CC_8DDEF0265CB4,0.09825664344234553
CC_8DE06BEB95A1,0.0837508828162396
CC_8DEBB5B14A14,0.1534862316789486
CC_8DF5BE7F759C,0.11198173957321762
CC_8E0ADCC71F85,0.043479527559618265
CC_8E0BD86F6F0E,0.13619705194148707
CC_8E143BFCF3E5,0.1447614173411206
CC_8E170A60D71C,0.3064041604859162
CC_8E1C3A21FAEE,0.1395700901544616
CC_8E408E18F060,0.11783446629256814
CC_8E42FB163DA5,0.7416430925344273
CC_8E47536D29BE,0.181235811338394
CC_8E50AFFC5BBD,0.08078208560715049
CC_8E5FB1035354,0.10010776320395615
CC_8E7B9B8DD1A3,0.16806128969359502
CC_8E85B08196AF,0.10651246106763738
CC_8E96FC75AE5A,0.10383880222139322
CC_8ECAB5A6C7B9,0.07728868948850139
CC_8ECC4C7A6638,0.5465611786205837
CC_8ED6F13C35F5,0.19946321300749228
CC_8EE5E9467038,0.1658182568823187
CC_8F037E5AE692,0.11934565434431145
CC_8F1A418D96B3,0.24680395495250645
CC_8F1C4014F91A,0.18619020578913245
CC_8F30A5FC9D49,0.11969810196640118
CC_8F3456F298F7,0.15073610680525146
CC_8F393D485C29,0.245565641980403
CC_8F4A41130110,0.10621086345370671
CC_8F7AA6E4D486,0.1320556643955428
CC_8F887BE25314,0.16281985562364737
CC_8F90CD1A5E00,0.1601116867052806
CC_8F9B26042C4A,0.13081840825255073
CC_8FA9423E65C6,0.15927889450243857
CC_8FBA6C32E0A5,0.28498177043794415
CC_8FC1C50C41E7,0.14505086264371259
CC_8FD005425792,0.10762318782616188
CC_8FD6A223135B,0.13607102028680426
CC_9002450E1B5A,0.11121607368121302
CC_901CE62199C7,0.3601994141304417
CC_901D2136E1F9,0.14418241745519128
CC_902648F62345,0.14192840613243374
CC_902BF0612E70,0.2110907274141588
CC_9036F7423277,0.17211256981708714
CC_903AD2767BAE,0.6144999414426762
CC_903E4BA690FA,0.2309610117538386
CC_904386E31210,0.07639996361687096
CC_904EA6C846F8,0.19232420324959923
CC_90549DD3CC39,0.13733562884184114
CC_905739E5494F,0.1268568574198593
CC_906F852C69D6,0.6554547728352095
CC_907911F4930A,0.3260331966107312
CC_90798A7273BD,0.14473487172840266
CC_907F3A8AFCFB,0.11164901361283519
CC_907FA7722881,0.10743323554103118
CC_90812D9F30FE,0.14154645837379565
CC_90870A89F310,0.09398908134568898
CC_90894CA021C3,0.6392282172973398
CC_9092C5EBF5F6,0.1349695318880839
CC_90A10D649D9C,0.5140698572696917
CC_90BF8E127519,0.4857497861041172
CC_90DBB385A7F3,0.6525588043097311
CC_90EAD308012B,0.2795491732402687
CC_90F4BF0B868D,0.06590894187528139
CC_90FA39516EAF,0.14430951716141996
CC_9117894F31C2,0.1475124528040616
CC_911ED63BB556,0.24189601403675773
CC_912730AE6E8F,0.1493086325479124
CC_912CA7EE4C26,0.15304011491082742
CC_912DA46AAED2,0.12248245802151161
CC_9132E67EA479,0.14862611532131217
CC_913D95FB31E0,0.13096279831967117
CC_91529F20D461,0.7427577331485848
CC_91586318C780,0.14611264974813226
CC_915F2708219D,0.15047662806638548
CC_916CCF9CBC08,0.0609388953294229
CC_916CF77A29CC,0.11048620427811703
CC_9189E4FF82C5,0.0828924559095589
CC_91A27CB6139A,0.13123705714565995
CC_91B7A4A15A37,0.6439982726760106
CC_91C2077BA6D7,0.04929975386027533
CC_91C4CC43EEE5,0.12088125719469828
CC_91C55BE33AC7,0.10371696907324822
CC_91C81BC58B49,0.03922252696231647
CC_91DE12EE18A7,0.32728534333245485
CC_91DED13CDCD9,0.15220072208564614
CC_91EF639761F8,0.17719862723076285
CC_91F23A7E743A,0.3401808800085736
CC_91F4C5E889C7,0.7847606852212063
CC_920E91EB28A7,0.15875769225505945
CC_921481F5F77E,0.23381714183292798
CC_92221DB27176,0.2042983808831479
CC_9224D5677C66,0.1271045460931088
CC_9230B9656F93,0.20985127943926105
CC_9231D0F8A993,0.8439495571111543
CC_923727159A8F,0.0995049316233523
CC_9248706729D9,0.11620861148012816
CC_924AEB5DD991,0.1271928940626309
CC_9250BA851692,0.4048262823690256
CC_925BACE3417D,0.15178652346204644
CC_9260CD0D7C0A,0.17373677050101907
CC_9285EB21B38A,0.13576598391232889
CC_92A09F03DAB5,0.8538504928983224
CC_92BC35D7F9CD,0.1473854098551757
CC_92C5FE9E5B12,0.5917805224112146
CC_92DC8CF8C902,0.07894253706046837
CC_92E006664648,0.21125315715605714
CC_92E4EFB9F0DD,0.13572764319221148
CC_92E621E0298E,0.17730924829918127
CC_92F412AC7D22,0.08840330930029369
CC_92F42886B7E4,0.30986155396293674
CC_9301E23D376D,0.7117141346951124
CC_931133320380,0.16850760174545446
CC_9314B6D8B7F2,0.1197271861308077
CC_9337E3B43211,0.14049234220446774
CC_933E044F26DB,0.11812417424446545
CC_934BB89938A3,0.12788010032727115
CC_935296A995DA,0.1287646776605601
CC_935326AF26E2,0.1344780308496646
CC_935B72B8E7F0,0.033256072659088136
CC_936FF3C9BE68,0.12041166209969723
CC_937FFE1718BC,0.05694126632789373
CC_939F92AEE460,0.851396994142924
CC_93A4365B25CF,0.8206283727128298
CC_93AB9D6A7EFA,0.16007594855858887
CC_93C719738590,0.8918185138383806
CC_93CB48930B37,0.16382108040005766
CC_93D24FAFD21D,0.11908739817884566
CC_93DB5F477493,0.13291652690929429
CC_93E1CAFAD44D,0.12043908361185272
CC_93EC9F853123,0.2072118446341466
CC_93FEAF515A8E,0.10305719496046302
CC_94063A67F136,0.17145696075862224
CC_9406E32819F5,0.09690643566460684
CC_940971CBC1A4,0.09777136452863742
CC_940ADC8DEA3F,0.11980579615209339
CC_940C7E8E0C52,0.2141151681608071
CC_941DD2E1DE56,0.12854321345226052
CC_941FC1FD0D55,0.1750378135989949
CC_943B720DB5BB,0.14576787446475276
CC_9440309323A0,0.07128756663056336
CC_944B461BC558,0.1279787503789924
CC_9453654BACE9,0.16000829793150678
CC_945888CEAF10,0.15471246112614448
CC_9458D4A483A8,0.1148774265305923
CC_9464BA7E98B9,0.09134702172381066
CC_94794B478A5C,0.05076270279840957
CC_947E58EFF90A,0.06920186282441662
CC_948537FC17AA,0.8025854211954584
CC_949576D25153,0.15890900430801108
CC_949B8CEAD619,0.1191360997284752
CC_94B4E05906A9,0.13498665201399773
CC_94C3B6F3B0CC,0.12040598680096488
CC_94C3D9D8FBF3,0.6766763393392056
CC_94CD530B2099,0.18925207712624206
CC_94E9D1E527E6,0.03459408891589009
CC_950450C0845E,0.3823941805754422
CC_95169A4360C6,0.13929295243990927
CC_951A69571676,0.11710241975410178
CC_95232636844F,0.17116111622713487
CC_953A5913EDD3,0.13186363857448652
CC_953B678083F9,0.05237169484424298
CC_9541BD0604B6,0.12301787866191448
CC_954404C1BEE6,0.3605909343368583
CC_95444ED71872,0.12437216203672419
CC_9544B86C78A6,0.7870384440307059
CC_954AD7E7C8F1,0.13464038464150388
CC_95525CC6C854,0.1529701246771424
CC_95573B318A91,0.07397571036392821
CC_9569309DC18E,0.11226206722303772
CC_956A2DF28600,0.20437880354603186
CC_957C7A0D7B72,0.19922717485396796
CC_958BECCA0BAB,0.3122521056393896
CC_95A6C4DA2F12,0.4822948014626704
CC_95AB75B5BBBB,0.13689853287362758
CC_95C1274DD7DF,0.04842163667261264
CC_95CD8F6A8CBA,0.11381014987077884
CC_95DD4DC604BD,0.16672267308228272
CC_95E1AC08266F,0.11680120213114879
CC_95E3DDCB74EF,0.09866947968706878
CC_9601384AC971,0.37760860433969856
CC_9608A73A8025,0.14243807192449684
CC_961F3BFBDDAC,0.8226024790274142
CC_96206C1277EB,0.20527977903751074
CC_96396AE6347C,0.2613597915859024
CC_96416D2A937F,0.19930363977261578
CC_964C2E0B00C1,0.20502882894685154
CC_9657A2A04BAF,0.15331035630880918
CC_9662D713B7BB,0.13226061299019803
CC_9664F83B7F1D,0.2326305359447497
CC_968AF836D0C4,0.10392356190732555
CC_96A6735A4317,0.12158551010091016
CC_96BC62A4A0AD,0.1463475051172238
CC_96CD75668A6C,0.04060348780999895
CC_96D928252719,0.29804140640922494
CC_96E40BDE9A6C,0.08538055697262675
CC_970116768415,0.14887274800639014
CC_970E94875C2B,0.6876133977816042
CC_9721C8A61D80,0.17352237938773424
CC_972313B0F814,0.18412547119758071
CC_972FD8FFFF63,0.5910035498239415
CC_97478A77EC17,0.25448690659935524
CC_974D14774BD8,0.10506950609169902
CC_974D86BD39FD,0.05691970108979511
CC_97508465AB76,0.11919067670073208
CC_975689C0CD6E,0.12598477844339975
CC_975967702106,0.10446294815991891
CC_975F3F07ED23,0.08339310087409141
CC_976E0D9A64ED,0.33356949052809426
CC_977145B2B363,0.2417755038590935
CC_9772CABFE1D2,0.8293281251112673
CC_9773C1E6AC8B,0.6343035455887348
CC_97832657396B,0.42002660347072607
CC_97963C337FD3,0.3995221794867104
CC_97978B581F20,0.15172651586767777
CC_97A9ECF23955,0.13587043051934808
CC_97ACD6D965F3,0.1403109912609213
CC_97C69AF6E34B,0.6950756640946476
CC_97D0E7256861,0.531968953549692
CC_97DEBFBE2BDE,0.2837143589155634
CC_97ED469F2950,0.13961679356214202
CC_97EE84ABA6BF,0.19043863753612184
CC_9801B22BF375,0.15888750576380226
CC_9803B6D4D780,0.22567936266191707
CC_980E90C8A301,0.14992594391292333
CC_9814B3D08A69,0.12686135946552754
CC_9821BD45BB0D,0.14941334657633026
CC_9829FA0350F7,0.025023976209650904
CC_982CAA309A38,0.17114781850820604
CC_98346EBF382E,0.18223718239436512
CC_986698CCC6AA,0.12103002684821633
CC_988FC580CD50,0.16895151122012342
CC_989795BA3DD2,0.10791236470141174
CC_9897A1DFE807,0.11758237845925464
CC_98A2C8F4E956,0.13705404556672854
CC_98A3E6CDC707,0.1459967885283841
CC_98CE15EE1565,0.12661168681398471
CC_98D036D16215,0.04426517501854289
CC_98D09B14EE3D,0.5434926463917527
CC_98DB782DF852,0.09569355282747558
CC_98E2EA67BC97,0.12482658683180191
CC_98E6E7CF74AF,0.11254723658850561
CC_98EEEB2A83DF,0.7394310415489471
CC_98F3D3194788,0.1357346842811784
CC_98F8A8CF4F9C,0.3037149958652292
CC_98F91BAB57EE,0.11962040362209911
CC_98FA377070FB,0.08691995823162271
CC_9900D0479959,0.24609345667575327
CC_99061A735C6D,0.2131661387785697
CC_99093EC1A2C2,0.1642065118265897
CC_99376CA4DC26,0.049752578820250734
CC_993A588895DA,0.15700837703513648
CC_993EE6417CED,0.1228011087601265
CC_99559319913F,0.07017165277726573
CC_9970123DCC41,0.24482907736298856
CC_998BB6848FDE,0.110070024252008
CC_99958287B2A9,0.3726552408215363
CC_999BAB2D16FA,0.35831312514470004
CC_999C7029261D,0.8349640399764882
CC_99AA61D1896E,0.11559275471009618
CC_99C03E7D99CE,0.06182199620910118
CC_99C62022794F,0.13128148181700422
CC_99D46BE6593A,0.26311285930292116
CC_99D5A5371B39,0.12023549421391701
CC_99D79709AD9F,0.7588547860239575
CC_99D7DDAA460A,0.14981249661341772
CC_99FC44B3C58A,0.16647076445310902
CC_9A02B2A17C07,0.11534101629196185
CC_9A05DE55D408,0.16089036036145316
CC_9A0C42AA09BD,0.4171888340686291
CC_9A2B390551F6,0.020010013616813222
CC_9A2D66206BD1,0.2698990817241812
CC_9A366E181FA0,0.12385113645626465
CC_9A39365FA850,0.6287466969202697
CC_9A42833BA860,0.10897456571065683
CC_9A4911A0140F,0.13544762028676122
CC_9A4FE1E8E0C5,0.29225894061616603
CC_9A51017C734F,0.17517328482140337
CC_9A5DCCD62D0A,0.3414531664045805
CC_9A602F492510,0.14877013211748608
CC_9A66BDD34B89,0.07815993924628968
CC_9A6AB0AB1E67,0.07383857883530293
CC_9A7049ED5656,0.5833701755979395
CC_9A7AF31828E5,0.07606055669271429
CC_9AA750377C6F,0.11394082730375195
CC_9AB359C82202,0.06992005939116473
CC_9AB7BF77EE83,0.7050110586060535
CC_9ACAC8474B9F,0.03239166313650883
CC_9ACCA4FB9101,0.1312238837775341
CC_9AE1529AF9E0,0.16881493928840968
CC_9AEE181F1156,0.12027999638430899
CC_9AFD130D3725,0.2460217736548711
CC_9B09C3353732,0.1264609253330967
CC_9B0D37817EBB,0.12311064217676831
CC_9B290B59155F,0.4107978527899557
CC_9B2D487C64B0,0.12570136721522282
CC_9B3DEC76ABF7,0.03723614095539509
CC_9B4F778D0A6E,0.21796916234004293
CC_9B581A92C2A3,0.5083504318277483
CC_9B5CA8C38414,0.25945150669745565
CC_9B6E82167593,0.14716071601043462
CC_9B6F6B2BCC05,0.2416079508126778
CC_9B7FC3DA1594,0.35690582919381764
CC_9B957DC280F6,0.1341139435092057
CC_9B997DF20042,0.2512718542127272
CC_9B9BC4B83736,0.1284663497416631
CC_9BBE1A16C04A,0.12351528322908846
CC_9BC63F1A568C,0.22023234967444263
CC_9BCB0166227D,0.22279321983455028
CC_9BD3DC96ACC5,0.13087440061391098
CC_9BDC5A0E43C7,0.4039188272953277
CC_9BF9485A3F9D,0.25684505071068686
CC_9BFE93FF2145,0.17528819599633313
CC_9C0470A0536E,0.14899465882121193
CC_9C205AF09E47,0.4909515904926841
CC_9C30DC5C1E46,0.13642719366612716
CC_9C325B6CAD11,0.055870419547977876
CC_9C4A200D0BFB,0.2518724173607466
CC_9C5EAF238007,0.1547373887997336
CC_9C601C6BBD37,0.11337304020739368
CC_9C606C2C92CC,0.1088985874055142
CC_9C6192D3A16B,0.07409271390143557
CC_9C84FB9B1469,0.13383128996633606
CC_9C989433D637,0.1829365952805314
CC_9C9B2FEB4937,0.11592884059747861
CC_9CA7FBE1DD54,0.13234889789822404
CC_9CACA50F80F2,0.1880627720177342
CC_9CB40D552388,0.09801756182412785
CC_9CB8127D17F0,0.07575409386404698
CC_9CB9CE2989CF,0.8216810194093698
CC_9CCE51CD83ED,0.8348108535917154
CC_9CDD2F3D0BE7,0.09361775067780324
CC_9CDEC693AA99,0.3369757678664159
CC_9CE9091AA9A9,0.16860216878555156
CC_9D007C60D29F,0.10273970827701243
CC_9D017774D4FC,0.7073330927986636
CC_9D095EC1F232,0.1952352563948342
CC_9D1A1281C8FB,0.24230676973159407
CC_9D23F42B7996,0.40617376082784346
CC_9D2FBC479646,0.5792199513223499
CC_9D363365CAFD,0.11200859347712003
CC_9D44E4543573,0.1615166975044584
CC_9D45F67E3B01,0.07287730120612763
CC_9D535DD207D2,0.06358266494849345
CC_9D53ED53A15A,0.5186964706415483
CC_9D5D97AEE98B,0.48675305369757815
CC_9D5F2A5B6913,0.047030227997936935
CC_9D6BC1C470B0,0.3411507203480308
CC_9D71FBDE765A,0.025903855595835988
CC_9D73939E357F,0.023926169513907226
CC_9D82F401BD88,0.589758834576285
CC_9D8B4454BE84,0.3538098034565962
CC_9D92537645DB,0.12409225866473855
CC_9D95ADE03ED1,0.2568032395989772
CC_9D98FE7A1809,0.0812325531255894
CC_9D9D59757786,0.05431505769570321
CC_9DAEB38616AC,0.13927302453255835
CC_9DD55CC0E928,0.014597543949017204
CC_9DD6B460CDFB,0.21197088172417025
CC_9DD80B5E3729,0.08287157663544832
CC_9DD82B4310AC,0.37421160989760566
CC_9DD9389E8AE0,0.07543313023247585
CC_9DDA8ACEB3D8,0.11305402029164077
CC_9DDCD898D01D,0.1354467517303336
CC_9DDD90B42A27,0.8956163785454156
CC_9DF1807A4316,0.05680338898858464
CC_9DF786FD2620,0.5223632598302907
CC_9DF7B9B3C8F8,0.11519995358976232
CC_9DFF6E2AC586,0.11011031622694219
CC_9E0546BD7BD6,0.13562657388950297
CC_9E0BE8227931,0.0572618580433755
CC_9E1A205BA261,0.41138352231701064
CC_9E2967559B00,0.04781366161056217
CC_9E323A031449,0.8363962085528069
CC_9E377CC03D51,0.05291346767743824
CC_9E3B83584C12,0.16575575660746159
CC_9E3D46FF5709,0.6105649286299786
CC_9E4FA91B86A9,0.09219609161480634
CC_9E53534DCD6B,0.15395211323197752
CC_9E73656FC8C0,0.6551661866027851
CC_9E7430675033,0.12629172980616993
CC_9E84CACDD7B6,0.21886536380186306
CC_9E84E0E4C5BE,0.12647740599525253
CC_9E9C65275B4C,0.11430178281517851
CC_9E9CB6473D59,0.201870770884776
CC_9EA4F11BE6C2,0.14039899294353136
CC_9EBE3F26F2FB,0.12912678597881364
CC_9EC23AB6C573,0.3187537950129668
CC_9EC34DDD0E53,0.09895303354379817
CC_9ED8EDFE8C55,0.14399950424215058
CC_9EF352F179D2,0.08606505851006034
CC_9EF505400F8B,0.6474878693263957
CC_9EF66D83B743,0.30691296568517185
CC_9F051572BFE4,0.16241777812597993
CC_9F151A782BAC,0.19654080396018705
CC_9F1A5DF4619C,0.48894802464095605
CC_9F1BF78ECD7A,0.2313868213132567
CC_9F263092AD72,0.14484284349680962
CC_9F36EC36A9E6,0.06043532672423793
CC_9F3D52242888,0.11020911406353368
CC_9F41F312CDBB,0.11476378088743265
CC_9F425167F9ED,0.12211245563704567
CC_9F6981E0009A,0.2922754139362904
CC_9F706DFE0AE7,0.040569302753892825
CC_9F7B525DD52D,0.2250842589368517
CC_9F8D5A5A9DAC,0.1401766787792174
CC_9F8FAE57E6A8,0.15732088527486246
CC_9FD1AB8E65FE,0.032678886352169756
CC_9FD2689202D5,0.18124392314434964
CC_9FDBB5C2CD09,0.051593280747987955
CC_9FE52BD71CA2,0.129454690162267
CC_9FE8E62EB24D,0.12700090629368363
CC_9FEA59AEA00C,0.09194622836484816
CC_9FEA77B36A29,0.3481118052335062
CC_9FEE9701D16D,0.17668848860489325
CC_9FF35BA60E6E,0.15215149367172698
CC_A0003F08B22E,0.16011860322079918
CC_A00AE2543224,0.09377671949691538
CC_A02A29DECDC6,0.14584889173145996
CC_A0336C21117C,0.5640064763264404
CC_A053B42BBE0B,0.15587454450072338
CC_A0591F16FA37,0.06268853004826982
CC_A05F962C80FF,0.11848694213723726
CC_A07B0549E53F,0.11530528243162287
CC_A09F230CCF5D,0.6227872885274242
CC_A0AED6346ECD,0.17543019336087126
CC_A0C4A796643F,0.12520882268182
CC_A0D6DDFB430F,0.1187592231026858
CC_A0DF672F9C4E,0.13910080073324174
CC_A0E8C7C5558A,0.2545267116848274
CC_A0E9269DF22C,0.5689244425000431
CC_A0F1DB5CB28C,0.1279081742478095
CC_A0F42B26F8F0,0.07934625282011518
CC_A0F8F80EDFB0,0.16180968071627802
CC_A10AD9550E4D,0.08227933087273796
CC_A10EB26E5EE1,0.15152114895811492
CC_A111B065F623,0.10542253008194527
CC_A113D95B4AB2,0.1973675629679646
CC_A1320C0F0129,0.7701030540186824
CC_A1348D850EFD,0.8110309582059783
CC_A13D08B372E8,0.10692523365527508
CC_A143E64BD9D6,0.15031057112810187
CC_A14B0A24DC3C,0.12471375532760236
CC_A15137F25F7C,0.13576420679113416
CC_A152DBEC5BE7,0.10799431856976105
CC_A1591CFF6D81,0.10749462409022309
CC_A168CCB582C6,0.2134525891932243
CC_A17DC38133CE,0.7642458242622454
CC_A185D5EA3DE8,0.5981486413297324
CC_A19C842508E0,0.12097014538829524
CC_A1B648DA406D,0.05835483283438168
CC_A1BF7028CAA8,0.024527295635551175
CC_A1D035FA36E1,0.11203055442455279
CC_A1DD653D41A7,0.06939860331223408
CC_A1E3AD4B934C,0.16732769546222906
CC_A1E58421CE87,0.07411821058234191
CC_A219144EDEFE,0.09113915577240132
CC_A21FCEEBB3C3,0.5032824848979492
CC_A220E4278D79,0.02075264627707632
CC_A2231BDC961C,0.28780980248072047
CC_A234E219EFC7,0.3264221624340168
CC_A239B1BD81FF,0.08026281648523946
CC_A23D8CFFA31F,0.15236737919471927
CC_A23F463F4B4D,0.08710372279305077
CC_A23FFDC4A7A4,0.07815021803922405
CC_A2423E273F84,0.13568222511900546
CC_A2493E6036AD,0.18130306212949437
CC_A25C54470CED,0.09457492820699162
CC_A25FA690BBBC,0.15737534562074468
CC_A2636CF7C075,0.1293275120225519
CC_A26C22870E3D,0.4256561882886636
CC_A26F6A272B3F,0.09545107209780407
CC_A27CDC9BCBAA,0.16694208728683818
CC_A27E5269DA60,0.17186843186425238
CC_A28D4A46B6FA,0.14644243940410584
CC_A28EB319030E,0.08662663784874164
CC_A294D3A59462,0.8880819494383319
CC_A29D8034C304,0.11401239680599223
CC_A2A109409963,0.09423191219957529
CC_A2A4FA5F9962,0.12433049280361756
CC_A2A7E30C59D0,0.12238337154764752
CC_A2B5D2D4E269,0.49780364752921197
CC_A2BB24180208,0.23775646031931738
CC_A2CF1DFEFE46,0.3560063239134876
CC_A2D6090EA5B8,0.15341408999533046
CC_A300BC40BC9D,0.09416549708286026
CC_A3212501F639,0.20058921726169218
CC_A3278A566572,0.13603514190520996
CC_A327EBE4F783,0.16683458769069093
CC_A32FB6659B01,0.16223091110166685
CC_A33915EE72B6,0.06014377721642845
CC_A33D350BE79E,0.19717067984456058
CC_A3553B8AA8F6,0.11452327866771506
CC_A36EB077BF3C,0.04970542328161175
CC_A3753EB66DEC,0.16596561561417145
CC_A378342AC9BB,0.13958035369255328
CC_A379E9455C60,0.13471004474823667
CC_A387ADBD7249,0.1288800398236848
CC_A39E961FC29F,0.2146871215511585
CC_A39FA1EF0B16,0.2694377585053536
CC_A3A4E39FB04D,0.13857649666768224
CC_A3A751BE68D2,0.07271648459054283
CC_A3ABB3C5E9D5,0.6093219681010126
CC_A3AF9C2C68F1,0.22156453168567525
CC_A3BEA14873AD,0.14174429023410826
CC_A3C2FEE13C37,0.1125342136906641
CC_A3D6435D5F17,0.1281667210372624
CC_A3E3E51AD0E7,0.1126075489599501
CC_A40566694D53,0.1573823109295193
CC_A410C0DC7125,0.1125808667064779
CC_A42168D2B94B,0.0707930593425012
CC_A43CED9AFEF5,0.31130326025571275
CC_A4475A788D13,0.13987983863428255
CC_A44D677C0C07,0.05477152909337421
CC_A44E2673E71E,0.09514635219315447
CC_A44E79A96425,0.2507166385690768
CC_A462CA147DB9,0.09585952378084169
CC_A4660E424386,0.27735144508857734
CC_A476C9F116F6,0.16421337838759142
CC_A47C83B6EE2B,0.15326336416030434
CC_A47F8594678C,0.18878903640757685
CC_A48A7592F96A,0.11220244932463516
CC_A49195E659EE,0.09586828961733261
CC_A498A936AD21,0.13129464067222488
CC_A4BE6692361C,0.5989689752560107
CC_A4BF2115580C,0.11325864187960805
CC_A4CACCD14A0E,0.08961876770333797
CC_A4CE57A1AB74,0.1218752250536012
CC_A4DE4F1B5F93,0.14608322213495717
CC_A4E300558DAB,0.11060562007020633
CC_A4E972915D89,0.8730952482198697
CC_A4EEA04CF3D0,0.16211180281678597
CC_A4F400E9A0ED,0.12710024006513057
CC_A4F550D7F95B,0.21853412595215627
CC_A4FB91B1BF31,0.11153357030156681
CC_A500C1ED0A33,0.2057260956880974
CC_A50471962A96,0.68884665775016
CC_A5161D8AA57D,0.1532639117076788
CC_A519C84307D2,0.12518285021793926
CC_A5277A9BE02B,0.5887981694859284
CC_A53578FCEA71,0.08338303725417322
CC_A54EAD1CCE27,0.12639084867709754
CC_A5512DA239BF,0.15170252750836366
CC_A5545DF298BE,0.09525768076220859
CC_A556EEF3010C,0.41051792961138195
CC_A56756C65136,0.3647021231414377
CC_A5852E06D2D5,0.1873114042029358
CC_A5886994671C,0.18275494804041945
CC_A594D8B41A99,0.12800471764154012
CC_A59C6A6B71C3,0.12403296819768994
CC_A5A06987AF5C,0.17134214766403227
CC_A5A1512FEEFD,0.145246051917725
CC_A5ACE4284283,0.15377560712927885
CC_A5B10F07BCD5,0.10127167145792716
CC_A5BC9ACDB4CD,0.13057762658981584
CC_A5BF8B260922,0.4978088626667184
CC_A5C52379AE06,0.16467581909677934
CC_A5DD4441568D,0.06610212205088299
CC_A5FE3BE2949D,0.07953874934302203
CC_A60EF94F09C4,0.3399970676541999
CC_A628BE74CB45,0.1272270633703633
CC_A6292E9B43AD,0.10510586951909452
CC_A638610BF8F8,0.17152044409196682
CC_A63BBA86CE9A,0.19099705070620818
CC_A63BDDAC43CB,0.10461940798724384
CC_A6409E37A735,0.11062018031555625
CC_A655EC341406,0.14318045622906764
CC_A6562E47BFC7,0.09187288318974499
CC_A6563A22D668,0.5809135097506988
CC_A6601278C1BD,0.11163729887168565
CC_A683678AC9FC,0.31015471848283854
CC_A6864FE80A94,0.11328044524862846
CC_A69117CC3C24,0.16507902662223825
CC_A69928C7D217,0.1440104943259905
CC_A6A8BAF7124A,0.27698033230426317
CC_A6B7DFC69AAE,0.5308912381331611
CC_A6BB595B55AA,0.004895690970587103
CC_A6C5284C4586,0.1340455886169223
CC_A6CB0D0191D3,0.1371025435062097
CC_A6FA3FA9F0FB,0.12269434070207547
CC_A6FDADD23BD7,0.08158524063127603
CC_A6FE3938F001,0.17337734685970324
CC_A71DB65F0BBA,0.40005275303152216
CC_A730F4964FD4,0.17653088803466802
CC_A73C02C58DDA,0.15824233447831215
CC_A746BC2289C7,0.3162359724436091
CC_A766C3608214,0.15196708504325668
CC_A76F48111A8D,0.13908375470962486
CC_A77AEC8AD2D1,0.026366760775835583
CC_A781174166B3,0.1855465992696973
CC_A79024286DFF,0.10439221921389004
CC_A792720B875E,0.07348398955860626
CC_A7952C2BC5B6,0.06807800816779616
CC_A7954EE1A1C4,0.10234952476497176
CC_A7991E6B3CAD,0.229030362460661
CC_A7B141DF4AAF,0.12757229608894513
CC_A7BE2CED0B93,0.05360195809476881
CC_A7CF446093DD,0.1937205523862746
CC_A7D1C6692090,0.12550488735419724
CC_A7D6CAB54328,0.28106401815179805
CC_A7D8D1DA4EA6,0.12312517641262995
CC_A8102BA6933F,0.10017188162223876
CC_A81C1EDC5FE0,0.13165813294916448
CC_A82C0FDDC303,0.12667836972575655
CC_A83F92C0CABC,0.14798235451840874
CC_A849B0F60EEC,0.11454830384151209
CC_A852AAB180D7,0.022809515451968854
CC_A8536626873D,0.14009005031416155
CC_A85F953FFD40,0.1117008742284282
CC_A865A3F1E28A,0.7109402430241445
CC_A867253FC73C,0.38291688930355317
CC_A877592FE1AF,0.11656901639972546
CC_A8AE26057851,0.1836872125662697
CC_A8D50530622B,0.1866441726268189
CC_A8D5C834B061,0.7770136429807257
CC_A8DF49EED27D,0.8154848035851567
CC_A8FB53A944AA,0.14727634870371717
CC_A8FF19BCFB18,0.2538942057415979
CC_A9042AA97760,0.07217155630223965
CC_A917D68B7F33,0.10733735431940677
CC_A925B3023F01,0.19079225559569787
CC_A93A49678A0E,0.7580590996159186
CC_A944C14551E0,0.13788466328639382
CC_A949A4D6CFDF,0.052697033194998175
CC_A96085AAACBB,0.5683993186407681
CC_A968E7B519AC,0.46695678883872044
CC_A96F61DA3920,0.2450509868975384
CC_A98AA461487F,0.06776354389516427
CC_A98DE37F48B1,0.057775747587932
CC_A99526CAE7B8,0.11783853146399113
CC_A9997F50D935,0.1399151681588464
CC_A99C3B09B728,0.10530012890757634
CC_A9A0DADE60F5,0.324849865214026
CC_A9E27E0F8BF7,0.11653175265199245
CC_AA06B8C44B08,0.44347739585970536
CC_AA078692F54D,0.0738476897632812
CC_AA3181148667,0.1371140023292068
CC_AA36C8AD0AD4,0.1191959160158051
CC_AA36F0397FF6,0.13367068603763957
CC_AA3A8989A632,0.5356378411167377
CC_AA4A1B7522D9,0.13352764255489188
CC_AA4AE0378324,0.18484606150950317
CC_AA5E4D5A692F,0.14921821033577565
CC_AA68EABEE4B1,0.14663607380809696
CC_AA6B5A7A5B67,0.11685791735880624
CC_AA6BD423C239,0.30990268270601123
CC_AA7074B42A4C,0.5095688914740177
CC_AA7A7F3159DC,0.13648296164444876
CC_AA7BDEB972E4,0.11547852338560372
CC_AA83426311A1,0.16633234459289442
CC_AA8F7D307212,0.1865234471701582
CC_AA994120654B,0.11722518792857486
CC_AA99CC1D0A77,0.12718072960335852
CC_AA9DF917E958,0.11314973886144909
CC_AA9FC6678135,0.329868889794549
CC_AAA47EC0D4CE,0.10624545525128491
CC_AAD9F600283C,0.1415806499833628
CC_AADF003A3927,0.0640860243430044
CC_AAECFE806C8D,0.1719496846320725
CC_AAF2022B9CD1,0.21646042505546337
CC_AAF445E4CCF4,0.11898825344455652
CC_AAFDCAA5CA06,0.5684310187657889
CC_AB0384E131D8,0.20527786563390382
CC_AB0A4F4A2968,0.2665410799190675
CC_AB108580856A,0.0987197446092852
CC_AB10FED15FC0,0.8193979114958818
CC_AB176233A184,0.13902675265438535
CC_AB250982887C,0.10356007416940136
CC_AB25C565EA6F,0.02345316637523757
CC_AB31BDAE74E0,0.19248400736281115
CC_AB38A76F5698,0.13862419347695726
CC_AB38F588BDD4,0.1477630216189577
CC_AB3DB55C9A2E,0.1865864261832966
CC_AB42A7DA8FAE,0.163373326797144
CC_AB486E8855F7,0.2064459510829179
CC_AB4A79BF0F21,0.06989998081048748
CC_AB7472FE1C8B,0.12115213025118854
CC_AB78F64D1DA0,0.12706577383248868
CC_AB821E2FB031,0.10687786363119116
CC_AB873276D910,0.04007035152488736
CC_AB8CF3C05B61,0.12659091297312608
CC_AB8DD8448ABE,0.34005008147172194
CC_AB953366A38C,0.12962233221874656
CC_ABB193697B23,0.5008552574030071
CC_ABB3F0A040BD,0.14114597917031327
CC_ABB618AD3E52,0.14197810630995805
CC_ABC0DA7DAFA5,0.07219395385653532
CC_ABC49E43DF40,0.5740647832843079
CC_ABD89F61734F,0.11971807954100135
CC_ABE04CDC2866,0.6159126745989286
CC_ABE98746DB91,0.45103716510238034
CC_ABFDF22BBD97,0.13099102773313223
CC_AC0498A54CAD,0.22075643912533724
CC_AC1C23EA2767,0.2660815831388096
CC_AC1E028B2A1A,0.11224475021646377
CC_AC255B902EEB,0.17704508422552162
CC_AC44A88F7869,0.13294583043722674
CC_AC51CBCACA63,0.11442894247824534
CC_AC723E5F5EFA,0.0938427676958432
CC_AC7994A5FDC4,0.1233688052385525
CC_AC7EFDBCF2E8,0.587887617817217
CC_AC8A45716CD8,0.16499442244927723
CC_AC8FB78319A0,0.07780944337024687
CC_AC95C517E726,0.1276362183735514
CC_ACA4C6C9316D,0.06642852009412138
CC_ACAD97A186F4,0.12507235520314292
CC_ACC12168D6A9,0.137220704442452
CC_ACC53294D3A0,0.11981037829090285
CC_ACC6A74A8BEC,0.12211821253657724
CC_ACD94D2B1200,0.08392297660175253
CC_ACD988315902,0.06989202824631281
CC_ACDA59536C9B,0.12799841374506832
CC_ACE5A4081F6E,0.13599005735334313
CC_ACF4F9A2CCFC,0.17335048513476348
CC_AD0D7D212968,0.3478497099177383
CC_AD131D09EB0F,0.14410447026245513
CC_AD13C87CF26E,0.13565628969590363
CC_AD2050A0C79D,0.16295964000854155
CC_AD276D71D3A7,0.28489084238659745
CC_AD2C54521FE4,0.1743847975022318
CC_AD2E59624FEC,0.26180919550333964
CC_AD3A36AF2840,0.19720607470210058
CC_AD3D286D0B68,0.1914277465931109
CC_AD46818E459F,0.6026999454157069
CC_AD4BB2E22EA9,0.2178449770438433
CC_AD4F7F88242F,0.22550197017984436
CC_AD58ADCD54CE,0.6056811167237159
CC_AD71619FA389,0.09480587819745029
CC_AD84592B950B,0.07503378171905338
CC_AD9898C0E8D2,0.10334766987183827
CC_ADC70A21D661,0.1914307192783972
CC_ADCF16189AF2,0.18839967039829816
CC_ADD894E6E4F4,0.3856264879639283
CC_ADE899835555,0.15175869927048777
CC_AE0D73A1EE19,0.3453544623392759
CC_AE0F08EA3935,0.1990248892221264
CC_AE23B59E6FC8,0.19672500630781006
CC_AE289E013D60,0.1481570626221041
CC_AE34D3F7F224,0.7874098410295111
CC_AE4069D8B4F6,0.10764837195014046
CC_AE4896E2BE76,0.787680726733165
CC_AE51DCFE0671,0.09953494458686733
CC_AE69FEA8DA68,0.12108790706231934
CC_AE7C129CC90F,0.22859557669248903
CC_AE7CD49F20AB,0.12103492560946377
CC_AE89526E0335,0.11564113165309453
CC_AE8D62CF30C0,0.08225068303079736
CC_AE8D9CE8D6FE,0.09984210623052658
CC_AEB019CB9065,0.1545580870667408
CC_AED1D50AF584,0.11909964572156205
CC_AEE546316FB0,0.1880006862320298
CC_AEE5FA00FA6C,0.3277133290333578
CC_AEEC765D157B,0.17099311976899134
CC_AEEE44D6C8A4,0.025716695636789032
CC_AF14FF3EF570,0.1720564115868302
CC_AF1C3ACBA6B2,0.13902971056145488
CC_AF1E911C98B6,0.3365107610574714
CC_AF337F410520,0.1553544094963178
CC_AF3C7BC3BA40,0.10025228216443796
CC_AF41E4075C87,0.11419273249466494
CC_AF6B4405276D,0.7947145119385743
CC_AF78FE0BDBEE,0.2017278923599336
CC_AF8238D9082F,0.009213325137563264
CC_AF8CA6EE53C3,0.08969524219857543
CC_AF9AFA7C49A8,0.1757852393964591
CC_AFA1E3D3C685,0.1716593345035305
CC_AFA680030CB4,0.6084862134481374
CC_AFB351270B8B,0.08715426703796464
CC_AFC405AE0029,0.053073327197738614
CC_AFF90422E4FC,0.3744850820769773
CC_AFFBE2744B87,0.8607327693245449
CC_B0043CA53FCE,0.09407252499833609
CC_B01B2BD4EFD7,0.17864406515150455
CC_B01E87EB9940,0.15803346684818737
CC_B0273E66E2A5,0.1691992838405432
CC_B03E98085A9F,0.11225599835131199
CC_B0420D8C42DC,0.38430026756474733
CC_B0497BEB9F6B,0.13760331149025443
CC_B04A5E60B69D,0.12337622943940352
CC_B04D5517A193,0.14165051372868032
CC_B05FF3A960A0,0.20651571017368112
CC_B06A532EC131,0.29520274566386767
CC_B06D33A6761F,0.1111580725389839
CC_B074D4472CE4,0.08361510401178816
CC_B07CE95BCD88,0.20201227919615225
CC_B07D79368225,0.13549991736653277
CC_B07DD1ABABCE,0.8227291801348239
CC_B086C2D77820,0.26573422486669807
CC_B088DE9C9E3B,0.17434606100455824
CC_B0CD7932067B,0.1564732621770208
CC_B0CF90073A5E,0.603504281337895
CC_B0D397D86639,0.6293975322441202
CC_B0EF4FD19FEA,0.13085717789030013
CC_B0F2F9514AA3,0.05912707809856172
CC_B0F3B79F51C8,0.2246843773305646
CC_B0F4041B1C76,0.08046060858329677
CC_B10FE31C61D5,0.1001933009752518
CC_B114E8F19D65,0.12644732780977175
CC_B117F0E3CAAE,0.1392670540257754
CC_B11D58F331A9,0.0862540349742976
CC_B1262188BC41,0.24703999723711112
CC_B12FFB2FF21F,0.11194908392089115
CC_B13253F34A9F,0.0506488760805384
CC_B137E2BBB53B,0.09466590882356074
CC_B13FEA7CDB99,0.1277009809982041
CC_B1481ED21111,0.023489651893806533
CC_B15BE5C9976A,0.17138940462669378
CC_B15EB6933578,0.13995720421103186
CC_B163CCB3BE4D,0.11187330287077288
CC_B16DC354FD71,0.3603357560861024
CC_B1777349EB15,0.15349137787222417
CC_B17C6CE0231F,0.17921006205644271
CC_B17CA8C22E5C,0.1497974626698478
CC_B18F3C9C30E4,0.1289659592926765
CC_B19CD93DDC96,0.06840835926260926
CC_B1A647674B84,0.11214901453271058
CC_B1AEC2E5E33B,0.2625111937097802
CC_B1B5C81AC0A6,0.13900743551343825
CC_B1B932EFD646,0.12151925241802586
CC_B1C3C0B52B88,0.178157670912517
CC_B1C7216344F3,0.1041790587769159
CC_B1C982DBBD12,0.3671833368101484
CC_B1D81F8197B3,0.17345961523836587
CC_B1DF1DCBDC7E,0.3971193100277487
CC_B1E2C36607CB,0.12168790398558993
CC_B21351C93D8C,0.1198914624336933
CC_B2174860AB11,0.6792813365346206
CC_B235818E6A04,0.12515284860439782
CC_B23CDE30F00B,0.13340350625767633
CC_B23DE4971DF0,0.32207402621914544
CC_B23ECF574D8E,0.10249184090115702
CC_B24C41DDFBDA,0.18772532420411198
CC_B25EC73B9510,0.16802703380934575
CC_B25F69904D0F,0.13404021832798863
CC_B25FB6C11D05,0.6303047683202114
CC_B264F2B92259,0.5708475205253658
CC_B26B8FC23F1B,0.14061447810517883
CC_B272E29922B5,0.11516905419141807
CC_B27AA8E27BE7,0.15813870109478206
CC_B2A68FD3C236,0.05108485830469617
CC_B2AC50C00979,0.1268086872647735
CC_B2B16D7B821C,0.1816762478108578
CC_B2B32F1511E4,0.14198606265838465
CC_B2C241A93527,0.11431026839547728
CC_B2CB104FED6B,0.512128990582592
CC_B2D352013F92,0.0790197394043308
CC_B2DF694BAB08,0.14053418320962008
CC_B2E993A9343F,0.12838380484695494
CC_B2EF61C93AB6,0.1766906560394924
CC_B2F94405EA89,0.16922313447339993
CC_B2FC07BF6251,0.09599411179748397
CC_B301A65B4164,0.13824644685310009
CC_B313E3A208A2,0.19274180653104714
CC_B318FF5D976D,0.12848380553019134
CC_B32AEF0A2299,0.10417434023237364
CC_B33BD3C618EA,0.09969115159932167
CC_B348627365A2,0.1693601772407157
CC_B35109450BDD,0.04987398570259255
CC_B3528B870544,0.12200150142399355
CC_B3530E7CF8F5,0.13660717754047266
CC_B35C5B1DB9C1,0.07595531289185524
CC_B35FF59389D4,0.17274028583713136
CC_B3812C6700F2,0.6165105022359312
CC_B38280B483B8,0.10705926796077657
CC_B38B694A18EF,0.4267124899298737
CC_B392BDECD913,0.31772246128701653
CC_B398DF1ABAD4,0.11168228831253944
CC_B39E75E151A1,0.08563214130667314
CC_B39FD0E249E8,0.09720580334899273
CC_B3AA0891CA5E,0.38742659763782206
CC_B3B1C8EBE5C1,0.17956124121857425
CC_B3BBA28E2D39,0.5052344177551727
CC_B3C4DB0303A7,0.11605879032312405
CC_B3D32FE823B2,0.07539740933731151
CC_B3DA429C6C8F,0.11198394921285926
CC_B3DC5786AB0F,0.14226267309430174
CC_B3EA537531A3,0.19146326573877587
CC_B4096D3A38CE,0.08477804871550156
CC_B41EADCCC95F,0.09353085534228019
CC_B421940B9A48,0.5504459318315839
CC_B42B3B83935C,0.8438746081951413
CC_B436B1CA6B2F,0.10105132329779883
CC_B439B06AF274,0.20399630507237698
CC_B4482E7879F4,0.20206704546203128
CC_B4660022C612,0.13698376762706285
CC_B46B899B4A63,0.10994424077195505
CC_B470280A580D,0.05300042222761372
CC_B471D3BF0C72,0.5513099738402941
CC_B4751DEE43CD,0.2013413027771108
CC_B482C254BAA5,0.11236600183205034
CC_B4889D036D3C,0.7520095390881456
CC_B4950F811C90,0.12039978127263018
CC_B49A6DE7A340,0.1939193042687276
CC_B49CD4C13DE8,0.3866541144734239
CC_B4A90370CA96,0.45459042272847766
CC_B4ADE6BC8A10,0.653118158993764
CC_B4B6F805888C,0.03318011741628551
CC_B4B8F66BF4ED,0.6489187740411588
CC_B4C6F80DEE44,0.07888228761418101
CC_B4CCE78C09EE,0.11817527891366507
CC_B4D68D1C1C55,0.15345865957013713
CC_B4DAED63089A,0.1292918111344453
CC_B4DD9841E6FD,0.15661152517770482
CC_B4EF6743DDCF,0.044702913143379576
CC_B4F67F73D097,0.11814092927968438
CC_B50EB15EBA18,0.1333631718065101
CC_B51DCAAF4549,0.2397372620679464
CC_B51DFF8702D0,0.4698074415131081
CC_B520A001BF69,0.1783003173776567
CC_B529919BF24E,0.5159489165588699
CC_B542342650A1,0.05524094761679239
CC_B54A106E91E4,0.05803434348867698
CC_B54CFFC21F2B,0.17711106899707788
CC_B55C134C04A5,0.2020650447576409
CC_B55C2DBF6D3C,0.17951192712658665
CC_B569705352B4,0.12539313622211523
CC_B56E74A967C3,0.1433707610788156
CC_B57519F33EEF,0.05106867484859997
CC_B582E4405D85,0.08533120251812452
CC_B585A11F7BA7,0.11448689837681601
CC_B59726D36AEF,0.19527236232792536
CC_B5995E4F1A21,0.15333545167655235
CC_B5AC2AAF871B,0.8412536341096564
CC_B5AD19125E1B,0.13866032838521106
CC_B5B1E42858AC,0.08535895481761534
CC_B5B7599E8BC6,0.10735704370126357
CC_B5CAE0595637,0.17846743669121576
CC_B5D49843A799,0.3097048708891583
CC_B5DDFC7AEE78,0.162137582484851
CC_B5E29344F63C,0.1775781362713346
CC_B5EE5AE6378A,0.6082683151399315
CC_B5F2A93AD996,0.11400779079527586
CC_B5F611613A78,0.1140878122493944
CC_B6055039255A,0.8516763680680386
CC_B607B2B0AFB7,0.11893186463724545
CC_B60CFD0F39F9,0.136533830540932
CC_B620087B1C52,0.2289344464173144
CC_B6203BBBD151,0.11527403847264857
CC_B622662E664A,0.16801589063256728
CC_B62C9A2BC846,0.16425870428049888
CC_B636210548E5,0.1788494693126432
CC_B642C6714501,0.0807003934436106
CC_B64F81B8A263,0.157685064254861
CC_B65CA581B9BD,0.11996062948764287
CC_B65D1B9B6F67,0.13011096241141804
CC_B661A8FCA431,0.020600030906635834
CC_B66AC40957D6,0.10944338405378326
CC_B672B35D1162,0.7900668444254169
CC_B68379D197F6,0.1775336553241035
CC_B6923D10FDA2,0.10853596599032729
CC_B69CC776BBE6,0.29524291086024035
CC_B69E50D76B29,0.16625769328988355
CC_B69EAA8C296F,0.17425859609492803
CC_B69F7CB8CDA0,0.08520531694197532
CC_B6B4AD157354,0.1314099899340531
CC_B6BD764CB8B9,0.14814940417818917
CC_B6BEC3F4BE91,0.11036201588861805
CC_B6C13F4A610D,0.30603756894419226
CC_B6C1C3B5766B,0.13975123103239767
CC_B6C72241926C,0.20273039693295003
CC_B6CB40E245D7,0.48336536382002554
CC_B6EE58A108C5,0.11327533497102772
CC_B706F631F5BA,0.0740399789751591
CC_B71DC1206985,0.1452035135516416
CC_B72284CED807,0.14771609050444579
CC_B727865A5B5F,0.5358302455590542
CC_B72FD7EFA6BD,0.24912819051554863
CC_B7365B5A3392,0.7509059096490515
CC_B73820D308C9,0.13150515854988742
CC_B743560D847F,0.13944694118301634
CC_B76EF26F7C9A,0.11980179723287084
CC_B7764FC130E8,0.5316856841702061
CC_B77B73B95532,0.12425820562209619
CC_B77D6653C7D4,0.03490658364134082
CC_B77DA6B77DEB,0.18841358785258938
CC_B783AE19622D,0.1678854969906777
CC_B78761738CAF,0.030628117663785193
CC_B787BA135B5D,0.3579709410203478
CC_B78B4449EA19,0.2749572980477614
CC_B78B4B7F80B5,0.18597330707505322
CC_B78BEE888CA6,0.0819845467000595
CC_B791FEE1CF37,0.026850299143309005
CC_B79A58AA4441,0.13097391087430116
CC_B79BEC538198,0.08497308738507094
CC_B79DD53178D3,0.13775182133587915
CC_B7A7EFD85149,0.12482292025707983
CC_B7B5F2A15C41,0.14342816197837685
CC_B7BC46A7D4DF,0.14463507951169538
CC_B7CBC65D9AF9,0.6663675532619133
CC_B7D40C5C891F,0.08611444972423755
CC_B7D4337C4797,0.14432897913937315
CC_B7DA04826165,0.1865468114086778
CC_B7DC19DA1440,0.14542321349317966
CC_B829EC622F0D,0.6393859505309558
CC_B82B9C0C7B85,0.7348359774204624
CC_B82C55DEE5E6,0.23878826121932817
CC_B8475B977AD2,0.8538735675842151
CC_B84BD2F4EB01,0.22895368163095353
CC_B86DA7D69F20,0.10020373844632026
CC_B87989F406EB,0.12432675029245414
CC_B88B702183E7,0.07490210143704522
CC_B89B80945ADE,0.15536598508122962
CC_B8A3A44BFE8A,0.22382261934516734
CC_B8A7A6548AE6,0.2101330873385048
CC_B8A8FB83065B,0.15978296530305117
CC_B8AAC20D626E,0.1733816307987473
CC_B8AC99873641,0.12801286000172885
CC_B8C9673B7834,0.13244668036049953
CC_B8D5FEB15CC8,0.11623258774812288
CC_B8DA64A33076,0.5262640794720451
CC_B8E912A01706,0.6566884310366992
CC_B90869280808,0.15945527644665075
CC_B908EC99951B,0.12354194887372577
CC_B90CBF2A6775,0.09168202869244067
CC_B91080C1ADA5,0.30573165138871805
CC_B918FB42AFD2,0.1384959059598133
CC_B92CA425080F,0.13568095025225838
CC_B937F632B71D,0.20451916871166773
CC_B94477C20476,0.19710695022359492
CC_B9483A5C922C,0.14050206009834573
CC_B954EC1C63B5,0.29015396475840377
CC_B95580F93537,0.09439395462563593
CC_B96086044329,0.11640362675164641
CC_B96EB0A91589,0.12552864911040798
CC_B98357C70A41,0.6106566746942574
CC_B9929A66C2FD,0.6217848503274749
CC_B9BB52E4C529,0.13155505016727093
CC_B9BD45744855,0.8448657688774651
CC_B9BFDE4662AE,0.10974214040099826
CC_B9CEAF324145,0.027868434323346007
CC_B9E89F42B509,0.16341029110229738
CC_B9E8A3887223,0.16155765538906774
CC_B9FC67268C45,0.14727473882227676
CC_B9FE9DFEB3DC,0.12395044928560175
CC_BA041E14DD98,0.15303330778078933
CC_BA0619F54427,0.1505018359334142
CC_BA15072C4EC2,0.09821872246347818
CC_BA183CDC5429,0.8725110664557257
CC_BA43646012D2,0.2646420213502491
CC_BA4F7E494E71,0.44740422064664054
CC_BA557F75E2DD,0.2438593742214735
CC_BA740903CBDF,0.1475253667320212
CC_BA77722A827A,0.4965017021872905
CC_BA78E47BB021,0.13464317505036347
CC_BA8C427054F4,0.08978011064360135
CC_BAA19F8D2563,0.07881801238647725
CC_BAA1BBFF8C6C,0.20989399932925745
CC_BABA44B5FB12,0.1319752852545557
CC_BAC25BCCEAD2,0.11411545149608981
CC_BAC74D0014D3,0.29593707527134044
CC_BAD99E36CC71,0.16607294327989336
CC_BADE7EB1D16D,0.7616328582395924
CC_BAE7410803AC,0.11880755176271586
CC_BAEBBF8054FB,0.1254839296877287
CC_BB054686B6F2,0.09138394451310072
CC_BB05D9DF72BD,0.1134989109934808
CC_BB0D54068D07,0.8541511067117926
CC_BB15DE5E0DA0,0.7107866765248657
CC_BB1A57AA813F,0.2253130730512557
CC_BB1CABE261EB,0.1231924181572258
CC_BB2BC46FCF61,0.12588634640555
CC_BB2E5437EE04,0.059650516807844126
CC_BB2EF1FF6131,0.11252594011056795
CC_BB2F56C6BF57,0.13838009998789982
CC_BB35CEC5314E,0.12778870043720425
CC_BB39E3597B61,0.08829110135627806
CC_BB3A9EECD51E,0.10627233592278497
CC_BB44CDEE5103,0.17123439743224156
CC_BB458116ABA4,0.38116906032825537
CC_BB5F6936F6FE,0.14486703193688538
CC_BB666F8A551E,0.12585359784341404
CC_BB7355E735D2,0.12037744116719042
CC_BB8A2F186D6A,0.06494508750885888
CC_BB9FDED12C65,0.7651544788976565
CC_BBA8C316C8F8,0.0751598834734814
CC_BBADC7DC73EA,0.16176151200889305
CC_BBAEA7980B09,0.30599837939084046
CC_BBBA078A6429,0.8577001477226849
CC_BBBFC3EC2C72,0.12092296317488418
CC_BBD34B3225EE,0.041534514212187984
CC_BBE6C58C59A4,0.3570934517686383
CC_BBEBBE1E226D,0.12187683263786293
CC_BBED56D34D38,0.13527515824928144
CC_BC0244FBDAF6,0.15606119609893848
CC_BC099E880236,0.10945097800723957
CC_BC0F05C89E25,0.0732226140827891
CC_BC1BD06C1085,0.12141864688962539
CC_BC21E8824A34,0.4352278465589664
CC_BC23655B2BF4,0.09071007298034796
CC_BC24F9024F49,0.07625193793335004
CC_BC2A58939715,0.15399463726072057
CC_BC2B90F226E0,0.31096225914312264
CC_BC31382964E4,0.11070423465644903
CC_BC31DA3EAFFF,0.1812439540386077
CC_BC3A6CF6FD16,0.1431923169397302
CC_BC410BDD9ED8,0.14848956049675294
CC_BC458960887E,0.10555916185084188
CC_BC484C329704,0.20138303465642668
CC_BC4D6D6D4553,0.1362401242979079
CC_BC5A59D88AFC,0.1169289438501644
CC_BC736DA19A00,0.18551819710491405
CC_BC7B9D13978F,0.12516902083192788
CC_BC84BF34D69E,0.27496201931321335
CC_BC95D473C9CE,0.155375624481162
CC_BC96FC9DCFE7,0.13806968010961201
CC_BCA0D6159C23,0.21072505718799558
CC_BCAE73132BA2,0.1308709418891761
CC_BCBBF055366F,0.10509925231703154
CC_BCC94F494979,0.2334925746130821
CC_BCF75F8B9A5D,0.13868149221475
CC_BD10F4F15094,0.085265792164071
CC_BD1A2052ACD5,0.8391963572588824
CC_BD217C39702F,0.27899633738490137
CC_BD2A9D4B9FAA,0.14723771182745882
CC_BD3EDD1630E8,0.05054742304649625
CC_BD4AAFE9EFEE,0.11842707807275346
CC_BD59D1252975,0.13148725633143302
CC_BD607BE97C17,0.11648172310336588
CC_BD889F165227,0.11108310380380941
CC_BD900B6BCF65,0.1439364689935116
CC_BD9967660461,0.36764116818870896
CC_BDABB99ADE2A,0.21405970779690553
CC_BDB07C66EDBD,0.30273433328201543
CC_BDB71DAAE50B,0.08326922939202197
CC_BDCB91FACECF,0.14199597588071244
CC_BDE1E398B4E4,0.11586590166416713
CC_BDE8D325637B,0.7851255218228483
CC_BDE9E7F390AE,0.13496339567677176
CC_BDECF392D7F9,0.12219226523717407
CC_BDF401C3BBCA,0.11454287700847741
CC_BDF53C42C5BC,0.16735193151438282
CC_BDFE5778530F,0.28844885191725156
CC_BE05EB5976EC,0.8439977686945883
CC_BE08A6D5E76D,0.06757363765337261
CC_BE146CE5BEE6,0.13131453660239242
CC_BE24C1EE877A,0.1557349706335323
CC_BE27E98C4BED,0.1063053576456317
CC_BE32DACBF6C2,0.10845548065790804
CC_BE3F52F9C9EA,0.13301777237843418
CC_BE3FC1024389,0.15075844665914498
CC_BE4595898BF9,0.15608450062486248
CC_BE4F1F53F4B6,0.18090862545320396
CC_BE648663620C,0.13923061821180818
CC_BE6627F3B9EE,0.803488178680948
CC_BE673F70B591,0.33003533909372307
CC_BE704640727F,0.06922025304188095
CC_BE7295B354DA,0.3130105953637418
CC_BE760A430ACD,0.1407036792611163
CC_BE8A340F3876,0.08095604434470674
CC_BE9CB8845101,0.18836699225466988
CC_BEA12286E57C,0.14908105445411549
CC_BEB24EB997CA,0.12740679565124313
CC_BEB80CCF2ED0,0.08248745621303909
CC_BEB86014B5BF,0.1860436502084952
CC_BEC035C8801A,0.14075944934861595
CC_BEE1B858F0C3,0.19390397976702609
CC_BEE664893442,0.1520957300407015
CC_BEE75A33F038,0.09303882985789365
CC_BEF22728402F,0.7006011082415301
CC_BEF8AB2DF19D,0.21664589100072565
CC_BF03683CC755,0.05206874059833311
CC_BF066CB8F7A0,0.16626927644778391
CC_BF154A9FEE8D,0.13598925082040744
CC_BF17E635C67F,0.14621381512263845
CC_BF196AFA6AE6,0.1312085929667425
CC_BF2012FCFE14,0.18454877801268904
CC_BF3733356D4B,0.47741727394798705
CC_BF376C8D14ED,0.598961694923035
CC_BF3BF8B9F646,0.05069166988831186
CC_BF588A5FF18D,0.6784072988923767
CC_BF7C643B8874,0.07014455430293692
CC_BF8919F14394,0.09255564474713983
CC_BF8B759EE1EF,0.13008164273769196
CC_BF971FA7A950,0.12705157946224632
CC_BFACE960372A,0.13435515537901047
CC_BFBF917EFEB7,0.6307995204238095
CC_BFCAE2959708,0.07747986028907647
CC_BFD80ECB739A,0.15245118534901247
CC_BFDEC7E68821,0.04401475248942284
CC_BFE3AD881F4C,0.09330729106884293
CC_BFE511C0F9F3,0.5771944148024857
CC_BFEE9CF8A6E9,0.10790210147899236
CC_BFF8E82FE4BE,0.12936191341296283
CC_BFF9E8C0FE28,0.557056396972225
CC_BFFCB2882E26,0.11947408053744628
CC_BFFDCACC1E4F,0.12127989560456452
CC_C003A15648F3,0.13062324576140136
CC_C004160ABB18,0.14364971197126206
CC_C012746F45D6,0.21367372468583828
CC_C033B4EC89DA,0.12391348523377861
CC_C03578357D0D,0.28603295785356936
CC_C040C14F27A0,0.10818676775658494
CC_C0474C48C443,0.1420282788758964
CC_C04A1EF46A13,0.20106710091228425
CC_C067DA2C5F99,0.3959176786226767
CC_C0731DB0CD7F,0.6107101370881335
CC_C07C70AA1AF0,0.12683787825888154
CC_C0877F4DBC62,0.1379864537131582
CC_C0896CE6B4E2,0.06497465052033831
CC_C089B0517E81,0.11478443235697842
CC_C08B9066A5BB,0.12712124532902588
CC_C08DFB22BC71,0.13671397092215093
CC_C0A2108BEC82,0.1985679849873869
CC_C0A6B0787F91,0.12039300697295437
CC_C0B29B279C90,0.12340282948954749
CC_C0B7151247C2,0.20976691706227274
CC_C0BEDCC974E6,0.11176305106653331
CC_C0C6F913C2CB,0.6861818205187249
CC_C0C7EAB055B1,0.1729096110457444
CC_C0CCCF588BEB,0.36763454810871926
CC_C0D65A1BC1DF,0.5173017435327566
CC_C0D6ADDF1E0F,0.09763922749501953
CC_C0E49708EB44,0.14772606587365306
CC_C0F32BA57D17,0.06527318531065109
CC_C1094828B26C,0.3142795680857293
CC_C124E4C094F3,0.1983278119703067
CC_C12ECF48FA03,0.1248754962046214
CC_C12F5F7E5C54,0.1152829683706158
CC_C131509731A1,0.1304836382250372
CC_C14173B64C58,0.1365242974921518
CC_C14A4D39F494,0.24806522823947863
CC_C14DC9106B7E,0.13958707071466414
CC_C1624A910E58,0.11828124961254209
CC_C1645FA6EE7C,0.11416915683297696
CC_C165A26E7C1D,0.7213368527655015
CC_C16824A69631,0.14895724679314487
CC_C177831DEDC2,0.039588691615884894
CC_C1815DD481ED,0.563967274001855
CC_C18313F97FC1,0.26349260908824795
CC_C18A7BC23071,0.25687067744031233
CC_C1941883C762,0.13597880064050832
CC_C1A0989CDF23,0.045325767168568065
CC_C1A8C99D910A,0.15695964875220758
CC_C1B057BAE0BB,0.24338342539925473
CC_C1B5D9A95708,0.11353825315916845
CC_C1C28181E30E,0.1528157865843787
CC_C1E8CA45E983,0.1934318493217809
CC_C1F4DD05F5FB,0.2634790278872349
CC_C205BAC0D181,0.13281733511530536
CC_C208790016F7,0.08553320724730697
CC_C219E603FD0B,0.05007335372938455
CC_C2323893E922,0.13747859051373573
CC_C236A614F73D,0.17489459071716845
CC_C241491551A8,0.14754462371687213
CC_C247E0377048,0.14861153191408377
CC_C24FBA584039,0.1949309373673751
CC_C25078D044CC,0.24457951592270913
CC_C255BE787955,0.24941742974231612
CC_C25ECB5C5FD8,0.22371215080499124
CC_C276E722FB1B,0.28477401046866657
CC_C279090E1F74,0.840904290200081
CC_C279CA96D14A,0.1448043811846582
CC_C283330B9999,0.04382247120899842
CC_C289AF57EB24,0.19102719984770994
CC_C29558864857,0.14885169778772936
CC_C29846DE78AC,0.5802701809399999
CC_C2AEE09D92AD,0.15693088189625884
CC_C2BBFB603032,0.2815887069926429
CC_C2C2B2EEBA69,0.04350780085908009
CC_C2D1CBB42952,0.14044652391684037
CC_C2D4587A871F,0.6041935810882136
CC_C2D583F20739,0.299874692632568
CC_C2D9086A8C67,0.051303388240457055
CC_C2E8FA308586,0.13400757042451092
CC_C2EA104630E3,0.11119667069989624
CC_C30ED2C6265A,0.08542241359023357
CC_C31BA9FD4FFF,0.1699988046700847
CC_C31DC3117984,0.1373492306402364
CC_C33142B2E26E,0.2355840390304614
CC_C340668CE604,0.10117222798884426
CC_C36580241000,0.15733077225044464
CC_C3664AFC710F,0.09143660069518869
CC_C3676D2ADC91,0.1476948222770872
CC_C368AC6AE19C,0.07854851969386797
CC_C38B446B7432,0.2116139716406596
CC_C38BE6D69E61,0.0645226860358069
CC_C38FB634E7B9,0.10333543679020389
CC_C3913A125FC9,0.1041749571851768
CC_C392AC1AABDB,0.14624878581004222
CC_C3A37C3EDCC5,0.2487319373957359
CC_C3A42A96D260,0.19326236667520758
CC_C3CA355F78BC,0.1203842017859686
CC_C3CD972B25E9,0.13907180936398703
CC_C3CE9FCB05EA,0.08657259084998675
CC_C3DA12B31CD5,0.1260336656519065
CC_C3EF46D2CF29,0.12228132931035007
CC_C3F301EAE202,0.2861085083760653
CC_C404C200B723,0.06613466917187501
CC_C40BEE2EAD73,0.17306631717035426
CC_C40CA3E960D9,0.09194839326346539
CC_C40E0EEBA53A,0.1281587714537743
CC_C42183D7A586,0.12604414629289903
CC_C427199DAC5F,0.3290224864625989
CC_C445AEF194CA,0.11901778608557526
CC_C45051D20EC8,0.1404997175322966
CC_C47FCA703A69,0.21529186248690543
CC_C4965C6C6935,0.28097520967856743
CC_C498BD798847,0.11280912151864327
CC_C49A42D1C3CA,0.03148470293203325
CC_C4A2F5B06976,0.07332006432421613
CC_C4B632AEB96F,0.09905605499245257
CC_C4D194378554,0.03154599306161056
CC_C4D90E9CA5E9,0.10213724325455097
CC_C4D941D5A5F9,0.10685185433262884
CC_C4EB2486A9B1,0.15837350821006926
CC_C4EC2923D96F,0.3117433342316763
CC_C4EC9ACAE8C4,0.7554877909274419
CC_C4FB2ECB13DD,0.162823478750277
CC_C50467EBCC58,0.15343677153656915
CC_C50C5E2A77CA,0.13763993787018028
CC_C50D7FAA75C1,0.07753439517829261
CC_C51FE3F4D2F3,0.10192266953230728
CC_C5234F4713B7,0.10506894227635409
CC_C55110310E14,0.12287459387103328
CC_C563D509181A,0.1098649651675255
CC_C5736F4887D6,0.776271044330174
CC_C57C4F09442B,0.12125389540775333
CC_C59D2CA55CAD,0.8222179814981406
CC_C5AD04ABF022,0.10864986402841428
CC_C5AF7BF4B951,0.07574154809139998
CC_C5C5FD9FCFE4,0.7126868780593567
CC_C5D9A89022EF,0.3163178019195101
CC_C5E1FA10BD6B,0.15051474960837397
CC_C6039EF0459B,0.15710688285034763
CC_C6133F44EB0E,0.14623838347835919
CC_C637C1142503,0.8505124328487085
CC_C65496C86EAE,0.17006981500105467
CC_C67C2B86A807,0.12075175630771944
CC_C690CF8AF3B4,0.13268996371519726
CC_C69204FFED48,0.3245637191557526
CC_C69DD80E5055,0.13000166638108837
CC_C6AE389CA79C,0.08932955242831375
CC_C6AFA8AF33BB,0.11621603889644896
CC_C6B56B2869A6,0.36497532333839094
CC_C6B61E03B42D,0.13864484278402647
CC_C6C2B357FDF2,0.1278857191100345
CC_C6C4A4A318E4,0.1329516123215717
CC_C6DECDCC7956,0.1654687864873618
CC_C6F134ABD932,0.5960893146702367
CC_C6F24128D8D3,0.16101436375725545
CC_C6F8C5E3D746,0.08699212597825298
CC_C6FB2BDCC78F,0.4453491396657031
CC_C70DBEB08378,0.8326221147322076
CC_C71AAC6F9607,0.1385751950763093
CC_C73D1C53BEC0,0.3142130851168665
CC_C7423B380FD2,0.06933707545657784
CC_C747ABF2B4BC,0.13935241078192157
CC_C74F0C45C093,0.13779308794321204
CC_C75307665BCF,0.2070028717164563
CC_C76473DBFF83,0.35683798540215966
CC_C7652C2D1CC7,0.20548196559233392
CC_C77B38900325,0.2822913653643803
CC_C782A94E6754,0.14611222886158692
CC_C786E0FDA098,0.709193232011107
CC_C794632B3AAC,0.5085425605883114
CC_C795250A7B3F,0.08205624323843334
CC_C79BF5794AD9,0.0630628948756569
CC_C7A2A7BF85C5,0.13415027920222863
CC_C7A2CEDA36CD,0.505887262269373
CC_C7AAAC514CD0,0.11678108283242745
CC_C7B39AE8206F,0.148073739376986
CC_C7BA884F8DCA,0.1364919065349223
CC_C7BC592C11DB,0.04888114847952344
CC_C7CB29EBCEE1,0.05590074596806136
CC_C7D2BE35C77A,0.08861815612095557
CC_C7E56C7FFA19,0.16237960646417718
CC_C7ED63E403A8,0.12026520276470892
CC_C7EFF4BBEE1E,0.09190031498963487
CC_C7F1C90A261F,0.19332207976142862
CC_C7F38C2DEDFF,0.1644023661188287
CC_C807F881A35F,0.14926224535555951
CC_C808346EF2A7,0.09711820768406881
CC_C822401D05A0,0.10275363872605735
CC_C82D0EB32984,0.15066845085121028
CC_C82DE4520088,0.11933335499763113
CC_C84080607284,0.1171688484292195
CC_C85DEB66D6EC,0.27834201384449914
CC_C8601860B3AB,0.29499900479925745
CC_C86B56E5B000,0.14785728090924113
CC_C874E7D8B96A,0.1072445836516876
CC_C88F02C38654,0.13870300416372586
CC_C895990DF270,0.16538089172589657
CC_C896D6E93110,0.4119089138926334
CC_C8A57920FB6B,0.15259744711194095
CC_C8C2CEAC6750,0.35477956862810306
CC_C8CBB38CF4B6,0.4418307140490844
CC_C8DF2AEC8023,0.12437087238667877
CC_C8E24B1925A2,0.2570081051214036
CC_C8E2F0CA5050,0.7285022213374968
CC_C8E875AAFD58,0.19018638214723083
CC_C8EF7366016A,0.08143886570174562
CC_C8F1FB9C56E5,0.13356154243834703
CC_C8F2FF7E6DAF,0.04059585245398712
CC_C916DC82A00B,0.3208886571793045
CC_C91FF308D57A,0.10446542549765597
CC_C9297D88CD26,0.30777068619931514
CC_C932D885E1AA,0.2181729995449228
CC_C947A66A6A34,0.13435673430715686
CC_C953D19C82A6,0.2009737257669143
CC_C960365C1125,0.11481334641521768
CC_C96221203852,0.11898203138400255
CC_C967937FC81A,0.8268939564088077
CC_C97434767545,0.15912006276760532
CC_C974620D4D4F,0.2709652042412187
CC_C9749B07E3CC,0.14855341836854757
CC_C979F86EC4EB,0.12435613676213289
CC_C9882357496D,0.09731666041390734
CC_C98B5F2B994A,0.11381491319104704
CC_C98CA453DC7F,0.17281104164597058
CC_C996515164AF,0.5748650483576527
CC_C9A1B8F512F3,0.21210772974855824
CC_C9E008678B77,0.11572533205067623
CC_C9E89E3728DA,0.12517159609756914
CC_C9EE0357CF4D,0.11880331087603113
CC_C9F15C15BA6A,0.2386451428528645
CC_C9F3BB887EB9,0.20184184848941772
CC_CA0906B9B58E,0.12388634378539097
CC_CA16B9133E4F,0.21875250431901738
CC_CA2524A5C7AF,0.21559911929067202
CC_CA2A17C9CD44,0.4416507976062698
CC_CA32C61E255B,0.10618604545219706
CC_CA37F92A8BC6,0.15374026175386882
CC_CA3C9D0F42A2,0.5034544547719202
CC_CA4669FF2379,0.18172720820897717
CC_CA486E08F176,0.1948658816557664
CC_CA5CF069C36C,0.11149929519780867
CC_CA6AB58D2C8D,0.16705259782335768
CC_CA6EDCBFA9E3,0.12026279559975195
CC_CA6FB58C11F4,0.14249322670903905
CC_CA7902338F91,0.12076923364344053
CC_CA7BE11DCB92,0.14008909588416674
CC_CA87A148C386,0.08099489752660244
CC_CA8E7E45347C,0.14553828340245983
CC_CA9214D0E170,0.15503525317150793
CC_CAA07EABEF71,0.1800162420100439
CC_CABC0190A9BF,0.29208089125475023
CC_CABF171B8582,0.4503268991257479
CC_CAC2F989A2D6,0.2249910053689345
CC_CAC50FF13A43,0.5767062334824647
CC_CAC9C52B6FB8,0.19374923293479152
CC_CAE19DE8446F,0.14925100427569496
CC_CAE5F6D8328C,0.5105233259296427
CC_CAFA0C6DBCEB,0.2212187708400903
CC_CAFE5D6E3E1D,0.12132278130533311
CC_CB02A97FAC1F,0.17462642299980008
CC_CB1155AAC7EB,0.14038165077747278
CC_CB1B2FC5769C,0.17703037801110166
CC_CB1BD3C19303,0.1301314582132508
CC_CB2423DD4809,0.8211644201143738
CC_CB33381406F3,0.5390034388242544
CC_CB3CBA971E97,0.11410109586018771
CC_CB45CB5C940D,0.14050330785353787
CC_CB4A2667F8CE,0.14904910779674702
CC_CB4EA92BE238,0.05553613300507737
CC_CB4EE5CC0B09,0.17577379876927704
CC_CB50BDD92A4D,0.13672223381532103
CC_CB6A55831080,0.20797831995393504
CC_CB6CE149111A,0.19678422605191687
CC_CB6F9DA78019,0.12912230720763473
CC_CB722FAA608D,0.1318137612837222
CC_CBA786C05C1C,0.7585616064839283
CC_CBA9A6206DCB,0.14178935256541864
CC_CBB7AE2847B6,0.19095951391801183
CC_CBB9DDEAC819,0.042611032602929956
CC_CBC30D127BA4,0.10643845259770619
CC_CBE67EF0D3C5,0.5524570786645555
CC_CBEC318365B3,0.23257048139424918
CC_CBED6669EDA7,0.05149181135919409
CC_CBF1B052FA7E,0.130408046812496
CC_CBFC7EFF2F94,0.1373991728856737
CC_CC27394B5E35,0.1278159369914409
CC_CC2A7B3D7A55,0.1512214502336992
CC_CC34B2523794,0.1447495001212949
CC_CC34E9023873,0.5830966902490718
CC_CC37D81F02A7,0.6122598942864592
CC_CC4822AEDB83,0.6501364337406688
CC_CC5D6CAE5ADB,0.10656950259896492
CC_CC6D27804EF0,0.08563722013032747
CC_CC71D4876B90,0.11252659362142808
CC_CC75EA7F2C8F,0.14865388562643356
CC_CC9214A5C0CF,0.09533418414633275
CC_CCA2B8D2446C,0.23330296274492673
CC_CCAB3E56FD92,0.11707697043733312
CC_CCAF321D46D7,0.07265832112327551
CC_CCB46EA56584,0.15592840985383602
CC_CCB60CB8754C,0.16283760515911871
CC_CCD759553325,0.10323055582908515
CC_CCDC28D49832,0.11789724322175289
CC_CCE55029E621,0.6093254424907277
CC_CCEA133D7268,0.6667004725145864
CC_CCED6CEBC3D6,0.23305013174816736
CC_CCEE76415B51,0.36500290231451393
CC_CD1326D52AE1,0.7180229300825618
CC_CD35EEA81CE8,0.2896897435327987
CC_CD373485942B,0.1102694094534256
CC_CD379DD39658,0.18197493744909096
CC_CD37D5CF0EB0,0.16839365929625905
CC_CD380545A7A4,0.05116250491027143
CC_CD3A378249BA,0.29466102965627705
CC_CD415B1C7741,0.08693226153359605
CC_CD4976814F28,0.07434380485038454
CC_CD4F5F1C357B,0.1768884870297039
CC_CD54829713AF,0.14701359477817763
CC_CD5E3556D5AB,0.12135529879564401
CC_CD6C797F3C4F,0.11421120377865236
CC_CD7BA8F6C4BD,0.08811418027874948
CC_CD8352F0478D,0.17657187377996658
CC_CD972E578564,0.8623267564137428
CC_CDA1B20179B6,0.13599940695176446
CC_CDA2A36B81B4,0.21253583252860406
CC_CDF6354EC332,0.07940870698155333
CC_CE01E17132E0,0.0854347037979327
CC_CE1280B30475,0.13467650137164502
CC_CE134F878294,0.04866160961948819
CC_CE229894AC00,0.13686882906841158
CC_CE26907B9D30,0.3161344137934712
CC_CE2755B42DAC,0.08160589489386746
CC_CE2BD7F74421,0.32896472509350067
CC_CE3784121355,0.08388724374640087
CC_CE41F9FF509E,0.19829262522551838
CC_CE5AF0E9A157,0.07615311335279697
CC_CE5EA019DCAA,0.14181482816096883
CC_CE6460FE39F6,0.10735965040574721
CC_CE72D1734761,0.5871220110760529
CC_CE7FC560768D,0.38379240510525575
CC_CE871DB3950F,0.3388791848515268
CC_CE8D1564C4F1,0.12643763136005115
CC_CE93240526A9,0.1799883530759189
CC_CE980FCAB154,0.28146369551770634
CC_CEA0FAD348F8,0.1481230526321468
CC_CEA369A3451F,0.0999878417238914
CC_CEBA67081418,0.18152002833026767
CC_CEC0C00FE770,0.3971264587690649
CC_CEC3B21D2982,0.2803924358679463
CC_CECEC680F701,0.2186467577335997
CC_CEDB263DB07B,0.0463116133288406
CC_CEDF9C14DC79,0.24480556912255286
CC_CEF23255BE06,0.13129721440342207
CC_CEF8C71C4E8B,0.3833129985562159
CC_CEF91FDD41AE,0.26746845351947224
CC_CF0B68684C3D,0.09980948037839585
CC_CF149865368F,0.07435176920319465
CC_CF2A7A5582C2,0.1637510919750075
CC_CF2B3E37CF2E,0.27994090158315105
CC_CF2F163CE005,0.17554963014480576
CC_CF3C063DF626,0.21099011831763587
CC_CF3E91DB8220,0.32998494486900354
CC_CF3FB5744443,0.7474154534662693
CC_CF4991B8EFE9,0.13753378216847767
CC_CF53FD3AC9AD,0.07791820662390271
CC_CF5A140B279D,0.16121298463795303
CC_CF613A7162B6,0.2423546729383555
CC_CF6A8A460B19,0.11292409516984371
CC_CF792E77A16D,0.14614286018875905
CC_CF7BAF373E0A,0.10869313628548094
CC_CF8B1D0015C4,0.15283491247914147
CC_CF8D0517B79F,0.10664837407925513
CC_CF92037ACA93,0.1554343968625356
CC_CF960A300F40,0.2820364644457835
CC_CF96B6335E6C,0.16223030010859757
CC_CF9880D67A7D,0.16701035733565836
CC_CF9B249283A7,0.802996889831627
CC_CFABF7407978,0.21796902019217668
CC_CFB2AE99EABF,0.14811645036555401
CC_CFC0BC440771,0.08485474590071716
CC_CFC235739F25,0.475866779376546
CC_CFC6E8954325,0.13262897632282006
CC_CFD37EDB214D,0.23286512607506638
CC_CFD93C04478A,0.6237842912218505
CC_CFE0AA5381FD,0.7827865113004129
CC_CFEB021AA137,0.0780152701986872
CC_CFF6E2A6A3F9,0.15747551114208352
CC_CFFDC4947256,0.1381520347823757
CC_D009368CE434,0.04070114231143316
CC_D02E59E08B02,0.06173401531727565
CC_D03848B7353E,0.10317829714248557
CC_D03A69B1563D,0.15440713481271756
CC_D0576802096E,0.11509447521362659
CC_D0582E0F3440,0.09238149567887924
CC_D059D0BEC5D5,0.3097263398093017
CC_D05C4A8F2A25,0.11743909518588563
CC_D05FBA9B9040,0.7841709894015624
CC_D0653EA71CAD,0.12304810785101436
CC_D076A984B786,0.09491680424495633
CC_D08FC2D99CF5,0.16159181148508
CC_D09942A02904,0.11420735243082294
CC_D0A8EA2D37F2,0.1399459209368147
CC_D0AAD35C800F,0.033982444095029075
CC_D0D666EC0244,0.09909269619445393
CC_D0F3F68F4452,0.5123865405070411
CC_D0FBDE8ABAA7,0.11750493441873354
CC_D103D50237D9,0.1421830280259762
CC_D11E5A30CF3B,0.2512206632458908
CC_D122B30AE7CB,0.4888361680155955
CC_D1679B40D83A,0.1215819610512388
CC_D1760785D631,0.21400885718316678
CC_D18088587757,0.1714986070086484
CC_D184160042B7,0.3141653136688361
CC_D1886485E8B4,0.13720565150815084
CC_D1893DD5B4D4,0.12697567744994262
CC_D18B60E035CE,0.8111833262287743
CC_D191D099789D,0.10992029836501595
CC_D1BDB41E7FF6,0.09118509221945016
CC_D1BE2E6E9C9F,0.12863208791533656
CC_D1BFB29BF61C,0.07045321287629146
CC_D1C259F80E13,0.12341429643740681
CC_D1C63DA9CA93,0.1271397596215765
CC_D1C931E4F305,0.1329974778583986
CC_D1CE25F271BE,0.09946555421565365
CC_D1D2127A0C67,0.11291675770501414
CC_D1D31EA359F4,0.1330439379881694
CC_D1DB888BD9B0,0.14440643593347727
CC_D1E82B9DD102,0.17617508179654345
CC_D1EF68A649AA,0.1481405179820726
CC_D1F05E69F80F,0.13964473398291338
CC_D1F6FE158DCF,0.1660816503403847
CC_D205612FD566,0.6774603207292849
CC_D21474C31E3C,0.6713311558848268
CC_D2195A061A0E,0.6431456590990612
CC_D2199CC1CB08,0.034986935599685826
CC_D21FCD9DFE53,0.5088365178039126
CC_D233B2C8062B,0.35846541506237406
CC_D234CF2C21AE,0.6748320987343083
CC_D2373015DF41,0.08541729972985379
CC_D239CBE1012A,0.1325826095045162
CC_D2591377E980,0.8345281337514011
CC_D25E25C831B5,0.11010645131730688
CC_D262BB13DAAF,0.21042322564206728
CC_D272BC699F38,0.07738939484621804
CC_D2813C835750,0.8210438522056974
CC_D285B0D67016,0.03275094162848942
CC_D28FB525E310,0.16225039129695518
CC_D2AFEE04E96F,0.033926264239352216
CC_D2BBAA423304,0.14360665584462184
CC_D2BE8B4011D7,0.02987172101054378
CC_D2C49D2FEBF8,0.23979906087815786
CC_D2D09498D333,0.17320986478527609
CC_D2D187DA334A,0.17868852623231343
CC_D2D47A5386CE,0.14055293632229593
CC_D2E98F50621A,0.06856837133741381
CC_D2F265035F0A,0.0962528815258342
CC_D2F91355C6D0,0.12613613684427527
CC_D2FC934F8324,0.16195176763594987
CC_D3044C67CFFB,0.029715632811904025
CC_D313F2C49E46,0.22779522176419054
CC_D31FFB053D60,0.13703229857605664
CC_D336DB6323BB,0.2894879110723753
CC_D343A7CBA377,0.12707713520326874
CC_D345AF4C4B61,0.09490444409935742
CC_D34FA9410740,0.15079406339314208
CC_D354C5D1665A,0.11820728252177194
CC_D35E96480AF8,0.16182251535110495
CC_D3616386D6D2,0.16154425965691602
CC_D365173E852D,0.8724600146994589
CC_D3683C6CFC5C,0.5949539869167776
CC_D373463038E0,0.08971973319592255
CC_D379CF8E3FAB,0.8250667247203005
CC_D37B4CA7F3D8,0.0862767944017505
CC_D37B5B3CA4BE,0.6580151743951602
CC_D39265D7B6C9,0.11769512818320593
CC_D39E3F732408,0.11581148866745611
CC_D3A7B21165B3,0.20413980062476383
CC_D3A9028A4660,0.024311638829062187
CC_D3A948322BD5,0.7474697444719701
CC_D3B95DB5E6C1,0.29784767979125365
CC_D3C8C5014D5C,0.22149085975490465
CC_D3D80929AF52,0.11991534672018335
CC_D3F25136073A,0.12821019358566577
CC_D4102AD032BE,0.11767455810669544
CC_D416EFCEAD89,0.11890808894789597
CC_D41C5030494A,0.6521602508237909
CC_D42E477596A3,0.07972998735383303
CC_D432C89BADA8,0.1454533859806048
CC_D434638E9569,0.11377343120935725
CC_D4518F98BB77,0.18399105463183316
CC_D452847F2A4C,0.037706225208459405
CC_D454056F92E6,0.17559516418675877
CC_D461FB973AB2,0.8071484411943729
CC_D462250B13D3,0.45800511957694784
CC_D48E686A834A,0.6322397209658491
CC_D48FFD985E51,0.07810571992490338
CC_D49263A1BDF7,0.13127433363599342
CC_D49668C65C33,0.06897991538857594
CC_D49D9C57A849,0.10559998895771071
CC_D4A029A150E4,0.12249910989587412
CC_D4AC998C0BC8,0.7224348660952995
CC_D4B02AAFC697,0.13116055686408892
CC_D4BDF0F4FE9E,0.12763592857850206
CC_D4BF2778371B,0.20907008448663866
CC_D4C0F4DB3501,0.16011220223390665
CC_D4C6DD8A364F,0.14022297173802092
CC_D4CDE2A1E174,0.1386281593976762
CC_D4E7EE35695B,0.15862024166830807
CC_D4ED652E86DF,0.1508665034203279
CC_D4F844B54B84,0.07071831225704553
CC_D4FA0055DB4A,0.02476725490884314
CC_D4FDCBAFEC74,0.6931593346142338
CC_D517D90E105F,0.08636294737195646
CC_D52B87A01028,0.19656002899246172
CC_D530C3D1DBF8,0.686219841323733
CC_D5327E41EBA2,0.13647282828326268
CC_D53C8BCA531F,0.09888969307587445
CC_D540C7ABF683,0.7848832462899429
CC_D54105FC1349,0.3317406269152933
CC_D550CE8B9313,0.6480970403401495
CC_D55C5B432387,0.13853681784610447
CC_D5646FCC5E14,0.5906621001742829
CC_D56F34613338,0.13819756584156653
CC_D573AF0F1674,0.10818332510141213
CC_D586E2C2B3EF,0.13753223019561236
CC_D589E388CA02,0.11144884322163039
CC_D58EBD954E68,0.2513010974323507
CC_D59AFE884BDD,0.5581290179093475
CC_D5AC596A85E1,0.16723667625169444
CC_D5B99B578573,0.05724894469430735
CC_D5CBF4A4D3B3,0.09098798780074621
CC_D5CE05EAA837,0.20794997090907474
CC_D5D36A6C8DB3,0.10151822982594681
CC_D5D8D545736F,0.1357145147297975
CC_D5ECFAF8C1A3,0.11228130810933755
CC_D605715F737A,0.20946287698943927
CC_D617428B4B0E,0.17257042172202802
CC_D61E8E5C4414,0.13011958321524783
CC_D652B5F05769,0.17479071140124885
CC_D6564D0CB9A8,0.1616152240955121
CC_D66183657419,0.10859518223795786
CC_D66BDD3E1AA7,0.197299624533017
CC_D66DA331534A,0.10024711218432275
CC_D687A780C0E6,0.1196945483586585
CC_D6AE871A4C9C,0.11387666516139956
CC_D6B7AF1FBDD4,0.5074074894661444
CC_D6B874308353,0.519250020688025
CC_D6B8F47FE484,0.49323220703358295
CC_D6CB1BFDCEEA,0.15029652810057678
CC_D6D47D7E1C51,0.06638156831333707
CC_D6DE060699C6,0.18742690203654994
CC_D6E06014457F,0.8487011806310258
CC_D6E8E17EA449,0.31565430253841104
CC_D6F216AB1C4A,0.16285090677984085
CC_D6F5E3A51C8A,0.10026287817368604
CC_D6FB3B76D7A0,0.5975006332747625
CC_D6FBCD4BA3DA,0.17391706514775485
CC_D70918916097,0.5946655934271065
CC_D73B1B9B81A5,0.11712247403629227
CC_D73E9E24BB48,0.1272446919703214
CC_D74AA0F20466,0.16593205705121142
CC_D750070C44BB,0.8444156979591835
CC_D7529675CB7D,0.12567839062254318
CC_D75C8CDB510B,0.730706932511435
CC_D76009C47709,0.3666175383428845
CC_D771775A58F5,0.1769030656015968
CC_D77F9D613EF7,0.23911460881447547
CC_D7999C3EDE22,0.19899118855494638
CC_D79BF1D26499,0.12678316524025698
CC_D79C05885899,0.0920303285659014
CC_D79D4F15D10C,0.09133863598764552
CC_D7A11E3512D2,0.11563890059125455
CC_D7AD7A7279C4,0.1710754068909628
CC_D7B35055AF0D,0.13539178349449318
CC_D7D99409D57E,0.17553873498623668
CC_D7E403181D8F,0.1989127599522298
CC_D808C7BA9399,0.18383199420050733
CC_D80DE8B544F3,0.07506489204567347
CC_D81D19AEFB77,0.01658582892620534
CC_D81F317F6384,0.12177869205849227
CC_D844D9DF962C,0.11658009593351669
CC_D847D978387D,0.0826066567521616
CC_D85C7B85C440,0.22102170809660027
CC_D885591596E7,0.1124575044518216
CC_D887D07BDE23,0.11537727435781212
CC_D88ACC0CFDA5,0.13946604050501304
CC_D88BDD0F510C,0.13287412453055247
CC_D8956424CB37,0.3046045944892013
CC_D8959BB99A7F,0.24861280925995288
CC_D89A9A14B5E8,0.0992192853252774
CC_D8AD01F3CCE7,0.08691617584167467
CC_D8B4122DC296,0.12317573867386154
CC_D8C38B187875,0.7800460635034089
CC_D8E55509595E,0.09404690943143673
CC_D8E6B90C37A3,0.13207293429028347
CC_D8F1AECFCC2F,0.06503351576115808
CC_D8F7672C70D7,0.09308943065715253
CC_D8F7E904E7DF,0.19517557371708005
CC_D8FEF1C99F88,0.6944787307993241
CC_D90761F9E9C9,0.4733404158748575
CC_D90D9D5C8FEB,0.08285562865398591
CC_D912917A4F4E,0.6611805528616473
CC_D91ECE64FD0C,0.1489392612098645
CC_D9325E5695D5,0.11388062474974074
CC_D9563654A397,0.30048712625255786
CC_D95766A6C24F,0.15006227579671044
CC_D95939B1BBFA,0.10423592129975734
CC_D96729C38BC9,0.13358735363795635
CC_D9791EFF766C,0.1686450741806696
CC_D97AA7C54F6D,0.11355313365514322
CC_D98BA5CE8EE6,0.3464444430121503
CC_D991DAD5413D,0.11836458631576088
CC_D995C89AA359,0.09270220314909569
CC_D9A54F55AD6A,0.12347631323118298
CC_D9B87A96C353,0.2791438361556098
CC_D9C42B0B6A0C,0.16401565364792778
CC_D9D487E78FAF,0.6260322093374726
CC_D9D744A66B09,0.11572155690638644
CC_D9DA3F6E2E7E,0.15035026483031738
CC_D9E5792258E4,0.11025639395040007
CC_D9E6B9CBEB77,0.11600934088436766
CC_D9F0CDB02AC6,0.13223535734520198
CC_DA0201D1BCF2,0.08400592784953725
CC_DA0500AFE692,0.1192857798185366
CC_DA0E0BD3880D,0.38366330528083303
CC_DA10F53AE655,0.5926350183276626
CC_DA1643A835A2,0.13305140730023637
CC_DA1C5BAB7E35,0.6062638736222544
CC_DA1DC6A6371D,0.119232937854618
CC_DA1E6B31DD2A,0.6394084368063447
CC_DA1F282809D0,0.025677969352231957
CC_DA226442D919,0.7870586241975064
CC_DA31EC318B1F,0.09724595313092585
CC_DA33597C6459,0.11804104257986678
CC_DA43CFB5CC2F,0.17581420905398584
CC_DA481C72B8A4,0.17011696014533956
CC_DA55447636EB,0.05523679877676628
CC_DA5AE34842E3,0.09294306299677489
CC_DA6880B018AC,0.14239344785612362
CC_DA700A961616,0.13482049953455363
CC_DA7E65F1E6AA,0.16688338147103468
CC_DA80FAA7FE30,0.1268989186249688
CC_DA8DCCC1199D,0.3294696341976474
CC_DA8EA724C1D3,0.5979264635945585
CC_DA8FA65D1924,0.09160546475241264
CC_DA99D1E41C3E,0.10912478763409106
CC_DA9C3BEFD0B3,0.15911689445002328
CC_DAA3B7FE1C62,0.12190196559206207
CC_DAACE4211B34,0.11219788498033248
CC_DAD239E56638,0.7551701838889857
CC_DAD4BC090253,0.116376070054785
CC_DAEDBA26BA12,0.2823004545413518
CC_DB1EB08EB40E,0.13670362892475524
CC_DB2314ED6960,0.1058448758003776
CC_DB25E05EC5CD,0.5308930910372363
CC_DB3BE0C87882,0.1132131099786817
CC_DB44628BC147,0.15944107180446188
CC_DB562E602BA8,0.12415587419019855
CC_DB61D7F5F8F2,0.8388848501352836
CC_DB6498598C32,0.18700161835508586
CC_DB6B59FB6E30,0.061808705398566505
CC_DB801B947698,0.24851637563114648
CC_DBB8C467FF1D,0.13780397625893884
CC_DBCD21C2C322,0.11050927173577406
CC_DBDB148E45DD,0.18952646082693841
CC_DBDF9BFA7E87,0.1144393276938007
CC_DBF5CD2D854F,0.1107877822931355
CC_DC0077DE6E39,0.16224604195048173
CC_DC23159A1F99,0.09113978794242789
CC_DC2458827FD8,0.1420073138743757
CC_DC2BE35D58AC,0.15471983823359958
CC_DC49C8D3F7EC,0.34511021007590786
CC_DC5DE66826E9,0.14525912629516635
CC_DC6063FC6464,0.10826409628048617
CC_DC771AE1B4BA,0.6263999836709224
CC_DC7DEBC30E17,0.37868016981138464
CC_DC978F3A711F,0.7642428287712877
CC_DCA2140C7BC4,0.26430193705606114
CC_DCA5CE7C9DC3,0.11625379903039847
CC_DCB5798049B2,0.12236563037626254
CC_DCD10C95C942,0.47489293577764385
CC_DCD145E8E729,0.21273050411427338
CC_DCE0BFC03B86,0.04177233866687723
CC_DCE75AE2FB52,0.05045103136848818
CC_DCFCEEF21BA7,0.31929904351145894
CC_DD12A8C462FA,0.11837949745175155
CC_DD14867350AC,0.1271575848268862
CC_DD232BC8881D,0.1667522274771316
CC_DD2473D34D68,0.18950537717689503
CC_DD2B5C4CD318,0.11527372483333662
CC_DD4EC06C3A92,0.221029863194838
CC_DD5299DA8C1C,0.1244733513995949
CC_DD59BFF18ABC,0.13909872793760145
CC_DD6777E1B05C,0.16854602139873592
CC_DD6EE1501B89,0.05773882176706555
CC_DD78B52AE022,0.1594295698542839
CC_DD7983A07B43,0.4658099608225637
CC_DD80B5CC495F,0.12805450351805822
CC_DD8956B71825,0.7482267670312839
CC_DD8D40E7E2A9,0.18564300307036297
CC_DD9972D0B63E,0.13822822334369006
CC_DDAE70634ED3,0.11613753786121747
CC_DDB4A9FF2B03,0.17682374666182074
CC_DDB68302DA2A,0.1324628789381322
CC_DDB9DEC9C037,0.10831669848048125
CC_DDC610D2B2F0,0.0859457423369105
CC_DDCAEC6BD9F0,0.21731360038188624
CC_DDDF665EBD93,0.16422319836707308
CC_DDE66EBF2157,0.13083189688037325
CC_DDE8B7E9C7F4,0.349651792633344
CC_DE019FC36D28,0.3686208873533994
CC_DE07076B04D5,0.13922742379671235
CC_DE07AECD2361,0.03838910280150123
CC_DE08A4514010,0.464750311672639
CC_DE093FAC5293,0.5187193081304375
CC_DE17BC1C2324,0.04525711815278665
CC_DE1B13B3E504,0.08150404476024342
CC_DE4264861B73,0.11673851977574012
CC_DE4810B88C51,0.17414673265176261
CC_DE4EE8A16896,0.15884981806497203
CC_DE523A2403BB,0.1709398602195295
CC_DE52860CFBBE,0.15466170911928898
CC_DE593193FB9C,0.16290193990964316
CC_DE5A9B499ED4,0.1474534589018804
CC_DE6AFFA63ABD,0.1292764704621465
CC_DE7CEC14CCD5,0.5858007856803081
CC_DE7D7B5BBB14,0.6137990647508682
CC_DE81AAB7BF48,0.07674840369266421
CC_DE8956D433E2,0.7474384522553448
CC_DE8FB8D1CB71,0.14945058043494933
CC_DE90D07B269D,0.18058757348951554
CC_DE9A62529780,0.25750246157674367
CC_DEA425EA8441,0.12045366649097383
CC_DEBE01582EFF,0.12220626195281406
CC_DEBFD4E79A38,0.03871844382794706
CC_DEC97F13CB8C,0.18272987365624183
CC_DECF1507C86D,0.12439767813454478
CC_DED24C8D047A,0.1555113291361789
CC_DEF4AEBD31C8,0.19655777404089742
CC_DF062F698349,0.13984689993806404
CC_DF13D5CB626A,0.13484182925356017
CC_DF15C526CDC5,0.08614215348221924
CC_DF1F6C68F7D2,0.1261734172245051
CC_DF3EB88F509B,0.1251457226445878
CC_DF4E332C886F,0.052427551077941184
CC_DF514171DC30,0.1359112610062872
CC_DF536CEAE5C0,0.08480617358333757
CC_DF5806CC2CFF,0.1441059219434707
CC_DF715690EF20,0.18570697695305982
CC_DF718A37AF15,0.14663991433914592
CC_DF7276DD74AA,0.11542619067734446
CC_DF750B2D6872,0.37394782850427205
CC_DF9FB6670627,0.08951236106019936
CC_DFA65A0125D9,0.09847910570025056
CC_DFAE355359B8,0.15845204273004018
CC_DFEA562F7BCF,0.30059719585850064
CC_DFEDAF0F0D6E,0.0470515478052329
CC_DFF6F74C64B5,0.6008936303707407
CC_DFF87DF16763,0.12857751410430449
CC_E00D8ECE9FA9,0.13379222077604666
CC_E027E36615C0,0.4059805404863502
CC_E02E23CE49A8,0.13073220693855614
CC_E030B3AEBF19,0.14986029965935757
CC_E031A4C862C1,0.2191308587827349
CC_E0339B331F4F,0.11745818009943483
CC_E038981B2FEE,0.1294433498519973
CC_E0463868968B,0.16104347590808463
CC_E05A8621B581,0.3330955253169761
CC_E07FB0312232,0.14462292182902226
CC_E088594E0624,0.17750837708559689
CC_E09AC3B1E534,0.1404807473664592
CC_E0AC29AFCF97,0.1397774980948432
CC_E0BAC6E0D0DA,0.04728573516844641
CC_E0DDDA07F0A1,0.05184743138162218
CC_E0DF45AB72B6,0.146297610344433
CC_E0E1F8E7379E,0.0388552290414341
CC_E0EF095444A5,0.13424150501340842
CC_E102E4F7F8B4,0.18768779236199934
CC_E109B4CA6A8D,0.11769645573101886
CC_E11470A2D92C,0.43396769996594836
CC_E117B8A6ADC6,0.034319042585596336
CC_E128015073F3,0.11583121194026232
CC_E131D5EB9237,0.20601812625269392
CC_E14A24095E9F,0.047779965783436476
CC_E14CADF89123,0.5225660863862457
CC_E16876025011,0.09280157472743594
CC_E16C71C15D04,0.5972780958072071
CC_E16F1BB83653,0.09519751208202373
CC_E17448FB08EF,0.6390947776857778
CC_E17AAACEB07D,0.10400137842144713
CC_E1875522DC57,0.1319507396730795
CC_E18A0734641A,0.11603572613686901
CC_E18A22453843,0.12953450331304678
CC_E1B4E3360C0F,0.1780722265579586
CC_E1B5AE645169,0.1221135494679266
CC_E1B71F6B7DD2,0.16726037020736548
CC_E1D073F693A2,0.2427894514152581
CC_E1EA83C31C66,0.09828034424352265
CC_E1ECAE226485,0.20184454258225398
CC_E1F0C5076481,0.1062414118672177
CC_E1F78CE289D8,0.04225047968266355
CC_E1FBCECE0A54,0.16811311597996406
CC_E1FD46CA26D5,0.13315448953409645
CC_E20E7C7164A6,0.6973173408474068
CC_E211E2698C14,0.059182023623288046
CC_E21B4F587C45,0.12217171636720987
CC_E22A278A1386,0.10432490190962537
CC_E24078C03B7C,0.15386323668371857
CC_E2452737F950,0.1464354627055586
CC_E246119AA09C,0.6934427929457685
CC_E246942C7310,0.16802024448609468
CC_E2474A334F3D,0.06025289284839005
CC_E2489637D0E8,0.14590663169173884
CC_E2521AF9C2A2,0.1442752307006105
CC_E253F4AC4762,0.616345206626231
CC_E257805D0F0A,0.16812537728506974
CC_E25A924EDB70,0.1661443142138394
CC_E25B5D5502AD,0.10452357763576596
CC_E2619E24BEDD,0.7487565185386315
CC_E274DAF3C064,0.11859729819083373
CC_E2787CBDFBF1,0.22886849546542334
CC_E28AE2E68BB7,0.6531955364289528
CC_E2C3E272D059,0.3000818759157127
CC_E2D653061523,0.25483042048953064
CC_E2ECDC7D23EE,0.17893522848183327
CC_E2F0E725C3AB,0.1118749876669217
CC_E2F7712CD056,0.17329969821008168
CC_E2FD7FCF0AD5,0.7229235797392246
CC_E308C7DFB2F2,0.12631162059935938
CC_E30B791D5F11,0.231237020014715
CC_E315F7A94400,0.31910524747666236
CC_E31DAB1E73F5,0.05280376991094113
CC_E32034C97E83,0.20714843642586964
CC_E32DBED5EAC1,0.18277778618600585
CC_E32DDDDEE3CB,0.16272172298094537
CC_E343EC3EB052,0.7117855926533916
CC_E34A04E78D60,0.10476725561348185
CC_E3503B565AD0,0.2657130066526573
CC_E356B05ADD56,0.19942611732552007
CC_E35D02BE6780,0.02816450543448549
CC_E369AAECB2B1,0.2881977418275934
CC_E36ACDB4F96F,0.48383478452168693
CC_E36C7F0E1657,0.8290416794169837
CC_E381FD4674D5,0.032427834981472996
CC_E38E3835121E,0.09783860403684123
CC_E3A70438A0C1,0.23759880983407047
CC_E3B5C76189F3,0.14466375784950142
CC_E3B7B7E57889,0.196231336975189
CC_E3CCC0D886D9,0.13462852444522252
CC_E3DD8AD10171,0.292605168223066
CC_E3E230CF20A1,0.12558734477538305
CC_E3E4B2543CCB,0.13758909332351338
CC_E3E5DF01E014,0.24278185938895167
CC_E3EB157288A2,0.1237436465952225
CC_E3FBDA203EDF,0.12502975009558584
CC_E404FCA6CB2B,0.6258368264146499
CC_E4054F9C8442,0.2596986076990662
CC_E405D808772F,0.09410904204843054
CC_E4137B250609,0.31166362811444664
CC_E41482A7E968,0.11002879117396595
CC_E421FA1874F4,0.12400390683478411
CC_E42C38BBBD04,0.1514327308779971
CC_E42D90BFB285,0.10043731519912172
CC_E42EFC05C891,0.11418895216837456
CC_E430F3C75969,0.08511866046233676
CC_E4576D6B6478,0.13858584305958274
CC_E46B27A13728,0.31744414431452594
CC_E4783FB590D4,0.13410223224924628
CC_E489009C6500,0.13254136252504195
CC_E493CB46177D,0.13188496303166383
CC_E496AFA9B40A,0.23397482419073803
CC_E4A2FFE0EE1F,0.18911019549029978
CC_E4C553538385,0.3450762979540761
CC_E4C7B5501ED1,0.11878339907182117
CC_E4C8A5A60F51,0.13457851838886178
CC_E4C94AB69214,0.49220973135303997
CC_E4D75244E8B8,0.12256614956754551
CC_E4D9A8EEDBAE,0.14088301285916255
CC_E4DF787730AA,0.14369691271945956
CC_E4E0DC070132,0.12372251998336231
CC_E4E3C08B7F86,0.0906482115652991
CC_E4FEEB4389C9,0.4309308937401078
CC_E50598344DD9,0.5407111835543035
CC_E50C634A9A18,0.037105674420127605
CC_E5107337FDD7,0.030229134088625605
CC_E511BFCFEC9E,0.6120088964352712
CC_E51318749E09,0.11476800186301332
CC_E53FE6708AD9,0.6361373842681916
CC_E54290FEA34D,0.13717300674831728
CC_E54B723C018B,0.038630729331960705
CC_E554618F383B,0.14691664579955702
CC_E557336955A2,0.13576136177782278
CC_E55B48E73651,0.11375067677125006
CC_E55D8DC645B9,0.10864100140700006
CC_E575DA02C575,0.18641988600212614
CC_E576BD98A727,0.18187739796931618
CC_E578DC77656B,0.21144316709029407
CC_E57F3EAFD9A3,0.11420226430460034
CC_E59A01603B7D,0.23075607025550626
CC_E59B2D974CB3,0.15907957382943722
CC_E5A1C44F0F07,0.6020666510951543
CC_E5A8BDF6BFC1,0.16208111716019796
CC_E5B284DA0E5D,0.14045967196657527
CC_E5B8363BB378,0.6443779008072051
CC_E5D8BFFA5F88,0.038772078620694886
CC_E5DA04902EFD,0.1210955414049169
CC_E5F53CFC20EC,0.1075767573258565
CC_E5FAECE63C59,0.6634673719729793
CC_E5FB6E872C58,0.03489343420066263
CC_E6045565E7ED,0.14540805786293218
CC_E60845ADC7F1,0.11276484378001461
CC_E61567D6B392,0.15117586804092736
CC_E62174AFA94C,0.15970247085268965
CC_E6247DD14641,0.1434517730419576
CC_E6289A61F0ED,0.1280537190091547
CC_E62E32FB6FBB,0.03941813299185579
CC_E62F6BE942DC,0.33158470003741575
CC_E63E49B128AE,0.10806792347747717
CC_E63F89885A3E,0.8212544604941763
CC_E6466E6A92CB,0.3188069739159561
CC_E64BC95F8B2A,0.80627617111627
CC_E64C652BBAB2,0.07065392180814768
CC_E659DB355476,0.09675261275287604
CC_E65C8BA5A7CE,0.13636217374737514
CC_E65F39446752,0.2713220890956227
CC_E67395791589,0.13801813779916228
CC_E67622A69EEF,0.11255678128371081
CC_E680830CAEF3,0.11273364704702453
CC_E6823643AC4C,0.7710909715260827
CC_E683F33931BB,0.14781008341853902
CC_E68841DEB163,0.09583335105596426
CC_E68B2C33D180,0.10577112953637548
CC_E68EE6EC2618,0.07947094873667675
CC_E69508D3D3F1,0.23549844968167727
CC_E698F1348426,0.21660236855290554
CC_E6A178F3709D,0.11901216602201933
CC_E6A4B6E8619C,0.48930691393188014
CC_E6B3887C66BB,0.18781494327683343
CC_E6B6BBBDBEDB,0.2140251513457497
CC_E6DBD0F9DC3B,0.13062202796997485
CC_E6F090F70DDD,0.18750725377694058
CC_E6F2D8CB45C6,0.17183559318648922
CC_E6F8FBEDA2A7,0.1268743860134942
CC_E70854CDFE9C,0.09284135947159697
CC_E71C05F07F85,0.10212917817483588
CC_E72797CABC60,0.08462923498877031
CC_E727C1153226,0.1150456005475372
CC_E73489D828C7,0.13032517634946644
CC_E7355465CE6A,0.004562922028580976
CC_E73CDBC743FF,0.18866472789265526
CC_E74F00E75A4F,0.1088215572448004
CC_E751F7E19192,0.1263687053995667
CC_E7522AD6431A,0.6554591644613058
CC_E7523630D2D9,0.1344910632310617
CC_E767372DD95A,0.5805265118320535
CC_E76C5DFD3BA6,0.25306951391954335
CC_E77326438575,0.13811860557703518
CC_E77E29E11EB1,0.12031143774757473
CC_E78F20B3223F,0.731982247653779
CC_E79A23E64518,0.10865137787009828
CC_E7AC69AEA182,0.8148516376057475
CC_E7B754CA9668,0.08021641907034925
CC_E7BA60365AE8,0.10426915945323666
CC_E7C95D4A741C,0.12547081968388088
CC_E7D3D728EC5B,0.22383873985747782
CC_E7E4D5F851D3,0.08340802453969319
CC_E7EA49D37B64,0.31272102254167633
CC_E7EF11A24F73,0.8418265128263073
CC_E7F6F9A7EC65,0.07143939139757546
CC_E7FBC7F69DBB,0.11922698923448863
CC_E80B1A55A74D,0.14244270422244856
CC_E824AB0AFDBB,0.19848379889752554
CC_E826DAC92D9D,0.177956696539508
CC_E83AB7100D06,0.12974272205100434
CC_E83E6D31EC76,0.18853817639545695
CC_E86650461FBE,0.13597676613228477
CC_E868A3754B11,0.8455274751598785
CC_E86A993F7D05,0.14054624745129882
CC_E87992FBEE80,0.6637788292676602
CC_E87B909C4DDD,0.13669376785642312
CC_E8828BA7EE08,0.11184495340107348
CC_E886157F6FBD,0.2717304824704589
CC_E88711C5C98E,0.14673537067033718
CC_E887680BB6CC,0.15112294093970147
CC_E8909BF77D8D,0.12532002742440507
CC_E8A82DA3A246,0.2847727173327248
CC_E8AC7545DBD3,0.13347696952135676
CC_E8BA6B224C3E,0.10037759237509955
CC_E8C6CA45BF72,0.14558024044441722
CC_E8D2E3126A8F,0.6329967540101358
CC_E8E55DAC4FF9,0.09771716849793521
CC_E8EB77AF3F78,0.8606346648682353
CC_E8F2C6905503,0.12791892674025068
CC_E90831F897A9,0.11694488555200842
CC_E90B14D51185,0.42631024682077445
CC_E9188329C9E7,0.11818324037725862
CC_E91E1C0C0C61,0.7655540061499635
CC_E91E9D34C5F3,0.210573903773872
CC_E91F555DBA96,0.12079994017301045
CC_E932CFF4B4A4,0.21046612169838647
CC_E93643CB34CA,0.17517537620127335
CC_E937CA493910,0.09417138740366206
CC_E9409A50B4BF,0.4724026511808478
CC_E96711AD5512,0.10874483218396404
CC_E96A3E6912B4,0.5378504397515576
CC_E98AEE74B9BC,0.16954331819033422
CC_E992FB78BC2D,0.23352264573506878
CC_E9A3AECEE3A9,0.11946990757069754
CC_E9BDA7766728,0.27767450517507025
CC_E9BF1AFE86C3,0.12690363421912748
CC_E9CA055AD1A3,0.17269770640178592
CC_E9CA0A56E917,0.1927611617655001
CC_E9D3453F53AC,0.5745814098143102
CC_E9D46EFFA839,0.1838136943260705
CC_E9ED872B6037,0.08205322165461097
CC_E9F40C1B559E,0.12835585826518794
CC_EA06928C0AA9,0.19779166069311047
CC_EA0A46F64C80,0.17703695801313682
CC_EA114B15FC04,0.6069032894771069
CC_EA1F3F67BA2E,0.09185255017829706
CC_EA21618614D1,0.8400079137142378
CC_EA26B5A89181,0.16326164247955294
CC_EA26C6C27662,0.1375139885572363
CC_EA3B5AC76649,0.19982862013684807
CC_EA4E669C8528,0.08870444054638116
CC_EA6917E7A5C2,0.7281546083324932
CC_EA8A25862433,0.05849659867268706
CC_EA901D7CA670,0.1519416000415532
CC_EAA2BCE323EE,0.833525438186927
CC_EAA6D5189190,0.12927855814418443
CC_EAAA8DD7FAAF,0.18653118369168878
CC_EAB7408CCE0E,0.19137755868446668
CC_EABEDB3C4827,0.13042391336766104
CC_EAC6D83D1BFC,0.02755417768264598
CC_EAD7F3E9DAD1,0.1248930055232463
CC_EADC7D8196C2,0.24295561654885348
CC_EAE608E24E29,0.06427963481825373
CC_EB05AD2C7C27,0.06923409201600403
CC_EB1DA337E2D1,0.14379894503473498
CC_EB1F425EC937,0.11021621466794534
CC_EB2FE764BF6D,0.1178231324562191
CC_EB55483587DE,0.10518987765755666
CC_EB569B3E2E12,0.5361754964801734
CC_EB57E6E6C96C,0.13954236742096265
CC_EB5A0FE0605C,0.14120661365953205
CC_EB64EC97D01D,0.09596952145267329
CC_EB691249B91A,0.16549958951799199
CC_EB7C50A7D4C1,0.540903146587955
CC_EB7C52FDBEC3,0.13344497021591964
CC_EB86FED24535,0.1845904736747395
CC_EB89DECC2021,0.14078046361304128
CC_EB999F9D6095,0.11642055753436219
CC_EBA2F85924CE,0.09602286235962655
CC_EBAC5A53FD11,0.06348000106396536
CC_EBB109EF7619,0.12827616186448362
CC_EBBD00C18763,0.02289627360900866
CC_EBCA68C7854D,0.19266987011029288
CC_EBCBDE122879,0.11732039467823069
CC_EBDF6C88BBA5,0.12605327144617043
CC_EBEDAC91ED43,0.12888555541631497
CC_EBEEC4183FDE,0.09317141551071459
CC_EBFD9D007253,0.46954799717703694
CC_EC1ABC58E09A,0.18914456431022886
CC_EC26EABA68DC,0.8040781338240355
CC_EC2A485A3E71,0.11194042519746263
CC_EC3B9E2FE47B,0.07765058966694563
CC_EC505F03EE5F,0.04679206298157326
CC_EC5317EC6706,0.13208251160820964
CC_EC5B7FBD1EA7,0.13728014891504753
CC_EC5C7471FFC5,0.18098802222553567
CC_EC5D92B3617B,0.1331066083806503
CC_EC5E214BFED0,0.763316314833767
CC_EC6406527201,0.08179442125612225
CC_EC79022358C6,0.32105773964378953
CC_EC831A90189F,0.1155489228091188
CC_EC87C131FADC,0.027014183819935336
CC_EC88785D6F39,0.17352347780716768
CC_EC9173F5284E,0.0486653303888683
CC_ECB7B3B6272E,0.13539876257909236
CC_ECBF4CED56D1,0.15449199748986742
CC_ECBF80B94EAE,0.8138559095174992
CC_ECC78B7AE3F1,0.5977486239897596
CC_ECC7E9E691F5,0.07993611291845218
CC_ECC9235F612E,0.1601120419191648
CC_ECCB0BD557DC,0.0866711503445623
CC_ECCCB1B4EA8F,0.14464888609101667
CC_ECDDF4983DD9,0.10245868068244628
CC_ECEE93C4F564,0.6160994292758358
CC_ED07BD8B2CB3,0.0931132913798536
CC_ED0F4A02A01C,0.1829651367934278
CC_ED11D72A1D3B,0.10222527243806245
CC_ED165FC5A06F,0.08923550231748341
CC_ED2B6A40ABC7,0.197243519795839
CC_ED390F22A931,0.08694126800093542
CC_ED40E7CE5177,0.15294162264634173
CC_ED4E4B13DB1A,0.0772631878094439
CC_ED4F22572419,0.18333321740004047
CC_ED5AE5CB1DC5,0.04303758702112494
CC_ED6090A4E6E4,0.24101606426395547
CC_ED645D91E6A5,0.14672286069993687
CC_ED6B045B6075,0.12445110734892359
CC_ED9313C71C57,0.12419744062319597
CC_ED9BCE7C776F,0.7056238184799185
CC_ED9D4644716C,0.0876970909589838
CC_EDA794402358,0.1852663406205163
CC_EDAADACD4DED,0.18681907324088784
CC_EDBAD2E989FB,0.12004689414136153
CC_EDC98B474E76,0.2618460686623118
CC_EDD1FD49A66A,0.7528539845341772
CC_EDD448008C0C,0.7895805979385719
CC_EDDA3B790095,0.1217980972077255
CC_EDF95BF0E3D6,0.15851260188303054
CC_EE03D7C2BC69,0.11976062009198601
CC_EE0D95184E81,0.05824773969401692
CC_EE0FF690C214,0.4688209997488836
CC_EE2412C352D5,0.14311835428162883
CC_EE2A010019CF,0.11618441442607691
CC_EE2AC730827E,0.10626050043153154
CC_EE3236E6A9FD,0.15167071291398965
CC_EE3759EA49FF,0.16434016646146665
CC_EE38C78AD88B,0.3668208452451903
CC_EE3CE0FD6B77,0.6669043419545937
CC_EE6B7E58FC63,0.10079480906708392
CC_EE6E02464067,0.17642017758318676
CC_EE6E1FA7A753,0.11762036292095854
CC_EE6FCE6C233A,0.21333105026638635
CC_EE88C07B9333,0.11309140738683059
CC_EE9004165810,0.12416255930622282
CC_EE9BD17AD343,0.10189229194706526
CC_EEA608D5A455,0.1353278658285436
CC_EEAFDB1BB486,0.45988818161471995
CC_EEB482736C41,0.11595596752222695
CC_EEBD9DA093E1,0.07987504414082999
CC_EEF23DDD2262,0.21733493926390896
CC_EEFBDC9AD94A,0.1161472273087186
CC_EF05000895F4,0.426725192267465
CC_EF16B2CE0988,0.3217861532269093
CC_EF1DD3F0CBDF,0.114985781108208
CC_EF2D82085BB9,0.10401329850755373
CC_EF2DBE79D656,0.2635889227937178
CC_EF3000C48A4C,0.12420625872756987
CC_EF359AF608EA,0.03355044386277758
CC_EF362432D758,0.20923060385639294
CC_EF548B30F1B6,0.11806156527286564
CC_EF5B403DFD7E,0.1815864444413665
CC_EF66DA0DDF9C,0.15166373946897405
CC_EF70BA4AEEC4,0.2025361236465263
CC_EF83DD56FCC5,0.08546061858017721
CC_EF8B642A6F8D,0.15014467599079517
CC_EFA1EB27DA19,0.06475336845685725
CC_EFAE84EA9BDE,0.10528385290275788
CC_EFB26BEA106E,0.27281064841576486
CC_EFBB51CD8502,0.07809055171993373
CC_EFC18E9B3B55,0.09729195188741244
CC_EFC4B0020E2D,0.1621248502356456
CC_EFC9FA5108D9,0.12628545086159484
CC_EFE45D9B9D9C,0.12287595113244353
CC_EFF27FA98DF1,0.1443386812568339
CC_F000DA497736,0.1845792055655695
CC_F00107DE219E,0.7155666617565495
CC_F009FC54A64B,0.8511815575617113
CC_F01DF28C6BFF,0.1471169347267812
CC_F037C91F63BF,0.1512726018135148
CC_F03FADA95A03,0.8134203581030361
CC_F05235F3C894,0.1100473098104627
CC_F0649FEBFEB8,0.2622368599888945
CC_F066C78B5C0D,0.16541648047188195
CC_F07313626618,0.6293375734209945
CC_F0783F6A56F5,0.8225866487319745
CC_F0791523691A,0.16032146795418872
CC_F080750455CE,0.12807008231720585
CC_F0809EBB0B51,0.042518589428510514
CC_F08259F86E23,0.18953274681476057
CC_F0929F859702,0.17446678732476803
CC_F0A7203CCA39,0.16963031787700864
CC_F0CD4DD9C63C,0.1245584609709596
CC_F0D29AD328E5,0.1608795763632205
CC_F0D339E5B80C,0.08606117430193502
CC_F0D3BC14FA77,0.10279675999313295
CC_F0E16D28D49D,0.14712530302456844
CC_F0EBE2C00A7B,0.029400462554529147
CC_F0F137758DC2,0.0942236995894732
CC_F0F6BD40CA43,0.2703298790789106
CC_F0F6FCF6010F,0.18923775838411946
CC_F0FBC9D4ECA1,0.07442531159805145
CC_F0FEE924096C,0.21914449521206797
CC_F1074E035DE6,0.09877060078296288
CC_F108D26930FF,0.40603936217955305
CC_F10DB853B9DF,0.20251349259541193
CC_F10E06D52D76,0.11939171271782796
CC_F11F5F477B91,0.6142184056802976
CC_F14913B5BE1B,0.7962471620708483
CC_F156C1647E3D,0.1284680590489426
CC_F1598097E314,0.5978273704214874
CC_F1641E3AAB3C,0.10349140412292832
CC_F166878FB959,0.09757865623338818
CC_F17540FE7C9F,0.14739312494957565
CC_F175BB08B29E,0.14785021019646427
CC_F1782AF286D0,0.31744718698096225
CC_F1796AD4B774,0.6551013781769275
CC_F17B3A3A5E56,0.653888101420154
CC_F1858D6F0080,0.1518739574118311
CC_F18689FA8E29,0.11454039704632696
CC_F18A82B0F153,0.14139964977659247
CC_F1AE7142A128,0.16470264335960036
CC_F1B43DD57C9C,0.12089286828986874
CC_F1BCB7676492,0.12991581291801224
CC_F1C8B8BB90AE,0.1232302656353588
CC_F1E044CD2D75,0.268160155697169
CC_F1FCB96B5E14,0.19337737966271212
CC_F2067E92A939,0.23928744192762189
CC_F21512554CC9,0.11195023997342966
CC_F243956B7575,0.16893259726042933
CC_F24FBC9FD3F7,0.2918636389509161
CC_F252EB3F208B,0.10942849538927334
CC_F25D793346CA,0.2177751793602896
CC_F25EB1ED5AD9,0.11271380139285936
CC_F265A0AE845F,0.709436477027258
CC_F274BB4AEBE0,0.05151613024560913
CC_F28BF2185131,0.03331354091985211
CC_F29077E45AF0,0.16538953109284435
CC_F2988560CAB8,0.3546792500615945
CC_F2993AB36C56,0.1305594052374434
CC_F29D6C65779E,0.11859254238440724
CC_F2D2BADD0000,0.12781227737625867
CC_F2E4AEB73D57,0.1306427224746728
CC_F2E630BAF431,0.05042539539358174
CC_F2EFCB40AE74,0.14479299033399803
CC_F2F085891915,0.8653663182464632
CC_F3030E2C80A0,0.17582787930995297
CC_F3044C7C16BB,0.11868815840743817
CC_F30B21CB4603,0.15619423786189682
CC_F3140FCE870A,0.11007301883485035
CC_F32A84B321FC,0.15098890927834266
CC_F339FF584607,0.2576065097407724
CC_F33CEE0F6DBE,0.3779811280587818
CC_F33DAF3E9CF0,0.12785190404768584
CC_F34EC3FF202F,0.10581543549554308
CC_F35A6C383B39,0.15677616284994508
CC_F360E0FF27CA,0.11244018065832422
CC_F36B7AEC0086,0.12769200906546885
CC_F370665BECB8,0.45725654782010017
CC_F373A60E53E8,0.043547181413464954
CC_F373BDAE18B2,0.11176361950545281
CC_F3745BC63340,0.1172130766732138
CC_F37DC9169301,0.19224081260303483
CC_F394E57C5243,0.15860924789837705
CC_F39E98FD418D,0.11748127872048911
CC_F39F51452381,0.09799035241815467
CC_F3A52465664E,0.12090445755658555
CC_F3A8CF761A0F,0.15585215615639222
CC_F3BF1709E29A,0.1963580073332751
CC_F3BF72C29211,0.10546338363702748
CC_F3CF35465CF1,0.09896330624374819
CC_F3E2186DBD4F,0.15811142513027238
CC_F3F0F9B9B56E,0.12355936464915007
CC_F3F185395BE1,0.08151275444331918
CC_F3F68E6599E7,0.03804018016856679
CC_F3F7763C9DFE,0.1614973911494328
CC_F3FFF13592CE,0.12470715525712166
CC_F410C3CE89E1,0.1162140049076499
CC_F410C8B811FE,0.13363229344823607
CC_F4132072D78E,0.09061616912879142
CC_F4157B8E5B32,0.5516435010916896
CC_F41CF067E828,0.13996340459903692
CC_F41DC456E539,0.0926174122046468
CC_F41EEF55A0EC,0.08666142493659847
CC_F426B5C1F07D,0.3049482518542499
CC_F437875F9000,0.2504971415831175
CC_F43C961F8A30,0.18440280315075872
CC_F43D9BF23472,0.08014225637161836
CC_F444BE033109,0.1911058611201063
CC_F4481124F17A,0.13279675822182618
CC_F44EAAF80F70,0.16206624736620492
CC_F4521F6D3492,0.47723889783216544
CC_F46BD9AB1B68,0.16026359844971
CC_F4763AA0B824,0.7354823595294483
CC_F47976F33E20,0.09279236563311753
CC_F47E588D4470,0.16149220946275197
CC_F4A2777912C2,0.18323362862768622
CC_F4A6C2B23685,0.07678619277259272
CC_F4B3EAEEEA8B,0.09757843388147978
CC_F4C6CD1E720C,0.10885553433076507
CC_F4D05DA98C83,0.10872263908539466
CC_F4D15889CDE0,0.12016191645385624
CC_F4DEC1E6173D,0.0969406768392696
CC_F4EFAD6AF8BD,0.19558231736403855
CC_F4F7835A1FA2,0.19565863017123172
CC_F500597795FB,0.13232359993447526
CC_F5197FA9580F,0.6901367710123745
CC_F5240F59146F,0.11954851855823127
CC_F534A0B87C3B,0.12034961049472327
CC_F536972BFE98,0.13617633645648472
CC_F54FDFE5A5C8,0.11439306203930646
CC_F55727F65F86,0.18328388622919378
CC_F558EBDCDD6D,0.11594428362360013
CC_F56D569AC51F,0.12407623218720813
CC_F5714D180EE1,0.1073756443423633
CC_F576ED9554AD,0.22188215587114535
CC_F57C2559358E,0.13287363141883393
CC_F5AA72FC0972,0.04745360961382893
CC_F5AE7DEA2B48,0.13199068053948745
CC_F5C6A5E9D495,0.1387508499508141
CC_F5E0731F2181,0.13382419160491543
CC_F5F4F3B03FE8,0.741962869094301
CC_F604D7B9CBD9,0.18554531726214676
CC_F60F13391D61,0.18471845292271025
CC_F618D72DF162,0.14356765729337623
CC_F620B15ACC5D,0.09879303084514189
CC_F62D426D6614,0.15970493194916544
CC_F634999D5C1D,0.05140539612958496
CC_F636E5BAEE47,0.18241725072749002
CC_F6461B692240,0.6486733874250901
CC_F65BAD63AED0,0.15247620318499672
CC_F65DD2AC57E8,0.1815567493764259
CC_F66C6577674C,0.08632466548519029
CC_F670896FE959,0.14434147436897818
CC_F67376F272EA,0.7979598781742204
CC_F67FFE9E884E,0.20533883103501122
CC_F683C99F06C1,0.07311274223082187
CC_F68523E2CE7A,0.8167369277872641
CC_F68E62F9AA0F,0.03557495198062746
CC_F69604E05962,0.06234289769200687
CC_F6B8913740B3,0.11695604428397187
CC_F6BB4952DD35,0.13463531312568378
CC_F6C0B7AC57B5,0.64461243057442
CC_F6D2B06E6E8B,0.7524202667176824
CC_F6EB30A84C9F,0.17674418543306342
CC_F70345A4792A,0.18839339201330252
CC_F7068C1F77B3,0.21142854279619636
CC_F70B0EA8C0E7,0.10195257510752652
CC_F71CC97FCE83,0.134262222924296
CC_F722224A84F4,0.5874376023687311
CC_F72D1046063A,0.2617182248951534
CC_F72DAB32A281,0.10470938073553737
CC_F733AA5C0ED9,0.13185024058181044
CC_F74043C1BBEB,0.15121850621168803
CC_F74A31E36137,0.038558582980940885
CC_F756B167634F,0.23609070954749536
CC_F75CBE8E1B92,0.6054902976896127
CC_F761F7EEAD39,0.12757025267985414
CC_F79303D62FCD,0.11154136733333421
CC_F795134B52E6,0.5907996274624784
CC_F79533E83ECA,0.11337490119110116
CC_F79F9A7ED432,0.8598878192654441
CC_F7B2FC73E020,0.08931118839645254
CC_F7CF24594B20,0.09724820164724714
CC_F7D31937AA89,0.06960596705633923
CC_F7EFD378035D,0.2249631270170174
CC_F8014B1E00D6,0.0868770275657868
CC_F80ADE95A7C8,0.06239927034196303
CC_F82E58E476A9,0.14243620100567977
CC_F82EB123CC19,0.21567957545231708
CC_F83088660331,0.04761414886674145
CC_F83C6DF6A815,0.5818543395509104
CC_F8620C4F7581,0.12353801685888309
CC_F869F4DA5077,0.8298282383285598
CC_F86B1C53EAF4,0.11955258065232192
CC_F87B7F26FF51,0.15799715153360536
CC_F8803D1C899B,0.11071103955583421
CC_F892E51AC9DD,0.03151112575835663
CC_F89C185743F0,0.11865197576152918
CC_F8A4D45C3769,0.152583608968133
CC_F8AD68EA5A16,0.2309545290780281
CC_F8B4DBD0CE8A,0.3112560024082904
CC_F8F3E551F166,0.19240987155003758
CC_F8F9FE2C9B65,0.15082942189512932
CC_F912A50D0DD1,0.1436365320502016
CC_F91B7C2B1AFD,0.14996689951026762
CC_F925251D4BF0,0.3591196226098825
CC_F925ADD60E7B,0.08879327643218785
CC_F9282C144479,0.12695338449942328
CC_F92EE3287CC8,0.08410829913689968
CC_F93332608FE1,0.11611757152053416
CC_F94070DE3B81,0.06286908007639762
CC_F94C81428D20,0.14620437365456584
CC_F95DFFDA9B12,0.3201680340733368
CC_F96A53B02447,0.5453451961003174
CC_F96A965CDCB0,0.5724814310664338
CC_F9721FEDBE9E,0.16580639920678783
CC_F97C3E145882,0.1808819073453374
CC_F97C64C64052,0.1424458532636212
CC_F98660A07E6A,0.8064258811987991
CC_F98BA4B13724,0.04993818647110792
CC_F9A3F3A76B1A,0.11897374847210712
CC_F9A8E2B3A703,0.11647970665783375
CC_F9B3E7E7F2A9,0.15138322713850216
CC_F9D7D0B1E4A8,0.6231500229135852
CC_F9EDA4EDDD44,0.09745629051736533
CC_F9F2176B12FE,0.08845525140118586
CC_F9F90E76CA5B,0.12923736330895527
CC_FA0157249C01,0.11081155233950547
CC_FA169BCA835F,0.06435343748614583
CC_FA19B61BCABB,0.14839421387701796
CC_FA1DD203C293,0.21102880160330054
CC_FA2E30269BC1,0.1364006855587517
CC_FA304CE8E045,0.1354416307880415
CC_FA310759A257,0.6108041012326781
CC_FA32397E7B8C,0.11240756573893504
CC_FA33D97B84D4,0.13025363568177173
CC_FA38991B9434,0.027899301591086403
CC_FA4079FFF1E5,0.10008211963404236
CC_FA716665CD8F,0.15287974846592173
CC_FA770268B207,0.15070202801915622
CC_FA7A2F59245B,0.2083465486903044
CC_FA8205104EBF,0.09072914014865247
CC_FA8370AF8740,0.060732184791346136
CC_FA858F1025FF,0.13944898925210955
CC_FA86320CF6B0,0.12103673271423439
CC_FA8B341CD3EA,0.21719712017177237
CC_FA9057AAF95B,0.20796093052562037
CC_FA97314C666C,0.031823944405245684
CC_FA974C1D91AD,0.24511029070218351
CC_FAA0E5BC9F44,0.8204988065174139
CC_FAA2694D8578,0.2578165072129075
CC_FAAFFC74BC35,0.8470395043206617
CC_FABA6DCF8E45,0.010703640800473858
CC_FABC53294AC1,0.12760954252867054
CC_FAC52B8E66DA,0.1339254182697367
CC_FAD284D8DAC8,0.841333561246756
CC_FAE70CA5999C,0.1478145863359784
CC_FAF1CCB40132,0.1627956275938257
CC_FAF93D8B3B59,0.07460918768092543
CC_FB09E5481B64,0.11388734444725515
CC_FB150A1F7C3B,0.14431226865584088
CC_FB1808471515,0.23216530063611396
CC_FB296D823CF6,0.11758466370996465
CC_FB301E1FA7FF,0.0755337807483818
CC_FB33C958A19E,0.40339008805299686
CC_FB40D63FC3D3,0.1339700474781723
CC_FB45A1837AD7,0.10887271857050641
CC_FB45B79CED15,0.11895180909361028
CC_FB52260232E3,0.08890496943727806
CC_FB6A0A7B8813,0.2264629404236435
CC_FB6ED10D82D2,0.11798160876948055
CC_FB78DE84AF05,0.05796845616218156
CC_FB8DF8F93E7F,0.10387237186266414
CC_FB8F89048B89,0.12815520582898388
CC_FB9C3E77A49E,0.1224600480163384
CC_FBA40CEAEA18,0.11175398935956488
CC_FBA998938FE5,0.13258602793593588
CC_FBADBAFCD1B3,0.15612040768169116
CC_FBCB85E21ADD,0.15262198311383768
CC_FBCD00EE4402,0.15573356497252036
CC_FBD40DFBA5D5,0.27720336268726964
CC_FBDECF3DACAE,0.15477670978448466
CC_FBE4E2F652EB,0.21143145262567434
CC_FBEA9510C687,0.1938620185352258
CC_FBED1E2E1CC0,0.12387066205734927
CC_FBF54E48EB13,0.16130507671793134
CC_FC1E279EF320,0.12134366763134187
CC_FC2E1D460089,0.15962771678010393
CC_FC31CBD20CDF,0.09501680083255992
CC_FC41D8134A1C,0.10358874575081409
CC_FC44D7EF257E,0.07973417267673215
CC_FC4A649BDD07,0.175891782436378
CC_FC51BCDBB6B2,0.14797358811776348
CC_FC57B6E79AAC,0.12879484295675825
CC_FC6AA879D9CF,0.11315491180750498
CC_FC7A926F3A64,0.614789083529949
CC_FC83CB9C71CD,0.08508191418587006
CC_FC9E6D511294,0.1451392187160771
CC_FCA657E69930,0.33618846050853235
CC_FCB451237214,0.845108390076147
CC_FCC7E51DF812,0.3567852275044273
CC_FCD42ECC012B,0.06814461438842882
CC_FCE8FAEAAEF1,0.13168780719109455
CC_FCFAE9BE2522,0.5323842045856774
CC_FCFDB5DFE5D4,0.12891616784080137
CC_FD24FC7961A5,0.10467549249882345
CC_FD2793DCB5EF,0.12047605123110608
CC_FD2EEF724088,0.18543205870974014
CC_FD3205367675,0.1103387891634827
CC_FD3A21CDCA7C,0.13285508403301502
CC_FD3C4C2FB68C,0.12131478851308679
CC_FD41687DC1A0,0.15879736222321067
CC_FD44B4E31EFE,0.10511035575732039
CC_FD5721556AB7,0.11003888524173012
CC_FD643C174587,0.31697388053763936
CC_FD6BFA30DD9E,0.17463563329769247
CC_FD7C9DD7F11B,0.14991263342258382
CC_FD7F2D90CF8C,0.09884565267233159
CC_FD8C4F601909,0.06226859145003318
CC_FD90B45AA24E,0.11121022852160352
CC_FD95457772AB,0.10929510864734254
CC_FD9D9B58DB1A,0.15512031740936386
CC_FDA918AEB5D6,0.394225433827052
CC_FDD4C2065540,0.2580395858312392
CC_FDE57A2C5156,0.2554454866914359
CC_FDE9920975F6,0.20895767515814181
CC_FDEC856F9C6D,0.11083207512909246
CC_FDEED2AA92A3,0.40374179250705444
CC_FDF5607ECC1B,0.08757073584413588
CC_FDFED3D7E70E,0.1746502291269388
CC_FE0324F99784,0.14045923481690514
CC_FE0A18D6570D,0.10165813022353336
CC_FE0DACAC84BC,0.172353960548257
CC_FE16586C9FAB,0.22847806897433748
CC_FE16FBC86237,0.1469084335502813
CC_FE1C808C4515,0.07907668417577365
CC_FE1E64201B9F,0.1766790042878552
CC_FE33D60E29EB,0.012376913687495758
CC_FE3ACE674BEA,0.1302206272865526
CC_FE468E9AA9D9,0.06260606084130922
CC_FE5AA923C220,0.21024601915622815
CC_FE6C777DDC19,0.10954038799159924
CC_FE6DD8C8EC90,0.2481664857671765
CC_FE7A84AAA8F7,0.07113011070451813
CC_FE7DB6B410A4,0.11786405623352848
CC_FE8691B1F3D9,0.1054056871548645
CC_FE874279A94B,0.14007403172949778
CC_FEA61499305D,0.17746671460253705
CC_FEC22B334AC5,0.15886194425871028
CC_FF045F9508F2,0.16003468504077345
CC_FF0EFF711598,0.2739528680330156
CC_FF12F53D5676,0.050407331691794496
CC_FF13D426EC1C,0.13905462075749492
CC_FF16A7C8600F,0.1638103069997552
CC_FF2236DC115C,0.2684825426538885
CC_FF2725428B6F,0.07601017133731928
CC_FF3176D91690,0.14016636507271032
CC_FF393D295D66,0.11157627574012687
CC_FF4598202C5F,0.593773756174748
CC_FF463A4B3D04,0.21856218130422148
CC_FF4703F7664E,0.015195379878505434
CC_FF86EC3C0851,0.45790209894821593
CC_FF8A580DD831,0.11496948005530348
CC_FF8BD8697ADE,0.26031734302999454
CC_FFA681A2054A,0.10126965225323017
CC_FFB6B2D2BB2A,0.31762741358093355
CC_FFBFA27643F8,0.11143523051754146
CC_FFC81CC80F9D,0.14590395389528255
CC_FFCC9C0763D4,0.11896624803451404
CC_FFD4E33DC920,0.5752207582308005
CC_FFDE11143038,0.1116031200164501
CC_FFEF28047C4F,0.24434181184852125
