client_id,default
CC_0012A082B7B7,0.1828660924552648
CC_0012BC27DFB6,0.15725527206180384
CC_001563B2143D,0.11307378413351131
CC_001B46930B6F,0.09314077575202322
CC_001D771E1C9F,0.0533403834390609
CC_0028BD91E759,0.09217895840458386
CC_0029971D7EF4,0.24464776242721248
CC_002B8C00B239,0.0409952136981039
CC_0035DFA86185,0.7513730326673466
CC_0042D11A6D0F,0.06281276944102052
CC_004D21A4ABB6,0.12313832940304867
CC_004EE05FC2EF,0.5509912947547553
CC_0050E546EDCE,0.7154675636437346
CC_005D7F31F785,0.06337376662126146
CC_0079996ED779,0.18115134355311321
CC_0082B4E1D9CE,0.05051219736093967
CC_00B01C73CEB8,0.14797193662340125
CC_00B74FFEEA53,0.15252890865376073
CC_00BF6791C18C,0.1046637769725865
CC_00C5E30B288C,0.30822949358580304
CC_00C68CE1CC12,0.3320563740977116
CC_00CC4148959F,0.17644368700723528
CC_00D428772D30,0.37669324868257165
CC_00D5806C7783,0.0947176738284966
CC_00D5C677C2AE,0.4485300148778925
CC_00DA781C4D66,0.1136260131515974
CC_00E7E2D6B548,0.2274580930268968
CC_012BC0A68DC1,0.07635765022312124
CC_014911033882,0.1593746621581145
CC_014F7EF4E595,0.7111122777847709
CC_016501B25F2B,0.06367932492246023
CC_016767D9B049,0.04141461278751975
CC_017598512EA2,0.13293915869384618
CC_01941532C804,0.160696829535486
CC_01A66C6E22FF,0.742247522782288
CC_01A684355200,0.2007100820105289
CC_01AC62740827,0.1386573582796803
CC_01B0EFE5DB79,0.21636936209297422
CC_01B876B2988F,0.198746499619848
CC_01CBB64C1DB1,0.3260870385516958
CC_01DBD993A1FC,0.07497956997982849
CC_01DC49D55C2D,0.03474207288818311
CC_01EF18A3ADBC,0.47052568097562153
CC_020252D37557,0.18270200607530673
CC_020BCDBCA8CA,0.35653457038773584
CC_021A6DD97ED4,0.12028929785375173
CC_022054506F33,0.07391859429329728
CC_0225D6231EAA,0.07114321629163281
CC_024B524B0176,0.03708469389262838
CC_0256303A6DC0,0.19423399076769948
CC_02589E6E4714,0.08148110192877848
CC_025927626E10,0.7272152684760668
CC_0283023DB294,0.03882860445699032
CC_02903C6FC0C0,0.18539751443108143
CC_0296E572CF21,0.036380302527392445
CC_02999E509460,0.4750032351416179
CC_029E835D91BB,0.07008015733576163
CC_02A32EC3526B,0.11464429216968912
CC_02A393632CD3,0.25324710170580944
CC_02A3E21B28BC,0.784497203030882
CC_02A4B4644529,0.11209267910490782
CC_02B43865B30E,0.04763195096838242
CC_02B5A1A178A2,0.18577897701478538
CC_02BC4785773C,0.23505598982181772
CC_02BEDD9627DD,0.6716916022138565
CC_02CD2C1EFBB0,0.11988800206359887
CC_02D4430492D3,0.32402357124849906
CC_02F79A06858B,0.10650094201604082
CC_02FA254C9D43,0.04985508718022195
CC_03062402B4EE,0.0674392315616019
CC_03072CF2EC63,0.32596118248223394
CC_0315369B079D,0.10544276056171972
CC_03199242A810,0.18305727841253508
CC_03214BA76DB4,0.2252570613029063
CC_032735A44CC6,0.048598900641463
CC_0330340F2FE5,0.17578701905906638
CC_033236FAAFDB,0.13051903801329073
CC_0337298F948C,0.04458416748113729
CC_0341CAE5E2E8,0.20056596586228317
CC_03434E2371CD,0.35680144536982644
CC_03547AAB948A,0.23153077234055439
CC_0354D0453D8E,0.15065145299493488
CC_03592E51F427,0.7804112035431394
CC_0365DEB525A3,0.09738473942904413
CC_036782052BC9,0.3350033156270257
CC_036977A50F1A,0.14119794074435144
CC_03720D08B8C2,0.2763956033596606
CC_038AE599BCA8,0.32030064136621733
CC_039E67CDFE1E,0.4227092194571723
CC_03AC962FC717,0.16819341389355297
CC_03B00DFA3A85,0.7838223619542342
CC_03BC6380E968,0.4490290501355961
CC_03BC730E0B02,0.01874674395413646
CC_03BD4F22DA3D,0.1258589666020808
CC_03C7E1EF6F69,0.7910024048306107
CC_03C9FA383477,0.0905890563646058
CC_03D1AAE90CA6,0.053017485063110735
CC_03DBB9598F39,0.12456088742218355
CC_03F18B43797C,0.08879991296722908
CC_03F80118E46D,0.04839154631223768
CC_0405E0151A6D,0.1532753522020898
CC_041FEE6C805E,0.3852683631906737
CC_042F88EE269B,0.18462993583715254
CC_043D98ED7F98,0.17487463304140874
CC_044C3537B769,0.16397373820985972
CC_045932C46685,0.12760950588333536
CC_04629624AA8D,0.19077346314464377
CC_04690B4A6AF1,0.21411265850968778
CC_046CF40369FB,0.11577792131403898
CC_046D6EC816AB,0.41147238687703963
CC_0475CD95EDC9,0.10531998694436988
CC_04796F06B82B,0.11234897495025631
CC_04AC7C1CE736,0.38746234481422737
CC_04AEDD051B96,0.28811030512876107
CC_04B42AD0E01A,0.3282758348829838
CC_04BBD1DB360C,0.3004324362591745
CC_04C767FFDA0F,0.450157680886079
CC_04C7B819B9B9,0.10057620792987369
CC_04D127A775DE,0.09338816653098107
CC_04D9ED00053F,0.06758672847441763
CC_04E0EFC4F548,0.26565248129948216
CC_04E6848903E8,0.04055247208732911
CC_04F69D03ECE1,0.26793562587572006
CC_04FA1CFA1DEB,0.23051885793068522
CC_04FA6842AC62,0.04175646632226532
CC_0502F3791166,0.25036541860422273
CC_050B514E15FD,0.14896830920944193
CC_051ADBD6D835,0.09800712265731817
CC_051B4644216C,0.07781578830906666
CC_051C0A644DD3,0.021508395224912477
CC_051CBF566856,0.036503734232454274
CC_051EEA9AE819,0.12284355164855268
CC_0520E27BE904,0.19503069282874677
CC_05224448D290,0.11074275446367589
CC_0525DE4744C0,0.0413060339382135
CC_052F5CD81EFE,0.1902746270659645
CC_05368FAD2E6D,0.08229542941564594
CC_053788B82006,0.10190925341208701
CC_05471A48C6F5,0.1468464997390635
CC_056DBA1A87BA,0.07125197658729666
CC_05901F3E7A0D,0.1624914100513554
CC_05906BC8ED3F,0.13806853082969586
CC_059D55E32C78,0.08078953844780118
CC_05A12EF84A86,0.4311593459935049
CC_05A42D035609,0.15366401306478486
CC_05AD75A5CE38,0.07328753421997666
CC_05BBD4B92613,0.5963191671084602
CC_05C8EF6500D7,0.7987511357125401
CC_05DDB7B07497,0.0968808666691147
CC_05ECAE6E0774,0.2296868161231504
CC_05F11F14DF9E,0.30974895472876607
CC_05FA9192590F,0.13802390388778862
CC_05FD764FB154,0.8042976020629501
CC_0608DBB4DF03,0.2422871124324672
CC_06198383F6D4,0.08516333943530834
CC_06199EBE2B05,0.20908835572339335
CC_062A8881A331,0.06142810650182529
CC_062F74350907,0.04865833705691576
CC_0635AD30F004,0.8048630278229847
CC_0639F539946C,0.2800539592761385
CC_063DDB42CF5C,0.08609091090376411
CC_06405C00E240,0.25732853367554975
CC_064920FC9DAC,0.0600921154991798
CC_0650AB329174,0.7403048429583012
CC_066941B109B9,0.1508697970900672
CC_066AA16F5874,0.28944250981436226
CC_06732311FB8B,0.15497146704203327
CC_06780061F889,0.11228179685430949
CC_068A81B06B74,0.37115367443457975
CC_06A1C5FE269B,0.29662774268632663
CC_06AA7138DAF8,0.04143584547586517
CC_06C0DD0D066E,0.753112687723234
CC_06C97CFBD476,0.16813486134853597
CC_06D15F523C05,0.20252473768316695
CC_06D35787AD65,0.05088895749935889
CC_06DA375201A2,0.08876631945226016
CC_06DB455FF19B,0.6400109659552098
CC_06F3674E7313,0.41735643142724027
CC_070232DF9996,0.09857363179154041
CC_07141FA77DBF,0.11773188239374674
CC_0715F11CC8CA,0.24244485225191376
CC_07168A9C843C,0.19500057974903467
CC_072AB9F855DD,0.030845139611340607
CC_07337AF6AC2A,0.12938235033770484
CC_07434E4E5C28,0.07096145430000908
CC_074381358A2C,0.036248426578138225
CC_074E7CA75E8A,0.2609465712079586
CC_075D0C618BAB,0.27976479122706543
CC_075D804F7851,0.10210431399601085
CC_0765961D818F,0.35522523956573826
CC_07698F10563E,0.05129482306294161
CC_0773B9BA9E18,0.2988143171258892
CC_0784ABDA7F8C,0.18828799338279856
CC_0790C9F9EC9C,0.0843738599341808
CC_07A996E6CA6C,0.26382466422901085
CC_07B588ED677A,0.16489957495192073
CC_07B730FD7F82,0.12964154126653785
CC_07BE6961D039,0.08552157611704715
CC_07D23A6BAF5C,0.14467634945811964
CC_07E08196A3DB,0.051663928345776766
CC_07E4850039B3,0.08812343050164463
CC_07FAAF8B2D23,0.043894383387180734
CC_07FB3FD9BE0B,0.14605062282729503
CC_080CB94A724F,0.3515026515773965
CC_0837C56711FE,0.10871503823241192
CC_084100A049EE,0.05277870766183069
CC_084113D0951B,0.2562519313258439
CC_0843DDCDD601,0.6976335902251971
CC_0846C14EAAFE,0.052288942144527145
CC_085091ADED2C,0.1653723743364812
CC_087943B4A5D2,0.126511465453254
CC_08A97B98C405,0.1820959566556443
CC_08AA321BC4AD,0.1444175348771666
CC_08AA44ECBDD5,0.08529218423160406
CC_08AE2EE9D798,0.18018640273345507
CC_08B149462891,0.1446064926728659
CC_08C71A8D2D58,0.052406954158092045
CC_08D645F7B257,0.05258461579683692
CC_08D80BF0B273,0.055899917678570374
CC_08F52B1BE431,0.19240616536031296
CC_0903571AC7E7,0.15756262830728732
CC_090D528C09D0,0.4876840432253217
CC_09106BA6CFC9,0.0801204319581366
CC_0915905A5D48,0.08587405116790359
CC_0918F67CDF01,0.13863834102488432
CC_0925D0B6276C,0.16035809950991226
CC_092A2830E36A,0.7754063369222084
CC_0951489C8F79,0.043830835624673235
CC_0951FA4D5513,0.09852846505476827
CC_095C712064EA,0.08081213693713445
CC_0969AA7BEC71,0.08979986260970771
CC_0974840BED49,0.739661255292337
CC_097BD371F652,0.0959663795724622
CC_097C8139DBD1,0.0513548471605376
CC_0981CA4DBCE0,0.029885051621298207
CC_09A5D2F129A4,0.22361112799133134
CC_09A9BE38080D,0.09609113933118775
CC_09CDC42E000B,0.18407745693819352
CC_09D8DBAB2A42,0.10952190984229813
CC_09EBB1960580,0.04457628878259375
CC_09EBF206FEE6,0.21400202458807568
CC_09F2AE996181,0.07940759090855429
CC_09F45833F53F,0.13974049991832932
CC_09F4F5C5B4EA,0.7848794922349618
CC_0A04BF4005F8,0.18565924306891582
CC_0A0E563D1060,0.08488645024984887
CC_0A0F781A999D,0.15570988879191375
CC_0A1138C37BC0,0.1444114066587202
CC_0A334A16524B,0.06075145331604111
CC_0A359CD5D73A,0.06195486495912675
CC_0A3E2C273DB5,0.07416437437795859
CC_0A4705B1E08B,0.05849432466755518
CC_0A67EB7C5282,0.15458418100988863
CC_0A6CD64871E5,0.3892733884760183
CC_0A75643FDC7B,0.07045730580695019
CC_0A8066F501AC,0.04721200044550068
CC_0A83017D027D,0.1663600046635315
CC_0A9AB7441D5B,0.3513782697922946
CC_0AAA72FA148E,0.3245240386641318
CC_0AAC488C8AE4,0.4493585346917433
CC_0AC2DB82398C,0.3733846063665765
CC_0ACA2C49A497,0.09549516915697603
CC_0AD4BBEA75ED,0.055667164494615284
CC_0ADCD6553B8C,0.05322636921129625
CC_0ADE56B56C41,0.03844452799389375
CC_0AF4B5B4162F,0.7677866604890009
CC_0AF9BD814AC7,0.13545259501522167
CC_0B083BE0FEA3,0.11630123282257486
CC_0B1384331163,0.05847849010627917
CC_0B216C6AF0F2,0.026169458909455687
CC_0B3465DB0684,0.6165561180275843
CC_0B442B91679E,0.1480613858890961
CC_0B455175F494,0.11773681501231915
CC_0B4C01B4002C,0.20999161086405393
CC_0B544A526D6C,0.057819676988645055
CC_0B5B19AFCD18,0.049779409660276434
CC_0B5BD2D224BF,0.06462703103917516
CC_0B6407C2C9BD,0.17385815788209014
CC_0B73F59991EE,0.06912190241913743
CC_0B7579216681,0.08561217855935692
CC_0B7F3B4B32C1,0.26222642707187865
CC_0B830A67900A,0.10961269380698632
CC_0B84250F96B8,0.19534611948909258
CC_0B92212B8E27,0.42160209038195684
CC_0BB43BC4B3BC,0.09953978154054385
CC_0BB992973640,0.06090017076522349
CC_0BBC41297846,0.09792800530563234
CC_0BDDB468A1E0,0.2763264506110715
CC_0C00A631C2B4,0.10550174813734275
CC_0C011AF6C857,0.3476865414464777
CC_0C0459AB67DE,0.1392039472781805
CC_0C18B07E451D,0.10819208604190188
CC_0C19EB845CA2,0.20583663123145202
CC_0C1A736F37CC,0.08660281137736722
CC_0C335C9D86F7,0.7722661629232576
CC_0C4C24D066E9,0.1650891213062423
CC_0C5499989AF4,0.15329224425623972
CC_0C95548CC1BD,0.1467991530997288
CC_0CA2DE660B41,0.21813783836223968
CC_0CA6D8CFCF2B,0.2483480047004779
CC_0CA9DF9C5C15,0.0743050806449339
CC_0CA9F52C92A8,0.19216136460357142
CC_0CAFB6C41CE7,0.10742625475237547
CC_0CB27D5313F1,0.6086676035190768
CC_0CC9DDDB8B44,0.05503466091627937
CC_0CCA18595BA5,0.2334963891087828
CC_0CD90568D3E6,0.19348835121556487
CC_0CE0D56B0584,0.11524416975779724
CC_0CEA028BF961,0.25940746598305897
CC_0CF67D68AF16,0.3777617316065904
CC_0CFAA0FB0691,0.06273213172286723
CC_0CFFD2785D2D,0.09575822595601029
CC_0D28AF91CE97,0.13579032412550085
CC_0D34E55A580B,0.1114559030589384
CC_0D3663B6524E,0.7508839679684696
CC_0D3C2864ACD2,0.35278601165111556
CC_0D5F4BE8132C,0.18140654992003227
CC_0D6D5ACB0889,0.2689895849740116
CC_0D7BFE8CC0D5,0.13801242844724648
CC_0D8852AAB481,0.19214250831635077
CC_0D97EF394C79,0.48398978109573776
CC_0DA8FDDE6DD0,0.06983861809641406
CC_0DABB89E37CE,0.08198511322486385
CC_0DAF0F2FAA86,0.08577617138711069
CC_0DB9E5F8EDAD,0.1055181474278331
CC_0DBC64F88C05,0.16001656854669769
CC_0DBDF018E822,0.0617629314702791
CC_0DC31A5A1096,0.05340209594589717
CC_0DC3870F23D0,0.04101829195634214
CC_0DD39F5D7C0D,0.06816125229703844
CC_0DDC2C18BBDE,0.06478540026357742
CC_0DE09CAA93E5,0.13733680524167108
CC_0DEA4477FDC1,0.15450804943023463
CC_0DED63EF6639,0.18838579284046097
CC_0DED7DBF26F6,0.24861641713298813
CC_0DF01CD21B9D,0.1591560379846477
CC_0DF6A478C01B,0.21451145727094892
CC_0DFE1A3FA5AE,0.17767896507003342
CC_0E07D5FB24B2,0.10865760441801829
CC_0E0CD9F23A5F,0.7081283231484534
CC_0E121FCB1D47,0.09629486160250676
CC_0E1423A4C263,0.226310676785393
CC_0E16883EE8E6,0.34742726167618465
CC_0E1A2BA1C545,0.2095311508740395
CC_0E2B52BBA69B,0.09130814245094836
CC_0E40BAFC3530,0.17742037454131523
CC_0E48EE235179,0.05738359204865869
CC_0E4FA0FB9797,0.5935475559055592
CC_0E5162F59924,0.7210740810488226
CC_0E5E2FCAC8C2,0.3101483237967044
CC_0E68C2BE2A75,0.12685550848640834
CC_0E6C5A8D8CE4,0.11596222660204866
CC_0E6E9B0E674E,0.09821639890203704
CC_0E746EAD6CE9,0.09180490588507252
CC_0E968E7C22C1,0.3291665416025905
CC_0EA1483F50A9,0.17213074440570328
CC_0EA81362C7D1,0.16875398700991648
CC_0EAE97520873,0.39134885391482616
CC_0EBCF4228FF2,0.5260680755906806
CC_0EBDEFD0BDC2,0.08475100433276425
CC_0EC6AEDA63EC,0.33383500240489805
CC_0ED61DD76795,0.08841911155641165
CC_0EE33B1B71D5,0.1322205870180164
CC_0EE7EFF13EBA,0.06155418832984745
CC_0F0F136B0991,0.15301957924143422
CC_0F0FAF218BCB,0.06564757935958068
CC_0F125B48F175,0.1011729575503002
CC_0F292A238627,0.1260720848391184
CC_0F2949A1746E,0.07457498824504448
CC_0F2B71163121,0.06652439315261424
CC_0F393F1DE2EB,0.0565059698909189
CC_0F41B187053C,0.43412141837647605
CC_0F52EDC9D383,0.13161404445774122
CC_0F62C4F36236,0.1246819282448067
CC_0F6A29CE5D45,0.1799700657019156
CC_0F7C0515A6CF,0.16435929889945872
CC_0F8D6C89202F,0.22453288410917505
CC_0F933684CC08,0.1607765985806827
CC_0F9BA54F2AF6,0.043860884456122844
CC_0FA06CE7FAE8,0.046466538774866006
CC_0FD25AA655DA,0.16684807823843703
CC_0FF5570E06EC,0.7054052356923811
CC_10197FE0E34B,0.7003902841312851
CC_10355B5718CD,0.13351281352965239
CC_103A9D18EC12,0.15806600470354062
CC_1040DB6A21EA,0.11156881788042797
CC_104D2B84FC4F,0.04629526361630358
CC_104EA2802A11,0.10751558108685451
CC_105777B1BF91,0.05678634068649773
CC_1059F1B6C0C3,0.09397529163890872
CC_1061947FDD14,0.0646725781815024
CC_10689257E68C,0.3164683437367217
CC_106BFCFA7D7B,0.033123433086649584
CC_108FA04AC10D,0.12815575185778827
CC_1092915D0093,0.11596621198064067
CC_10A30F88E157,0.15733165079446126
CC_10A657027AC9,0.7386181654061252
CC_10A6EAF27BF3,0.04639684493608951
CC_10B148BED568,0.4334977661406498
CC_10BB7101F191,0.023523786624932777
CC_10BC5BC3A9AD,0.41678097218938964
CC_10F27C70AB99,0.12695157150489317
CC_10FADDF63CDC,0.16677866518889634
CC_1107D9301AA0,0.11588091044255595
CC_111A6DE5D9C7,0.6879652498839022
CC_111DC3B1756E,0.2970825645985169
CC_1131156CC6F6,0.14997886960604623
CC_113B66D5D5D9,0.12517782165497132
CC_1143254EFF36,0.054828964971761054
CC_1145E5277FA7,0.370139626218147
CC_11521077BBB0,0.10941752645688775
CC_1154861ABCCB,0.5784390339439405
CC_115BCAEAE2A0,0.07128820386902399
CC_115BF13E8BFC,0.23576950844688563
CC_115EBE5044BD,0.3224789589294125
CC_1165AA07FC47,0.6807118649575679
CC_116EE8219753,0.05456997555081518
CC_1176FA3233B3,0.055277102355320386
CC_117C2A1587ED,0.08626390543716718
CC_118C0A1D14B2,0.25629749371007726
CC_118ECB589F3C,0.10584642877216562
CC_1190F13FB1FC,0.11938052484430463
CC_1192EEC65A1E,0.17662377680051392
CC_119B1FEC4D83,0.24689746498992854
CC_119C413C2580,0.1167714010010284
CC_11AB74142A2E,0.8080596200116859
CC_11C8A291FD11,0.1534966451451079
CC_11D1E9C39E41,0.0635649749479188
CC_11D600EE1BD6,0.1692599323777819
CC_11D7539AC69D,0.21693617016016253
CC_11D78BB50016,0.13016127534055105
CC_11E0C583685C,0.07322465379594015
CC_11E0D2F15AA1,0.03899492664341782
CC_11EDFE67C719,0.6898593296949704
CC_11EE85F284B8,0.22717992318363425
CC_11F700202C6D,0.15156845462565519
CC_11FB668DF543,0.11358922168845663
CC_1209FA26609D,0.03575114459059084
CC_120CA1B916D0,0.15408269404053182
CC_1210186F4D33,0.0676671109053252
CC_121F621374FC,0.21414452541333423
CC_122532C1FBCB,0.12916130270514808
CC_122B19CBC88C,0.7085753781050022
CC_123C7F0111C7,0.6368631662733559
CC_1241EE42F174,0.13739696442686247
CC_125B7100F1DD,0.11101276190700125
CC_1263B255B3B5,0.16605317023652214
CC_12878596E940,0.09425504745277494
CC_1298ED71A9E0,0.061061953272862936
CC_12B555C6F086,0.13594852583836423
CC_12D22C629874,0.15189683228673473
CC_12DD89EA0C14,0.1513819116147151
CC_12E24CDE2684,0.17730364033848303
CC_12F3B7309455,0.5949378013457219
CC_12F8E7A4BBE5,0.3247702433959079
CC_12FDEAE4873F,0.2292691094695632
CC_130F7B067939,0.3459820713174738
CC_13209EDC85EE,0.6721911205830897
CC_1332B6F0E543,0.1898881203664614
CC_1334E256AEBC,0.6818191228252642
CC_1337726B2AE6,0.09883103463523246
CC_1338237BF402,0.20444788240927508
CC_1341DF38D9C1,0.16307240723906785
CC_1342F868176B,0.6326843964102171
CC_134651CCD2F8,0.12706750023468377
CC_1363E3090578,0.06819162279974886
CC_13736493B695,0.05820967421836097
CC_1392DE633D4C,0.21510961242028107
CC_139ED2E0AD76,0.0820184917536283
CC_13A5383EA098,0.6447390056855079
CC_13AA272C6861,0.06501674886566405
CC_13B74E4EE3EF,0.17928746041024893
CC_13C437E86B81,0.45722236412391504
CC_13D61B077E7C,0.08063587348069054
CC_13D7115A8FCC,0.20585499268985868
CC_13DFE319B21E,0.8138084745590116
CC_13E0F0B3FAE6,0.23761298945365802
CC_13FD88C2920A,0.7148700758282377
CC_1401CB818627,0.27347724287668684
CC_140B86E74F74,0.8184371671620118
CC_1452A0B69085,0.04107767822565293
CC_1458CA7329A7,0.26667962439879195
CC_1459E7125AFB,0.10609429163669161
CC_14633EC7F622,0.4167392228555787
CC_147B1B30DE7F,0.12407357033885863
CC_1484511F54C5,0.350267960660126
CC_1489A941A69B,0.27338545385313817
CC_14A8B16706E9,0.08687721330761956
CC_14BE52BADB77,0.09536207159845896
CC_14D53413FBCE,0.3117891988718332
CC_14D59B58E51E,0.19925575072349574
CC_14D964327B1D,0.08012100696864555
CC_14F5D06CF093,0.12868985638442526
CC_1501D63D5A80,0.3715363230376824
CC_150E3A0E5084,0.18700710868270629
CC_15152312AC56,0.06925689412215988
CC_1522BA0411C3,0.06329423583651135
CC_1534B0241A1B,0.05116400443681948
CC_153BE2BEB74C,0.16101955015882727
CC_154BBCD4DCEA,0.23313746095900978
CC_1552EC27FC0C,0.6992154002406197
CC_1566BFF4BCDC,0.31862946707596496
CC_1579BD86A63D,0.30206017601939505
CC_1583CFD90530,0.2632499539633232
CC_1584385F38C8,0.06006635658881866
CC_159656F13BE8,0.1040199306621738
CC_159B6F6AAF1E,0.1045844793916358
CC_15A4934FD96E,0.11305715501559963
CC_15B2140CE869,0.10085560526777734
CC_15C0972DE384,0.6344648778609858
CC_15C0E30FF2DC,0.14703024296375555
CC_15D617FAB434,0.05551865741721269
CC_15DA0F4FFF0E,0.2873860309282115
CC_15DAE76D15DF,0.045644384390165375
CC_15DC7C139EBC,0.3802682066867006
CC_15EB741857ED,0.09151616825317728
CC_15EC51F4C521,0.29147330882634864
CC_15F6259C7C53,0.06716862629636383
CC_15F7C012E10D,0.495653405432603
CC_15F7C1BEC28F,0.1903159744269897
CC_15FF58854AEA,0.2415742193582528
CC_16035CDDC2F6,0.1558248250574493
CC_16095572722B,0.07277826748748892
CC_16109F1CE0A6,0.32173887284388936
CC_16150E74E4DA,0.15633003196155673
CC_1629E47AFBA5,0.07975577060132558
CC_162F4582D06D,0.6664945714820336
CC_163194DFEDDA,0.05032250301548024
CC_1640F01B7730,0.11507701356864306
CC_16460554039F,0.028693393310392362
CC_164D308CDE41,0.26596826342233754
CC_1661041F819B,0.7696117774029395
CC_166829780A76,0.13668612284919018
CC_16798666E855,0.09836877717257377
CC_1684B5493414,0.19724062544257648
CC_168A8907C8F4,0.06212542080262431
CC_1690EC56D088,0.07209006697571753
CC_169853EEAB4A,0.08874112259644511
CC_169B7FD839BA,0.15290959940370552
CC_16AED1A3008A,0.1449667496957933
CC_16BAC7837C73,0.1370509460697198
CC_16D57E1EEA01,0.12817010029282055
CC_16D833E56D7A,0.1508450767885688
CC_1702487A047B,0.22381814745742812
CC_17029F78E70E,0.05571822700390851
CC_1702F3E986AE,0.06519783428454858
CC_1707181BB559,0.046407538822439844
CC_17117BF03935,0.34549457959080354
CC_1723E40C3D40,0.15596653327045873
CC_174FBBE9ADD9,0.19603664772934815
CC_176E6E58FD1E,0.13144199529539785
CC_1783F37259BE,0.10058720805164684
CC_178B135605CA,0.09160322666651625
CC_179AA5165026,0.2961129778490972
CC_179DBA1C4CDB,0.35288397071082944
CC_17A1090B69C9,0.08544649679530346
CC_17AA1A4C904D,0.20620620186052976
CC_17B06C06FDC1,0.21902003042207271
CC_17B89AC1FD03,0.17521047836105721
CC_17DC33AA73F3,0.0713226135116749
CC_17DE4D267831,0.09174940892424346
CC_17E929BE0344,0.3357682393051797
CC_17EB83DECE5E,0.4835329297972829
CC_17EC9982E5A6,0.23848902890596665
CC_17ED5555B4FD,0.24885849215419842
CC_17F4292DAF8D,0.11377539133407119
CC_1807B0980C86,0.07400889901609549
CC_181354A58B53,0.09195925621681718
CC_181E7266E018,0.10197061745260458
CC_182AAE7CC3CA,0.5899162401010409
CC_183EDEDC5DA7,0.10935884269205445
CC_184C47552665,0.24203630774199997
CC_185A7392A475,0.29176686187763823
CC_185FEFD3233A,0.40752983398834985
CC_18676FE5FC07,0.07919490568233306
CC_18776C4FDE28,0.06522761216147124
CC_187A8AECEFBC,0.17337030111081086
CC_187E7D0B4E82,0.6958971109609479
CC_18839D393105,0.14808960733244406
CC_1888476F6CF3,0.09198625102669385
CC_188B1ED2AAA5,0.31217068742213744
CC_18A4257C3172,0.23601117525086662
CC_18A7929D9FC9,0.2341827664523201
CC_18A8695F185E,0.10824024316035916
CC_18ACE64E8F74,0.16758468323881845
CC_18BF4A29BB38,0.13625506560756406
CC_18DE36F7D294,0.15150477420972708
CC_190EB07AC1FC,0.10689298420813056
CC_19219F2C60B7,0.1336050014049618
CC_192262DB0B0F,0.09611408777501247
CC_1929746E06CD,0.6433442414836966
CC_193356E72D61,0.7043888188356042
CC_193938E8EA40,0.1662198924000289
CC_193C60092202,0.5102949292244905
CC_193F669537D1,0.2119719316261892
CC_194E13150BE5,0.05179902990797545
CC_19556DDCCDB3,0.039650489205679235
CC_195A6E9B48A2,0.13427313912502498
CC_196DEC616B33,0.10505844021562596
CC_1978B23D64A8,0.11927237950459604
CC_198562A4BD86,0.13053684474507168
CC_19864C9572BC,0.17541791238918258
CC_19868B6887C9,0.13312750156831674
CC_19969E05AB2B,0.16995711221205684
CC_199FC89885C7,0.11792618105490815
CC_19A40411B404,0.19637751676674303
CC_19A6D9B60B29,0.572797821516005
CC_19AAB010550E,0.05299340158633848
CC_19B4743DFEEC,0.05914381514956098
CC_19B95A61D757,0.19055984337019427
CC_19E6A00F6A5B,0.09932707462693585
CC_19E8DEC29F47,0.605143290691694
CC_19EA54976042,0.18584481776965556
CC_19FBBEA75B7F,0.14478256419559338
CC_1A039E58840A,0.059416180527730796
CC_1A075331756B,0.13723050326619274
CC_1A1E1302C432,0.21572251718336746
CC_1A37690EAEDB,0.14676062127721648
CC_1A3BF9F5BD42,0.14379091568316854
CC_1A4268FEB02E,0.1767137758683625
CC_1A5F8618A912,0.3441976289537205
CC_1A659D4D521E,0.4064167799643928
CC_1A879655902A,0.0723411673107956
CC_1A9F6DA46BC2,0.15484338099290312
CC_1AAB15E81743,0.032500302314786046
CC_1AAC389EF8A2,0.2833896684730273
CC_1AAD0CE365D9,0.10426041248327592
CC_1AAD9152C90B,0.03672567732433761
CC_1AB15BDA9296,0.08295809614300642
CC_1AB8BDA3041B,0.0986418987891998
CC_1ABB9CB074E2,0.7651217368332929
CC_1AC1B1A3978D,0.07409279395656757
CC_1AD20D1F9C08,0.6474314147187396
CC_1AD881A90D1A,0.3158542690621368
CC_1AE9811724DD,0.5182367132343961
CC_1AF1AAAB9D12,0.7799268796984322
CC_1AFCC4D0ABD4,0.15984735138081158
CC_1B08ADAFD1C4,0.17822919982522337
CC_1B10139C7917,0.1203290270030018
CC_1B127133B948,0.13022707354338084
CC_1B25964EA376,0.13103614386406837
CC_1B27A85C7244,0.18190259359043257
CC_1B29F4378A34,0.1285976420628408
CC_1B2EC0BD0677,0.3173729178186515
CC_1B4AAF37FB97,0.10110967616813465
CC_1B5E792F6E6C,0.2556157569085786
CC_1B7166DAA790,0.11824799976342873
CC_1B89FD901C95,0.09248214986187762
CC_1B91E3A70338,0.06388013517487368
CC_1B9D9B7184F7,0.16048899400411043
CC_1BA3FDD92B1B,0.08499465499738323
CC_1BA9B3D67170,0.13172765179879806
CC_1BAF97E2BCF2,0.10305312336283175
CC_1BB7D8A54021,0.10061416210543649
CC_1BD548A5FEF3,0.11959558835072176
CC_1BDF1893ECEB,0.21673569812150334
CC_1BF117A8AF9A,0.06232064012900965
CC_1BFA7E407428,0.7235487636499189
CC_1C0066F472E4,0.7424318912620682
CC_1C09CC2385AF,0.07505799688551833
CC_1C11467AB472,0.7196879093038078
CC_1C1627B7EE6E,0.04235376164403669
CC_1C3259B85E28,0.1805681369320967
CC_1C334ED885FA,0.041008756864694594
CC_1C376760FE39,0.08426419774921017
CC_1C39A1ADF3F2,0.16065444515158514
CC_1C450FC77478,0.12818850560236122
CC_1C48409023DF,0.3984219195551075
CC_1C4D03324C60,0.32482940173469244
CC_1C5F1E1028DB,0.04634511022287237
CC_1C6681C0AA7A,0.7898061957513688
CC_1C84CFE19CDC,0.24658789247963134
CC_1C8B3F689C6D,0.22344517210097398
CC_1C95674B902D,0.03668619773066964
CC_1C9A4C11F28F,0.19085391198277188
CC_1CA3F50BABEA,0.07098395960036823
CC_1CBF42D35AED,0.6623108889511234
CC_1CC11BEADBD5,0.11567604028910272
CC_1CC3CE396A8A,0.2193713605495633
CC_1CD2B13C2E6B,0.0927815834771121
CC_1CE0B37CA670,0.09843267037982179
CC_1CF5A99FC068,0.11853193700166025
CC_1CF71AEB6671,0.07233231621542893
CC_1CFE066F5EE4,0.1759527822413642
CC_1D00B360809D,0.09497782987579936
CC_1D1173F82F2F,0.10139173848393247
CC_1D1E06E0B393,0.16748726342232984
CC_1D2789866B1B,0.06569881828540491
CC_1D2DD7DF781A,0.24177779986836131
CC_1D313498A2DF,0.17164738400222188
CC_1D68396533F9,0.31446526416495324
CC_1D7235BA1EAF,0.19723630511800383
CC_1D7ABAF9D080,0.04116454606011109
CC_1D7FA51D0D7D,0.45913327490673767
CC_1D8CFB3589AE,0.052065559899896266
CC_1D9421A6EB19,0.3230556516353329
CC_1DA0AC68719F,0.35373126671119604
CC_1DA366D588B6,0.0920747258595421
CC_1DACBFE0296C,0.09489269212827575
CC_1DBD6A716910,0.6187917538577323
CC_1DCB75B5CBDE,0.3347428087685639
CC_1DCDADBC0E90,0.37978952709576747
CC_1DD11FAF43E8,0.13166251357473627
CC_1DD8064E71C7,0.2282510890822233
CC_1DEC926EE25C,0.10789392726484538
CC_1DECBAE4FC5B,0.04611967354475557
CC_1DFF80E6D4DF,0.05752941263130873
CC_1E025C3597E7,0.26883535782016593
CC_1E082052CCBA,0.6988877862324321
CC_1E0E30441DD1,0.15979393165493933
CC_1E20E200611C,0.16921572647398292
CC_1E354C75EB9B,0.03015074521540665
CC_1E3B2C15EBCD,0.17943870883511134
CC_1E4DF11FAF55,0.11783259394258536
CC_1E4FE60DFD8D,0.7370863944018226
CC_1E5A648D299F,0.22697676126705119
CC_1E6C0A8B3841,0.7007853829829546
CC_1E7FA6E807A3,0.2209084448699402
CC_1E93F760EC93,0.21776771154350588
CC_1E99F40FA03E,0.08827994518672187
CC_1EAD09DBC23F,0.20453403925854768
CC_1EB3D53252DB,0.21555009351772791
CC_1EC889E04D69,0.10505216530810739
CC_1ECCBF6853F6,0.541121379383614
CC_1EEC4520436C,0.13250699936273536
CC_1F2827DC99C0,0.1534807280584894
CC_1F2C184C5227,0.085686203629106
CC_1F3FA8091B02,0.1816888915515402
CC_1F4E07BFDC8C,0.04695920710361319
CC_1F4E0E9B54BF,0.06858369047838309
CC_1F55738A6A27,0.3798788270171724
CC_1F65276D0EF8,0.09800465524278937
CC_1F65C797BD40,0.047704136737980185
CC_1F668C0AE868,0.09641047889412518
CC_1F6B19A04BD8,0.053383931597031774
CC_1F945A60367E,0.4676689823924207
CC_1FAB6F11DFCA,0.6822022415293818
CC_1FACCCE95224,0.2567240469044554
CC_1FD010E5EA82,0.06539579692349476
CC_1FD2B7BCCD20,0.6722462476568415
CC_1FDAEC3D5CBB,0.12374226205539524
CC_1FDC65FE3DBE,0.15160792635787612
CC_1FE696D8A81B,0.07448942501607281
CC_20027685F59C,0.7653427083192623
CC_2009F3D77774,0.15637987810642162
CC_200C552C40F3,0.14555563788318598
CC_201459527065,0.10984337760876713
CC_20275029A688,0.060375340249096736
CC_2028DA597C34,0.21469022315971584
CC_204E557E5046,0.4023868012556029
CC_20542CFCFB39,0.044683226347728845
CC_2060F813C9B2,0.2386209286697258
CC_20813A9A7F71,0.13341448195930572
CC_208429A11E2F,0.17173993326669074
CC_208B0FE7CBAD,0.11156938422503916
CC_209A511030A7,0.03442309602008897
CC_209DD60421B5,0.07593623386425609
CC_20B26D646D62,0.167111663199959
CC_20C47966B174,0.21386825502519552
CC_20CFE9681E4D,0.08045109036058018
CC_20D4DB0F3E3D,0.0524549697133842
CC_20DD84CE3CA0,0.09580875329270852
CC_20E57CA675DA,0.6179804989797624
CC_20F129FFBE00,0.18158746253199928
CC_20F4E0F62D2C,0.07614456489416024
CC_20FEE0B2130D,0.6069960517915068
CC_2111B298C212,0.09558741302758317
CC_211315AD7633,0.24960612200331175
CC_211504721E27,0.1244426470911882
CC_2119919BCB4F,0.6596834532701669
CC_21375C9ED931,0.22131325215503495
CC_213D2A5355FB,0.20440382151043768
CC_214B50E48E94,0.17966346672760955
CC_215F86D986BA,0.11942248197306478
CC_21600308F496,0.04376406934947298
CC_2166F3F6344B,0.11864798466133618
CC_2168BBB42053,0.10500218212017842
CC_217030CE0127,0.047368951787249924
CC_2179067B405D,0.044418100210203516
CC_219B59B67193,0.17911613430892062
CC_21A9E8DB58FE,0.1897846860764727
CC_21AE679C5E95,0.25055489757317984
CC_21B98D13174C,0.11205477283352488
CC_21C81BC15002,0.14214667647085255
CC_21C9B26CFEA3,0.09355228029310259
CC_21D22081A4CA,0.7446964916463241
CC_21D29CD736D3,0.3090696694005105
CC_21D3CEAF838E,0.18469965977496694
CC_21EF792A3811,0.5478749969686678
CC_21F04E996723,0.48232023875225805
CC_21FB6C8AB8BF,0.40814906403921664
CC_22067686F6C4,0.6386970064050818
CC_2207A39B7BB8,0.12002352419604298
CC_221053121AAB,0.20593368037467943
CC_222423774191,0.06869919747779693
CC_2230EFBC99AE,0.33337436142138277
CC_223BDED2A465,0.2641912477642453
CC_223E3CA7A07F,0.15455709330798273
CC_2250B42E48B2,0.10700553270425868
CC_225935E43583,0.10259230871344788
CC_22781E93CF84,0.17567358718594736
CC_22784AF3CB6B,0.5039225982259506
CC_22831690395E,0.21216689149812662
CC_228E6CBCC935,0.6745808072407148
CC_229338EBBA6C,0.12226193152982999
CC_229A63057E54,0.43870923550374835
CC_22A2D8A4B437,0.07021186002221885
CC_22ADE1EE9BC7,0.1619870249338471
CC_22B69E7C415A,0.04704411003644803
CC_22C590B43FEF,0.3627900794535766
CC_22F06379D8FD,0.03868835738411197
CC_22F282264A1D,0.12741833063057578
CC_22FBF5F0E1C0,0.22289888828058524
CC_2302088175A3,0.2518382600304859
CC_230672EAA654,0.026915456408014057
CC_230870B121F6,0.15931908670404932
CC_230A051B2B3E,0.06025389070396565
CC_2316F57AFB7A,0.06748495287546369
CC_231D091FCD1D,0.07023124148573373
CC_231FDED1781F,0.24778994436768143
CC_2320053D1183,0.042487338471190295
CC_2320AF507566,0.2405535772995334
CC_23321FF41C3D,0.2379365826327006
CC_233470D6BE72,0.6203560294706334
CC_233C8EBC95FC,0.39627997416237665
CC_235F99F13500,0.12172966373363667
CC_235FC02CA52F,0.21206743138354067
CC_236C80CAF53D,0.192502684775189
CC_236E7222D97C,0.07965424478448559
CC_237B86FDC93C,0.06969156630970144
CC_237E7EB2D7D8,0.10484081038560811
CC_23830081EE1A,0.6446352879278509
CC_23894AAA08DB,0.5028309939171027
CC_238CBFD6E20C,0.3680150602170512
CC_2392A4A79C9E,0.03588940402402782
CC_23A474D43C73,0.18779734359760417
CC_23A9CC59BA0D,0.0231756896827692
CC_23B158D8306A,0.13633419433375515
CC_23D147F1870B,0.19069761351544123
CC_23D2E73DCFCF,0.12122782806752716
CC_23D9103D1EAB,0.02978523375588421
CC_23E142182F2F,0.6876936766421496
CC_23E43713A108,0.04177252174287354
CC_23EF2911610E,0.43804327556835904
CC_24056B76BD7D,0.04963279546508152
CC_2416ECE66177,0.13439863639526717
CC_241E65816FC2,0.03313968563865398
CC_241F7E97FBDD,0.056219774890913336
CC_24217201D7A1,0.3453449090903102
CC_242301FCCE50,0.056111166397213585
CC_242C69CF0B12,0.11487225378131025
CC_243B23702DC1,0.16545125341146408
CC_2456B9C796E4,0.13419732117239735
CC_2457D89CB88B,0.6317110300636506
CC_24667210E2AF,0.2823790498575035
CC_2468D206CAEA,0.06831015109358332
CC_2469630A4F86,0.30608785487988743
CC_2469D83D9594,0.041884937748268895
CC_248C65EF54A5,0.7120520710716848
CC_24BCCA7941E8,0.1151066143945401
CC_24BDC1CE2A3A,0.1955072382920735
CC_24BFCCDF957C,0.04311561990713387
CC_24CC8A1B1CB7,0.13854857766985051
CC_24D4B1852554,0.21255039098306755
CC_24E65FA5A32E,0.1500204523758634
CC_24EF3EDB6857,0.05451212979161698
CC_24F15A19D648,0.17068979169071757
CC_24F2410B5A19,0.12353150902891358
CC_24F27E7DE1C6,0.5622483936184159
CC_24FFFD0C983B,0.03782387003492156
CC_2504E9D5D5E4,0.1646675969121823
CC_250F6A0DB62D,0.06027319852913825
CC_2520E13DF0A2,0.7568273487326648
CC_2539C315029D,0.2510518338131294
CC_25519ED78507,0.1591814263149152
CC_255D49296DB6,0.0843121371905745
CC_255DC60FF5BD,0.04198752818323231
CC_2563C9EF9D55,0.06728107651100566
CC_25756EB9651F,0.13656438532134826
CC_257CC46D379B,0.42311235270165387
CC_258D5F80A933,0.683238053924381
CC_259D87270257,0.19776523374530794
CC_25A41AB21C94,0.26064360574042145
CC_25ABCDCC8B71,0.10710918395953974
CC_25AF0D0569B5,0.08426821513175244
CC_25B61D393144,0.14503872936330495
CC_25B95D7288CB,0.35858553545782945
CC_25CE2F2F13BE,0.18681778218724135
CC_25D1A5971976,0.3383840970330161
CC_25D411B46F00,0.5798080304686406
CC_25E7A2DC5E41,0.04865336635626975
CC_25F4C8E51AC2,0.48064346505033434
CC_260323EFB122,0.6346685997065323
CC_260F10484312,0.05606116276487329
CC_2610D0F1D0A7,0.1509969319861622
CC_2615866F35A2,0.0911457659212662
CC_261DA4E8DBEB,0.1416299686285828
CC_2628F00B0745,0.33637457207961036
CC_26338E9AD15F,0.13743874997221187
CC_26346B99BDBE,0.6507824628105433
CC_26351DBC1AF6,0.11838841093767952
CC_2637397AA3F3,0.6244773747470476
CC_26675C32611C,0.8329459115094477
CC_266E49E49071,0.19917298404699935
CC_2696368A4DC6,0.02860831456298407
CC_2698641B68A5,0.0992802745959854
CC_269C5AE6A1A3,0.6686366009830423
CC_26A06AD1206C,0.7586615518850299
CC_26A358B0C10F,0.18508540095398887
CC_26B07CB02EA3,0.5882387786518015
CC_26B638BEA8CE,0.13799121727151903
CC_26C33B649FC9,0.06545681989126775
CC_26D5B969A36F,0.36465114902810053
CC_26E3A1226C2D,0.12704803671466472
CC_26EEA3F0224A,0.2685601622706735
CC_26FA5E5A718C,0.12773157790066964
CC_26FE119D4919,0.08445196891283104
CC_270B462BAEF3,0.03694405397171971
CC_270D929FEA9F,0.07672550004855058
CC_2731AD82BA11,0.14994699598364739
CC_274144AE3E86,0.16565123903496626
CC_274AE6E82879,0.18838289681915213
CC_2757A490C5E1,0.09079181446028467
CC_2766F6011BD0,0.3773059929921327
CC_2768E644C697,0.06986920308140948
CC_2770DF70328D,0.06445670420530653
CC_277503968C44,0.5339532108950564
CC_277CE974AA8F,0.29140504193549355
CC_277D246E39B9,0.25337141041482236
CC_27A1CC725B7A,0.07321707391465328
CC_27A798829CA8,0.5161140424308996
CC_27C938FC8DC6,0.45587685648058757
CC_27CA2D819E7A,0.0646497208105942
CC_27E3712F0E38,0.1274525181736193
CC_27F3B3F43FF9,0.039689237711011405
CC_27F9832EAB8A,0.4247270672204932
CC_2809CC131F3A,0.675404236740672
CC_2812523510C0,0.18159772193134752
CC_28151C75756D,0.04441521652491347
CC_28203CC976F9,0.12177097867930649
CC_282AFAE06F96,0.07207925334451853
CC_282C2404F4C0,0.06125891979337039
CC_2834BA2F19FC,0.18664599149158917
CC_28432E22F47D,0.5810360837048699
CC_2844882CC439,0.060235318070255235
CC_284F79726032,0.4057958629273036
CC_28544783AB15,0.41987994061789863
CC_2856104729EA,0.6786844007392581
CC_28625CD86761,0.17870737986021776
CC_2866BDB46FB1,0.09494109280481502
CC_2872415C6B36,0.07381591410667215
CC_28752737647D,0.640027520030838
CC_2875C281EE88,0.04857949285604207
CC_287E3E9EDAC9,0.08014267971771495
CC_288A2C49D62A,0.05224939667077283
CC_288FA8CD819C,0.15163602096308626
CC_2891894CCED4,0.07951356846867882
CC_2895608A9699,0.12045250388836191
CC_28A2EF7926AE,0.6584857887873473
CC_28A7DBD2B710,0.20381981453287024
CC_28AD81DF2C51,0.15378865388077745
CC_28AEC29CEC25,0.16969073515736097
CC_28C1C3DF7928,0.10712646276003918
CC_28CA76962EC8,0.17061266045848889
CC_28CD47803B6A,0.07700213936404053
CC_28DF569DBBE5,0.08234285069593633
CC_28DFE611C657,0.07817233324648601
CC_28E11E6A6C8D,0.18392090096632255
CC_28F58ADC7CBC,0.11906717289753953
CC_2916479EBC84,0.16023675566607765
CC_2917C6CB0B2C,0.1452646521841662
CC_291C7830D4B5,0.35769008780540834
CC_291FE1744E5F,0.08443249473531556
CC_293124F1ACD1,0.13458392897527738
CC_293C2D704AA9,0.3446503773532675
CC_29432A6B2555,0.11524026405914889
CC_2944B427406C,0.21153129823891093
CC_29468B7035D6,0.11724728150836837
CC_294A9A24E473,0.056421617991436926
CC_294B94EB0E07,0.18760119340095757
CC_2967C29E4C3A,0.14561790478284264
CC_29716D5835F4,0.1715109891918953
CC_297179FF2BCC,0.4196485202043355
CC_29803690C939,0.23149264869285713
CC_29821539DC4D,0.1404396939136736
CC_2983C1D2A273,0.17841578380582637
CC_298CAC5A1868,0.6464447249058778
CC_299EBE0FB429,0.1467324685201084
CC_29A1C0073882,0.39882206571357814
CC_29B6065F187B,0.394303373551191
CC_29BC66C10F87,0.6375990460136727
CC_29BF3C3D9682,0.18983733693740074
CC_29C4425FB2DA,0.18033951625492955
CC_29C5D0D72D61,0.16632294672963588
CC_29D65E313500,0.11669443216636534
CC_29FD856F47A5,0.7593083977782734
CC_2A097F88615A,0.09305517212904973
CC_2A0CB4CE1A48,0.2358070019401552
CC_2A14C1652D6D,0.1951416808615619
CC_2A1F96F80938,0.1040686070118259
CC_2A23F71805A2,0.13721379022488528
CC_2A2BF2FD0498,0.141162010651588
CC_2A358A1D3DDF,0.651819400757099
CC_2A3E371F0DAD,0.22011526122686975
CC_2A423FC8A330,0.2917834405789447
CC_2A43368D54F9,0.5041719013077375
CC_2A47A21C0E07,0.6225725541848711
CC_2A4CB02E7A1E,0.12060601702833383
CC_2A510080BA29,0.13952714368872216
CC_2A5316E550F0,0.09566203602661243
CC_2A59695EF90A,0.6524331572510428
CC_2A606D00CC46,0.05333038285327409
CC_2A6C69145AE0,0.07200999221352913
CC_2A6CD71471A6,0.11078022227734338
CC_2A70D6EF64E1,0.07425906273141358
CC_2A844754AE67,0.6176531604987936
CC_2A85A7B242FD,0.19393530987784896
CC_2A9A51067D7F,0.14131592977328244
CC_2AAAD4020436,0.2078559141580634
CC_2AB62BCF3704,0.07494832713582414
CC_2AC1C8DE5649,0.08657589614328497
CC_2AD10D78793D,0.7253974223205361
CC_2AD26446A7AE,0.040017168055521794
CC_2AD2D35975D1,0.07361032707299939
CC_2ADA07B0211F,0.28034886691206784
CC_2AED2D284351,0.2921212840199651
CC_2B01FDE2552D,0.22779038582944308
CC_2B06DDFD7F8A,0.097949355836368
CC_2B08FBC0A948,0.17473455363404228
CC_2B1914218468,0.7136145675462638
CC_2B1D93E12DC9,0.22439384594034295
CC_2B248C488918,0.10772212765138443
CC_2B256891C60A,0.6154948339790367
CC_2B2801591A25,0.4395095952193006
CC_2B2B7CF1E40F,0.10532792884300735
CC_2B2F4204834B,0.20341707577775361
CC_2B5443C7AB87,0.06906073198895604
CC_2B5D780AC244,0.6418449428838692
CC_2B64E67CFF13,0.06097485301612542
CC_2B6B872C8D21,0.05497302873066873
CC_2B85D931F011,0.09888891756494377
CC_2B959EF030DD,0.1648823754436102
CC_2B973D1AC16E,0.10157277009065262
CC_2B98983C2687,0.043458978714168546
CC_2BA581E7B8D2,0.08091887481230803
CC_2BB2C432C369,0.1068594144710526
CC_2BBE19587CD5,0.09888168018211366
CC_2BCB838A9581,0.15597787717369838
CC_2BD0E9336EB4,0.08788839015058535
CC_2BD1633FD528,0.09313137925113162
CC_2BD58FC8C2B9,0.034984552032435154
CC_2BD6083CAB0B,0.8078665471583345
CC_2BDD47B177E5,0.839552639273596
CC_2BDE889EB05C,0.33892015952063653
CC_2BF8DB192A49,0.7594114128825071
CC_2BFDF46F3AC2,0.10917297943104735
CC_2C00CF2FAE22,0.1398695402024363
CC_2C06DDBA1073,0.3434955667916076
CC_2C16C7838FAB,0.7675542239734097
CC_2C263A1A732C,0.14370787614563457
CC_2C34105831A6,0.1628274439725391
CC_2C43FFA06F31,0.10981954811535916
CC_2C4DEE4CA1CF,0.05657373857107642
CC_2C56DB55E40E,0.09029418348486452
CC_2C59F565C183,0.16337780934086316
CC_2C7F54E56925,0.17375593094854536
CC_2C8CFCC646BE,0.04164033473713028
CC_2C91AB1DB754,0.057415592023246025
CC_2C93356976AE,0.41037438500400664
CC_2C9DADC294C8,0.06627105568181518
CC_2CA94231028A,0.23659221809889933
CC_2CC8CB17283A,0.19455739056269303
CC_2CCD42AA2376,0.14720278460770286
CC_2CCFE560A79E,0.06779936959791318
CC_2CED227E5216,0.11564735380873606
CC_2CF326E90715,0.04759314678080625
CC_2CFEA03CC6A0,0.7108124653273019
CC_2D1D032137DA,0.1533325312317389
CC_2D258781011B,0.17038407749286208
CC_2D30260A1CEC,0.19110431714283188
CC_2D35C002A9F1,0.13900187562221467
CC_2D45DEA4EB25,0.1498145713465958
CC_2D5494C13FFA,0.08188366573998235
CC_2D5EA2953E81,0.17021422117400034
CC_2D6E7894EA16,0.6450209889636197
CC_2D7DA36360AD,0.1830585345593413
CC_2D7DFEACA38C,0.31706660028223116
CC_2D836654A121,0.14641958384715184
CC_2D9CDFC6C57E,0.6348778790085285
CC_2DAC67585B03,0.17228683127964836
CC_2DAE338809DE,0.2432671193679786
CC_2DB062A18C75,0.6616444329774859
CC_2DB2C55CF89E,0.7801010933527468
CC_2DBCBF870292,0.040527756834386516
CC_2DCBC03B4FA3,0.6840933004694414
CC_2DD78131B5A1,0.14340584157577474
CC_2DD7BCA75AB9,0.12458558982277577
CC_2DEB49017220,0.11131903522251817
CC_2DF6C71ED372,0.18405401849479547
CC_2DFBFA1A4FE8,0.1696772611838206
CC_2E12A41F7733,0.07280632712349298
CC_2E1A348EB1E6,0.08975619308167404
CC_2E23CB0F6F7B,0.37502605725966504
CC_2E3634587158,0.04906880173831273
CC_2E3F4B14D8DF,0.3369083467856097
CC_2E3FDDBF4F48,0.14741787495059927
CC_2E61C46BC16A,0.17455584945415697
CC_2E62AEB14351,0.23656367205347126
CC_2E6F1C0ADEB8,0.19629552522247026
CC_2E7415FAB62E,0.07781189457589496
CC_2E77F7444FDF,0.04440744707823049
CC_2E78431BE3DB,0.07630729328117855
CC_2E7D44FB8075,0.1496470972479665
CC_2E7D8539BDA6,0.3416934894841201
CC_2E7F248874AA,0.7025696414860797
CC_2E85BB8F3BB5,0.10689337858204276
CC_2E8897E4D9BB,0.33173854774823386
CC_2E8CCDE89E2D,0.24794454336130548
CC_2E927D910813,0.12288716759110609
CC_2E9891F5A2D5,0.1229742190679926
CC_2EA56A7EAC04,0.29522767385750054
CC_2EB45D13B248,0.14125921453832252
CC_2EC924B0EAAE,0.1151764216170926
CC_2ECC248C96B7,0.06574162111825721
CC_2ECF0C98B06D,0.439997868596917
CC_2ED3F6481454,0.14073700869741612
CC_2EDDF0B40ED8,0.14439627363308416
CC_2EE2A139642B,0.1082592556102097
CC_2EEE072DA301,0.20312366728400316
CC_2EFEBB85DAEB,0.1397668379964928
CC_2F133BEFAA69,0.12303748105721193
CC_2F1AAE3B81F2,0.07313789560627484
CC_2F1BC47CC90E,0.03971648278401169
CC_2F2128FBBDDC,0.1565877195634926
CC_2F3D3342834E,0.04542772552091103
CC_2F42D39F710B,0.6157715782503462
CC_2F4AFE398419,0.769430261364838
CC_2F4C24B38EE6,0.09148222309385041
CC_2F508C0838A6,0.11998892844837161
CC_2F50EC193942,0.26640663604576525
CC_2F5BD03D4900,0.06866739552929287
CC_2F73AF6728BC,0.05632561192467701
CC_2F7EBEAB9CF2,0.20360555244751669
CC_2F9AD2BC25F5,0.06681558232474853
CC_2FA3172ED3FE,0.739057547314642
CC_2FBEF8808F48,0.15456943950899343
CC_2FC014F0EA3C,0.05995507323182134
CC_2FC3AD2EC986,0.2666066354633748
CC_2FCC82AC097C,0.25181120098628645
CC_2FE2ED7D464E,0.2573681944537135
CC_2FFCC9802D2A,0.17029704666463685
CC_2FFE32627DF8,0.20533203219861068
CC_300BEA90EF3F,0.14437498600327014
CC_3017B64D0364,0.21822749732558203
CC_3017E5E87C94,0.16477773892612074
CC_3028375CC87E,0.7615033297966773
CC_302A48CFCEDA,0.10682983840464842
CC_3031F96196BD,0.5168095514121158
CC_30328ADA0AE8,0.10810898043224079
CC_30451015D913,0.03546039036205789
CC_305D33AC15A9,0.7410568495003781
CC_306015CFB66A,0.19392688940311978
CC_306413849CEA,0.4480090031736283
CC_306EF0BC7CB3,0.03189762709270908
CC_3075C5B861A8,0.16325039309776856
CC_3083D9B76858,0.06681660308437837
CC_3096994A495B,0.24003771157762477
CC_30B106BC1657,0.192022760736761
CC_30B967417C42,0.14365664569978376
CC_30CABAFF5453,0.11204192564212777
CC_30D68208FB23,0.32881320755235205
CC_30E2A90BACAD,0.18050202340715127
CC_30FFD856443D,0.54479527585924
CC_311EF26786A8,0.0790867855061461
CC_3129843EADE6,0.741005787847028
CC_312C34EF683B,0.052873014248692174
CC_31302B64C078,0.13323691902059787
CC_31344A25B569,0.03298501180492208
CC_31397A399AD5,0.06672749410124518
CC_3145B5EAD7AE,0.25877952528338133
CC_3146EE0BF81A,0.12782956465509382
CC_314D02632843,0.27604252144635577
CC_315133406E42,0.2792628714077556
CC_3180D1C6FB7E,0.22932342459374788
CC_31827EE8A968,0.2920697616062848
CC_319BE06CC27F,0.03721602774974402
CC_31A0A97AFFCC,0.3888461252459051
CC_31B22116E36C,0.20414140390799387
CC_31C78D9B6494,0.389157971595965
CC_31D3FA367B41,0.14303341994929925
CC_31DAAB3E6DA7,0.1605171052804035
CC_31E36F666FB7,0.06273670570574832
CC_31E72EA14FE4,0.10880314736368478
CC_31FC6DC9482C,0.23046885324073788
CC_32076DA6AE23,0.11195911649346445
CC_3209FA12D938,0.28452019573821447
CC_320E17F947CD,0.4036092899475346
CC_3223C706DD92,0.22693675619198433
CC_322EFB2E377D,0.09274399551974849
CC_3248EB928073,0.11145189725843282
CC_325D5DC52B1F,0.12788378367581366
CC_32662A6DB78D,0.147631385137436
CC_328DD3BA068A,0.2335088626277359
CC_328DF7798F91,0.15850573474710034
CC_3295CFEB188B,0.09371640410778012
CC_329DC79286ED,0.6957684537667137
CC_32CB77D55C73,0.1379592481038509
CC_32D129B9E651,0.12878406129589665
CC_32DB12551D37,0.6509983559887395
CC_32F00D77D5CD,0.10976536368365021
CC_32FF5F6892D9,0.20000692056228123
CC_3301EF60877F,0.15344674162967498
CC_330F334BD816,0.10083018137293344
CC_331285B3494C,0.22187693550235316
CC_331364283D5C,0.11958561952547121
CC_331718E0F54F,0.12371143977533752
CC_33194D48FF66,0.09591208401662321
CC_331E8B8BCAB8,0.08601007073927924
CC_33254134ABA9,0.7569010003545
CC_332E42439579,0.0951456032452781
CC_333102AB964C,0.15502604671136638
CC_3338AC0E8112,0.3016413359655253
CC_33656EEDE6F2,0.4974755913949295
CC_336777D934E0,0.447230489948851
CC_336DBFE464D1,0.47926663891152926
CC_3382BB2F3152,0.1336885624844502
CC_3387207793E4,0.03942949084237378
CC_33992C973839,0.14744323207954618
CC_339C36703675,0.09450921038847993
CC_339CA5814519,0.1131907051060204
CC_33B157F2A921,0.08639382805074107
CC_33BBD10F239D,0.06511313511970454
CC_33D3B12EE56E,0.08734457494881773
CC_33DB68EA27CB,0.11146743295761684
CC_33F0B95E70CE,0.2532143501862868
CC_33F40275D630,0.05315921448166659
CC_33FD5DE22692,0.08006522722714009
CC_340961106343,0.1491655774231493
CC_340BB1F4CEF0,0.1133849799813698
CC_3410B11F1FA3,0.19017110873053605
CC_3424972707B6,0.60789416568596
CC_34452758A645,0.03043439847128571
CC_344D239879D6,0.14881768254338346
CC_34503B6891CE,0.2825103368168641
CC_3451722A3813,0.10292007946907702
CC_34517B513D8E,0.5963118214640875
CC_346ECB4CF2F8,0.15778546693215614
CC_3478E8B6B56A,0.082582884340457
CC_347AFDE16722,0.06309548669225794
CC_347B1A01467F,0.0497374248069111
CC_348AA62FF484,0.2684192904486284
CC_348D3F098A4D,0.0911192277277027
CC_349290E4D0C9,0.15320877641196654
CC_349347D553D1,0.3126278069843353
CC_3495CE27BB05,0.20601761717780798
CC_34B10A654721,0.12857492407029966
CC_34BD2C5130C8,0.1278209150280229
CC_34C433439160,0.05517299983101562
CC_34CA271F73E3,0.30694760062357695
CC_34CEBEA3B15A,0.07767859722831855
CC_34E58CF793A0,0.1239694127595568
CC_34E6909B6027,0.5835049627659133
CC_34F4292A8B5C,0.25267661063127245
CC_34F6DD223594,0.04346833109030066
CC_3508A7A5E9EB,0.13231937459737475
CC_35094977DD75,0.1192932185092713
CC_350DE157CE6D,0.23571313221045892
CC_351BD5C2EE8B,0.027519743740217862
CC_35486249EDEF,0.19119534111593478
CC_354C9ABE6DDE,0.06973604661582569
CC_35578162927A,0.11506659245288185
CC_357C3E7518D3,0.7971401161263414
CC_3584C15BF11F,0.061545091783279465
CC_3588C5166872,0.08076322344599887
CC_35A68306B19E,0.1964922795777037
CC_35BFB3093D02,0.056316190125602884
CC_35C085ED37BD,0.5483838622335874
CC_35C695C13279,0.09790919007743502
CC_35D1668A4C13,0.21738390159925294
CC_35D27495E0CB,0.764177861856476
CC_35D562E1DBE1,0.738436636794248
CC_35DCDC74A757,0.46507962309299067
CC_35EC2AB1D1EE,0.10750190773362997
CC_35EEB90317B9,0.5843939709018178
CC_361A9EAF7706,0.27162296966949007
CC_361B968FEB98,0.3029019407324882
CC_361C9FA031A7,0.8131590789620385
CC_3620C5D1B3E2,0.06693221428078512
CC_3622D7221940,0.03495171715147055
CC_363175E92F74,0.295627958480133
CC_3638C9146BFC,0.14026738137529543
CC_3643A4C7EC5C,0.05468928654532783
CC_36690A9AE112,0.7584337880359171
CC_36719170F638,0.10159080254264055
CC_3673466BA7A7,0.09513919000516623
CC_36847054DF52,0.3511569272163351
CC_3691CE792752,0.7038738541985171
CC_36A27FE53743,0.5634148839331714
CC_36A3FB06D1D8,0.7912283806307998
CC_36B0F2AD5413,0.06745438361594858
CC_36B1B7BF5F75,0.13496584638630887
CC_36B68E66951E,0.4473594259796254
CC_36D3F09AD810,0.5028852283018896
CC_36DBD8424220,0.504465677787002
CC_36E5645D8018,0.05494106788196946
CC_36E6592E4E23,0.16072740527746596
CC_36F143AEC864,0.09249538113588976
CC_36F2A735DF73,0.15722268056276706
CC_36F81C003E8F,0.03364938910941653
CC_36FCD55EE425,0.6045306278295803
CC_3701D5DB7FA1,0.08831034314217427
CC_3706E1EB2587,0.5732033762881928
CC_370E0F8EF86F,0.5437803368804304
CC_371D47444D5B,0.7005537729315647
CC_372CFE308EA4,0.63845526407378
CC_3731D90357A6,0.2888001434050638
CC_37322F66C543,0.03273837412764244
CC_373539DE38C5,0.11928886064856958
CC_375225700242,0.29912638503068356
CC_3762D0B6F3C2,0.15472357669789907
CC_377A277E831A,0.12730284653739427
CC_377B6066B91B,0.14542188314495708
CC_378D71726B5E,0.07893694504155854
CC_37A46BD0DCBF,0.05893514767315055
CC_37B447368F02,0.7499749921435702
CC_37BFDFE369A3,0.22337379073603295
CC_37D09FE492BD,0.0840159395559365
CC_37D3F4C07235,0.22715037780907243
CC_37DDACE48E3C,0.11672673980836897
CC_37DEF85C0A37,0.3066135776273
CC_38020CED9EEF,0.07151387763442281
CC_382207621EC5,0.7665350045174388
CC_38374AB27F95,0.08583877053511031
CC_383A5544DD5C,0.1458283518801043
CC_383C129A5B96,0.23335516568820625
CC_3847AAA649C7,0.10594600876027588
CC_3849D992C1E3,0.08474082131410157
CC_384BB17F0F0B,0.5848630280802887
CC_3851177E5E76,0.0837595153420613
CC_3862F88850B8,0.2622940368562314
CC_3867CFCFCC94,0.21674236297700963
CC_3872ED018F85,0.2326889568309816
CC_3881A587C072,0.11683013913018535
CC_3882F8EB5EEB,0.6359067448514194
CC_38911341EA6C,0.10585113548060694
CC_389E5B71E254,0.516108798007097
CC_38A0DBCD3728,0.06677247135974274
CC_38B3E9142747,0.07761548508094386
CC_38C1B8860300,0.07184090265028094
CC_38C8CF250B60,0.02561789808456277
CC_38D32B790B4A,0.14947355686929908
CC_38EB304A9915,0.17853209891480976
CC_38F26461C872,0.6430079196649234
CC_38F942257E28,0.502529294827113
CC_38FA5D78A8A7,0.04776528704840874
CC_3903D7BCCA95,0.09226467279239271
CC_39043D7ED04D,0.18910537478053754
CC_39098B256732,0.060520030148739815
CC_3909A2E4C679,0.1027755159629519
CC_392344DF8D55,0.2837287876945055
CC_392628C8AD47,0.07903977041730738
CC_39285F4C42BF,0.38576297780600555
CC_392A376EA1A2,0.09038002543800792
CC_3932E086F150,0.16123714340392173
CC_393D1D3640D0,0.06493210047673896
CC_3943B3490B49,0.7548748607576474
CC_394DE164DBCD,0.12486174984230729
CC_395600E84A54,0.14573912417941787
CC_395D181A7E1F,0.09994398147895991
CC_395E8CACC437,0.1247092993066185
CC_39635AC6A70E,0.048145108809932884
CC_3969352E3ABC,0.11687128330694391
CC_3985C0DF9CB5,0.4894705441784442
CC_3989F2C6A9F8,0.22053093965358017
CC_39A82672A1B2,0.07506355082490976
CC_39AA15DAE17D,0.6559139211880244
CC_39AA2A3D98CC,0.045161075498200066
CC_39AC257B00C5,0.09040547273479946
CC_39ACC63CDAEE,0.13056035865765886
CC_39CE40784C2C,0.23246472660866702
CC_39E1A306D418,0.1410751222893728
CC_39F2B11C46D7,0.07129728110950007
CC_3A10F5F50A27,0.04264242293074976
CC_3A27CF9D162A,0.533916932673175
CC_3A297424A7F7,0.12052683648673133
CC_3A39F7930BF3,0.11498247564990657
CC_3A57566F9977,0.5427157834892231
CC_3A61121254E6,0.06489368005909527
CC_3A81C568A7F8,0.1856810989309086
CC_3A82E7050A4D,0.0489039143480819
CC_3A860AADE6CE,0.15763070422887487
CC_3A8B3FC29C9E,0.13112433273628632
CC_3A8E9056A5A2,0.11155945460623568
CC_3A9617A5777D,0.3705489434679259
CC_3A99D25777CD,0.1327564848175101
CC_3AA9E8D01340,0.5321583190949855
CC_3AAEFC09C290,0.7613621533795344
CC_3AB5E579843E,0.23574834485477794
CC_3AB77A30AD40,0.12429005198667606
CC_3AB7BA36A414,0.31249190955169437
CC_3ABA830A5BB2,0.12680481901086008
CC_3ADDDA550A57,0.10625900478239934
CC_3AE7B1151DC9,0.14622022596630518
CC_3AE9A209EE00,0.04748151291442808
CC_3B06FCD75C98,0.056013603771221165
CC_3B0722FB5E8E,0.24517224072745067
CC_3B1C51DD7429,0.16945764525671964
CC_3B1F4696D710,0.6090118184261044
CC_3B224413A072,0.23695514680121055
CC_3B35C3783CCD,0.22932765448236603
CC_3B3626F3DF9F,0.2375329184047358
CC_3B4405C7E486,0.5568644175158641
CC_3B4C4A9C9D99,0.325035357977952
CC_3B72F0E9E3F8,0.1728555180872254
CC_3BB02A95C6C1,0.715696978437771
CC_3BB8B675C2BC,0.4287984757277896
CC_3BC51B069218,0.10895259046435955
CC_3BCA5BD201AC,0.1359083044852593
CC_3BCAC9793441,0.2715556188477714
CC_3BCBC867AC4A,0.036302791432410234
CC_3BE51412ABE7,0.41917617484992303
CC_3BEA98B401CD,0.6570260780213046
CC_3BED6DF1ABF1,0.1551275439471621
CC_3BF0BF7CF827,0.8396122043191109
CC_3BF110035599,0.5970531365160389
CC_3BF213810DEE,0.6832955551237467
CC_3BF21CA88D3C,0.40315488391828247
CC_3C0E29764C71,0.06311175196926903
CC_3C19509D4636,0.12585399963497879
CC_3C1B038BB068,0.15581335988070763
CC_3C594CADCA2E,0.20943080712166662
CC_3C5D909498F7,0.6953956552238278
CC_3C68D5179A01,0.1352637075526278
CC_3C83955704BA,0.7828307195834806
CC_3C93218F41B2,0.34724815002701653
CC_3C9CFC8FB4D1,0.7302307495395948
CC_3CA266EB55BE,0.1002601281663462
CC_3CE49C937F7C,0.10165653656906298
CC_3CEEB9C04F0B,0.3743217556223026
CC_3CF504AD4DD9,0.06469705799148733
CC_3D1092DBC5C2,0.1902172822511096
CC_3D185833E7BB,0.03674902240068424
CC_3D2309981121,0.3262252119021061
CC_3D27A0086AA6,0.13640939739009197
CC_3D3BE7D0F4D8,0.08194178465967766
CC_3D412B5EA919,0.10769943722025138
CC_3D47650C6F30,0.08763633900213946
CC_3D55D1FD8457,0.05282000157266612
CC_3D599501BA76,0.07596453117420357
CC_3D6181EE3C87,0.6367276909994575
CC_3D65CC165F44,0.126821653107699
CC_3D6CF6DB8014,0.42749215793139406
CC_3D7C14801D40,0.20649846856372797
CC_3D836BDBF866,0.6053009270479215
CC_3D8DF3A3DB71,0.7642365883751646
CC_3D9309851089,0.17777492934201183
CC_3D9ECB4274C3,0.13538003507691032
CC_3DC8A9A92802,0.2944767199855504
CC_3DDD3813D1D4,0.10196195763917935
CC_3DF3FFB3CFC7,0.1451881959289067
CC_3DF88701601B,0.15861993602873717
CC_3DF91A482CFD,0.301033761946851
CC_3DFD6349D046,0.6026636311579892
CC_3E0D54125AE0,0.16816216177514431
CC_3E10CFE1DD57,0.05655001916182154
CC_3E13CB98572B,0.12650993667146343
CC_3E142C8ACA6F,0.09007823600791819
CC_3E1BAC4E5B90,0.060614198607937805
CC_3E2DD0D1E2D8,0.13293803902813836
CC_3E403BF08A45,0.06090690913464434
CC_3E46368104AE,0.09945751930795396
CC_3E48A086B5C7,0.3279660863563779
CC_3E54451B0F6D,0.08152345559012772
CC_3E6335ED3F4F,0.10282875385489139
CC_3E87A65C50A5,0.20712051594277223
CC_3E91109E2090,0.06688125123444973
CC_3E92A1EDA618,0.18486458097150157
CC_3E94684FE270,0.46599348244310523
CC_3E9DB402F352,0.19278550657382054
CC_3EB5A15A6C04,0.781837793682999
CC_3EB8A9A6C49D,0.10806265191477278
CC_3EC96BC884F2,0.13085240324045228
CC_3ECA9E44B90F,0.2077112759070624
CC_3ECE4EF16A44,0.16676252233934843
CC_3EDDB8E70F57,0.24061399187398336
CC_3EDF137D0E1C,0.12098714349507979
CC_3EEEE844410D,0.3927248800104994
CC_3EF4F348C967,0.12109331217235982
CC_3EF91DD11A81,0.15464126587792743
CC_3F08C55E7A40,0.19776177676109852
CC_3F171CED0CFA,0.029893653027230422
CC_3F2544EFA753,0.11844502647236038
CC_3F28F3286CCA,0.09151552672283986
CC_3F379CB37B0D,0.16005168773414763
CC_3F42D798AB1D,0.6298116149374715
CC_3F48724540D5,0.16258011021726668
CC_3F68068E2D5E,0.10833824162361595
CC_3F7FBE71B77F,0.06739686549971503
CC_3F80017B8599,0.07003921659582676
CC_3F8B17953200,0.06433557580691933
CC_3F964BADC4BC,0.723115957138013
CC_3F9767602FCB,0.21002279246468214
CC_3FA84F0B23CE,0.07774387453600448
CC_3FB4B189143F,0.1525614880325917
CC_3FB7C976EB26,0.4902993903159187
CC_3FBCEB2F36D5,0.12942783912324074
CC_3FC4FE843245,0.12720594478756317
CC_3FD52E32FE8B,0.6309382854666421
CC_3FDB44EC6254,0.042730160905584215
CC_3FEFBD6DC62F,0.2535054901752665
CC_4005466D00ED,0.3641894771304918
CC_40095FFBC1A2,0.058684105607337736
CC_400F1887A662,0.11307738882082959
CC_40133FF3069C,0.0723777660521438
CC_401C6F0EED5A,0.11144533065826484
CC_4021AD03FA01,0.14471847218511208
CC_402E91F3A56C,0.11553710658444132
CC_403754B6988D,0.12350850220280518
CC_4052DFCB1656,0.21916402689856257
CC_40579C5C13D5,0.7988403983696694
CC_406937FF97E7,0.08324977426556922
CC_406C4233347A,0.101582245593142
CC_4073E42E11E4,0.16155362091304457
CC_4077BB12A5F4,0.1336553191577391
CC_4077DD5B5C4F,0.1690523632597327
CC_40824D899215,0.09086471419045124
CC_408D79189FBF,0.2913466511587999
CC_40A3F1D5EA0F,0.3420513641434979
CC_40A852A592FB,0.18348363369321619
CC_40AADA91D560,0.20689102947070273
CC_40B39CB2CC58,0.05016312403597618
CC_40CE2030F058,0.06902963862805235
CC_40EA2F8481E8,0.15497244498916324
CC_40EFD7778F98,0.15708931981790525
CC_40F278D49681,0.28874572226220574
CC_40FFCF631F19,0.4169914231831129
CC_4101D1B82788,0.11346705785316705
CC_4109B79A4B06,0.042174601023869614
CC_4119348F051A,0.15142557195649495
CC_41206EE45803,0.09039184632482855
CC_412DF740DA62,0.151747587463803
CC_413AB4CA7451,0.10846645285715804
CC_414C06C60FF7,0.6219476940114634
CC_414F50748A51,0.053486022768240854
CC_415C65EA66AA,0.06134918949647472
CC_415CED95F7CA,0.12325889834443056
CC_416584250060,0.10066585924633656
CC_416B3A1F0F0B,0.09671432840536316
CC_41735021FC7A,0.2457177610545957
CC_417858CD20F4,0.0962910950842702
CC_41902EFB3974,0.04497913776332974
CC_41A27790EFBF,0.10983921272225362
CC_41A4A223F39D,0.10204802584211158
CC_41B464757ED6,0.11910095917976994
CC_41D1A87E1136,0.38473651435875245
CC_420FE297808E,0.036405905675650434
CC_4211096D5588,0.15003976482823345
CC_421F4D78128B,0.503860246876191
CC_422F2780C85A,0.26651474703123745
CC_423B0296BE24,0.0823524104385021
CC_423E78000AA5,0.11217858625138973
CC_4246081DD359,0.08984123974466857
CC_4249EDF2FDCC,0.7994186528927066
CC_42568C67F412,0.35483076558530807
CC_426A25EA9E21,0.7199772987290318
CC_427ECDDEECE6,0.30609016884767803
CC_4289EEC8F0A2,0.09908726845576031
CC_429A7158AD07,0.08951904516677849
CC_429C51AE729D,0.038720886252630086
CC_42A0DE1E5E80,0.10547638647127888
CC_42A7D0F5388F,0.09175457428752148
CC_42B23C8C9F66,0.11318562926804936
CC_42BD3999AC3E,0.2831608409040451
CC_42C95B199130,0.3541350811394859
CC_42CD6CE97523,0.5182375587811512
CC_42DA114F12A2,0.3950626166168172
CC_42E2736AA331,0.17432437540437634
CC_42EA825C351B,0.43722711171091766
CC_42F1B2B4D258,0.5855788620193361
CC_42F4588EB38D,0.3882324945676426
CC_431F29A12E99,0.16958737912562785
CC_432EB78A198D,0.24180752993608465
CC_43383344BC72,0.1899806334349929
CC_4339187DD10A,0.05039947636146109
CC_4344A2E7EA1F,0.48899990168917556
CC_4347468ABE51,0.5283998649612295
CC_434894BC2577,0.06107995760603704
CC_4362DB93FC92,0.08847416514601197
CC_436850DDC704,0.1327557647686355
CC_43698E2EEA0A,0.12797360034701194
CC_4387F73F131E,0.11410250981905151
CC_43A33C994C70,0.4184344238258708
CC_43ACD82B5514,0.3034440922760383
CC_43B37131B8FA,0.20608646398349825
CC_43BFCAF8BD20,0.22385453898616223
CC_43C060E01266,0.22319481109571196
CC_43C41AF27375,0.07550911955764922
CC_43C5AFA48B93,0.06802444073358431
CC_43C767A44C55,0.17214742169059336
CC_43DECAB53552,0.0480658623413462
CC_43E6D931158D,0.42258001288992525
CC_43E9F88019F8,0.05820799757567406
CC_43EBD6EBD675,0.0749929529249483
CC_43F81C577002,0.30950513805366
CC_443C4E041687,0.11231975043198832
CC_443F63BF238A,0.11244432558271782
CC_4463776F9AA1,0.12005476278474447
CC_446F1EDF03C8,0.0689526445921414
CC_447BAD4F7820,0.8508538114803812
CC_447D02F917B5,0.06566168088435008
CC_447E705746E2,0.1681162162382258
CC_44A017104F93,0.6348826258389688
CC_44A1E58CDBC0,0.057735024704866855
CC_44ABCC04C418,0.09663001729196427
CC_44BF6BCCFC2E,0.04478679918728248
CC_44D0671A3B87,0.11598723061333058
CC_44DBEE3A7D81,0.16105466651394823
CC_44F7DD6A88A1,0.21865591113371366
CC_45080C42280D,0.2174939789249168
CC_4524AD74135F,0.5288454406007018
CC_45262103231F,0.23922024253949584
CC_452D8C5D039C,0.7963617641609247
CC_452DECDBC90F,0.05910503130475897
CC_453C9B3A5992,0.5239731989798716
CC_4542AACA1FE4,0.09227408845148538
CC_455209549D3B,0.7910753553707515
CC_4555C804C4D0,0.06285873482606721
CC_4581E4190B2E,0.09586974187852756
CC_458912F91D6F,0.44844661770282274
CC_45913E1BE65C,0.2930857983424996
CC_4594791FB40D,0.12136152876569765
CC_459B49073E2C,0.2968790578834647
CC_459EA8E0E2EF,0.12713304316131677
CC_45A4A38557E9,0.14920782597365206
CC_45ACE2B1DB6F,0.07353140189105878
CC_45C1A92F0E8D,0.11141350265792346
CC_45D0673EDD20,0.16494565854027718
CC_45D70DC84DA0,0.10634792134421904
CC_45D96479EC1E,0.046322241580508725
CC_45E8597BF74E,0.08722716617948315
CC_45E97246F83A,0.2670015947403559
CC_45EC44761309,0.1260418638781442
CC_4603A6F83E2A,0.05784381368533137
CC_46045CEE8330,0.09252004776612205
CC_464E17187A4E,0.34843213004891643
CC_4659FB4B8536,0.16900903487038066
CC_465EF4F9B68F,0.15451458536536916
CC_4663FDE62E3A,0.2785690069665582
CC_466D54BE0809,0.07703293618413182
CC_466ED9BD34B5,0.08916554174881011
CC_466F7908E13D,0.1758960824421518
CC_4695A5525A11,0.15938832265902533
CC_46BBB8A4854A,0.059582337577105605
CC_46BC61EC8F2E,0.1767021370740061
CC_46C0DFA660B0,0.13543402200962465
CC_46C2DCF84CA0,0.11658814617282036
CC_46C38B9F0D8E,0.09199854110305662
CC_46CAB9AE7C87,0.5027777135890906
CC_46D0D1ADEA59,0.15914149589889803
CC_46DFC1AA0821,0.7981866979086474
CC_46ECA5976180,0.18720913087411367
CC_46F5F6D27991,0.07130721136333328
CC_46FE9F226120,0.20826289989820804
CC_47130CC63FC5,0.14089367413299592
CC_472330768F5F,0.08186481272821387
CC_47292EBB8BD1,0.15550168878826384
CC_4734AB1281DA,0.06336892327281901
CC_473989E6BA47,0.28344427300415787
CC_473AE07014DC,0.15723992914677754
CC_4741EF45C3DB,0.25831329548891024
CC_474586BE49EB,0.14689466398839057
CC_47490BF44944,0.26621155927460216
CC_477213DAED38,0.08753082744818108
CC_4778086276B7,0.10379922480334342
CC_47910B073CF3,0.242208885729156
CC_47939776FDF6,0.7179649391295411
CC_4796F6A64420,0.0668927651809207
CC_4798549B52ED,0.25565698200913817
CC_47A3714E7D2E,0.28561072728217674
CC_47CE219EBAAD,0.20792117731566914
CC_47CF9074E03E,0.17610986130006034
CC_47E4537A53FD,0.13365618656994777
CC_47E8BC938FA1,0.16456698595692745
CC_47F134D17818,0.12218117461792362
CC_4812FBE05C7C,0.34815044991512845
CC_48152725FAB1,0.5876542114061727
CC_482256495FAD,0.6942327237372036
CC_4829FF15D21E,0.17378088684850648
CC_482D26D81935,0.6617929175342058
CC_4838990A8D02,0.08883088103935051
CC_4862EA9CD1DD,0.05057115497248431
CC_4862F8C1B0AC,0.07132262552991434
CC_486CD67D26CF,0.13870534332944567
CC_486D8F9AE549,0.25211332880499615
CC_4877D1BDB737,0.0979836655574167
CC_4885E34F0B26,0.13702976408802026
CC_48928CA8082E,0.1589074938488345
CC_48A74FF0E6C5,0.09988378158214085
CC_48E0791DDD62,0.07639663113465807
CC_48F620B6A472,0.08434535423074162
CC_48FDBB1D7493,0.09427923546154586
CC_4910EC928152,0.10897670443816115
CC_491C18C17767,0.06387137457347336
CC_492F65EF8D9D,0.8180232919251889
CC_493DDD53B97E,0.05915002715314546
CC_495F82AA5B9B,0.1658595704056694
CC_49618412FF86,0.08978268071032358
CC_496A7CFA344D,0.7414269375611857
CC_4983EBABAE3F,0.07876953807835359
CC_4992C1915957,0.6439051832876967
CC_4993B31028A7,0.08629699593696682
CC_49945441A644,0.18925451638747773
CC_49A80692BC68,0.12840774379635334
CC_49AB67613A58,0.17081853658562327
CC_49B05CADDD95,0.5849768663462874
CC_49C6F9AD111E,0.07198412497543136
CC_49CEB94F0B3B,0.03561309688916249
CC_49D3A79B55CD,0.10397928272327597
CC_49D6671DAE8E,0.1329960472174252
CC_49E6C539B1CF,0.0656575130163802
CC_49EEDF0DA684,0.028047816980857617
CC_49FC290E33A7,0.14766947752714457
CC_4A01CF2F67D2,0.7137576716810619
CC_4A16DC668832,0.4957673078860482
CC_4A212461781C,0.0959250329703641
CC_4A237A8E6706,0.14194256374038666
CC_4A3DFA0E27A4,0.13747988839775863
CC_4A513D39DCE3,0.06940222723677335
CC_4A532B0E6165,0.15337753256702447
CC_4A5FA9F1C804,0.09072869214779455
CC_4A7BDEC665FF,0.07246870165165373
CC_4A7FC9B23222,0.3083976062329767
CC_4A8A7080FA25,0.26900101099486207
CC_4A8EFD589879,0.06642826315685757
CC_4A8F7D2B857C,0.1939218290865508
CC_4A91E8D4289D,0.3763082429913145
CC_4A93163A12F4,0.2907479604764379
CC_4A9FEF48EA65,0.13606461919456775
CC_4AA73D751AA5,0.30687707313331314
CC_4AAED0C85F70,0.14289293573675793
CC_4AB1DEF044AA,0.052685092651039135
CC_4AB5AE299217,0.16252415019454317
CC_4ABA0CDC2270,0.17961071350311866
CC_4ACFFC2F295F,0.6290564524750307
CC_4B0490BAB1B9,0.07607516225348208
CC_4B28B03CEFEA,0.08802493451643291
CC_4B420765EB9A,0.1400964172767295
CC_4B47C16D9867,0.1157796386699454
CC_4B494C4D7D03,0.41247303757153686
CC_4B4C84B015C2,0.0532583491797023
CC_4B607295E983,0.04707648442601134
CC_4B6D24E81483,0.06661520573974483
CC_4B77AF6FAF2B,0.6895829123723118
CC_4B7EC3F2FFBA,0.057865241899234754
CC_4B85318DFA50,0.15131465779596553
CC_4B9B36B36DA5,0.7471007879552083
CC_4B9E0AD5D692,0.5184453595193108
CC_4BA041C9678C,0.12676465698425177
CC_4BB40F2129A6,0.09082200363406953
CC_4BB8FD274E2A,0.052085802199342474
CC_4BBB8118FBBB,0.1407471714916177
CC_4BC8CB91719F,0.10791364589326098
CC_4BE447D54BB8,0.15168855239293702
CC_4BE85B1BDB62,0.3874099720084922
CC_4BEF3C7F6395,0.23510228845485417
CC_4BF03FF61B97,0.5077217795474447
CC_4BF4C38EAE8D,0.2550020741460101
CC_4BF95B8140C8,0.09967908683155434
CC_4BFE0CB61B5A,0.428473285471827
CC_4C2A3F254101,0.36953458592453536
CC_4C351DEB6230,0.24699905438105824
CC_4C38031A2A9E,0.09877772141895008
CC_4C3E35875F03,0.09360944195308059
CC_4C4D79F933B2,0.1476949362075379
CC_4C56497F4AB0,0.7260362558196728
CC_4C827B493CFD,0.13014050726183501
CC_4C849C6073AF,0.11121239433965588
CC_4C869E6F618A,0.21621436466741717
CC_4CA21C15763D,0.11653466753530088
CC_4CB2F1CAE684,0.08704714677493941
CC_4CC0265E0778,0.045175677882803834
CC_4CC5483903E9,0.5373270682402257
CC_4CD7C76FE235,0.39876557370034693
CC_4CE2BFED4F4C,0.08344827823293627
CC_4CE751CB58FA,0.39146725482895256
CC_4CF3E184C500,0.041965865855018124
CC_4CF668E60D64,0.30634469653634055
CC_4D1A1AF53E18,0.06989478709280834
CC_4D29155FCF33,0.17904121497879133
CC_4D2CC7618AC2,0.5128701081451821
CC_4D350FF7402B,0.3254649061870091
CC_4D38AE84E3CB,0.20424470767203845
CC_4D4140E1056D,0.09327497241091312
CC_4D5545FAB130,0.5408135411508768
CC_4D55E218946E,0.08139170190886266
CC_4D5E14BD6AFA,0.09653671117415168
CC_4D78935D66E9,0.05776218266114821
CC_4D883AAAC6C9,0.046524915234892494
CC_4D8D8108C51E,0.5980858591461728
CC_4DB40331777A,0.7813275293478101
CC_4DBC8652D26F,0.08650599491093763
CC_4DC0E154EBB0,0.7054709184593702
CC_4DD5B8780C4C,0.08923198469969984
CC_4DE0070FF683,0.16828986675494975
CC_4DE688CDBC27,0.11631011944695674
CC_4DF37857FCEF,0.06384748326830555
CC_4E20F0249BC6,0.779607207637903
CC_4E2F01B7B9EE,0.18470861115185513
CC_4E41C247B4E5,0.1867539323143008
CC_4E479F6989A1,0.07831052572856212
CC_4E48AF17BC29,0.06671057313924086
CC_4E6BE67E3C4F,0.03911551313009279
CC_4E70939C5933,0.5145345078004968
CC_4E70FB172717,0.16328304080433848
CC_4E726EE8C026,0.24701822192495193
CC_4E76F48DFDEF,0.088598879401605
CC_4EA180B2B913,0.031869552774632076
CC_4EA67A160C3E,0.5589795898563381
CC_4EE41FC91AD2,0.14010763314574642
CC_4EFECC6C2E36,0.6577199836948313
CC_4F22CB97C34F,0.04948707363935773
CC_4F2444DC6C75,0.818176260587865
CC_4F2B7F512DD5,0.06776977187669957
CC_4F504A9744FB,0.13956400208805758
CC_4F6FEE589187,0.13691251980614988
CC_4F71AAF96C32,0.09665883004187259
CC_4F76E57C55EF,0.3744333173079792
CC_4F88D3E5AA2E,0.042205937682620986
CC_4F8A4384F6DE,0.13591582365952787
CC_4F8D83DCCF25,0.23812349638535646
CC_4F956AA47816,0.6287860157870381
CC_4F99FCEA10E8,0.09251843387378934
CC_4F9F10A183F6,0.06933858642070817
CC_4FA766935F14,0.0902746482946584
CC_4FB0B9E398F2,0.25611918724863125
CC_4FD0DF6CA3AA,0.056809700397890336
CC_4FD902F7ADEC,0.10359506278662141
CC_4FF1155E3A6B,0.30373022355049667
CC_50103368F241,0.11047992559332695
CC_5012B9991935,0.14150242311412448
CC_50172FF2C2C1,0.1401860591293035
CC_5017C9BA7773,0.07701008292412835
CC_502C3D0EC4CA,0.08773450714729349
CC_504157951119,0.06133509988389117
CC_5042938B5A9A,0.46700623882154346
CC_504A57293FE4,0.8014588187305285
CC_505812CFE43B,0.3356361780128998
CC_505A6EB06E39,0.3220627478809977
CC_5064CCE0EF29,0.20883792582168714
CC_507BDF639FB5,0.19505511712799897
CC_507E53684AB6,0.13816922919147556
CC_5087A0D1765D,0.16624879978825957
CC_509229AEC221,0.1762075915574418
CC_5092D3A72B03,0.1829587062997342
CC_5092DF691F74,0.539947743362946
CC_5094BB59416F,0.20471762618285733
CC_509926B384D8,0.7421028836570563
CC_50A6C96DA7D3,0.05993595303093904
CC_50AE75A10F3B,0.257970027722215
CC_50D4BB93EB1A,0.06421429807442788
CC_50DF7B02E356,0.17796197944087866
CC_50EB53CFE7F8,0.06645228869481667
CC_50FC7D563CE4,0.15600131819823587
CC_5100E6EAA3FF,0.21047947857845384
CC_510F2944B2A0,0.12633020525930974
CC_5128881AAD54,0.09795084925282409
CC_5138941DB7A2,0.1387373372170545
CC_5139EF8BEAFB,0.1349253652345606
CC_513E5EEC6B04,0.11276869417566206
CC_51427EF15375,0.2606133934208557
CC_5147B281DA64,0.3101116678593763
CC_515D968ED36E,0.08951349813813302
CC_5176FF858154,0.15507697145567617
CC_517CB40FB016,0.09538998913934679
CC_51884D5F3E4D,0.09911959502303842
CC_51AE98263438,0.13863995143760305
CC_51C9CE782368,0.1433562512124076
CC_51CC80D1570F,0.0592421501542019
CC_51D2E3476902,0.06526135132497321
CC_51E05E706D64,0.10482337730779323
CC_51E5A5E9801C,0.06670547130808993
CC_51F5DA44F9A0,0.4660846594673906
CC_51F6BDD355F4,0.07043122195688585
CC_51FE657FE212,0.08681070116329087
CC_520950C9BAA3,0.05498916119586467
CC_520B1D31AB99,0.10763771869365446
CC_522550E1761D,0.746937827294478
CC_524CD519E76B,0.11021560207984941
CC_524FE9E3DAD3,0.47589544212838547
CC_52629A025048,0.1352188027063036
CC_526765FC100C,0.24854071549082193
CC_526E56249FFA,0.27474832929271553
CC_528B42A34966,0.25548419381738724
CC_5292B36E4882,0.18445052118596825
CC_529A2F110236,0.1443442437166939
CC_529BC4ADAD6A,0.22417363284245911
CC_52C1C5A6F887,0.09045925693897222
CC_52C3B674FDFD,0.25185747346237786
CC_52CCBB8F9964,0.0769625391862111
CC_52D21FFA24DE,0.7326467481317304
CC_52D32EDBAA78,0.15345884430169454
CC_52D7821A8363,0.14470121251175067
CC_52D9087EBCD6,0.7636376987740655
CC_52DD62E1AC2E,0.15389021195317543
CC_52E8B04F0FA0,0.10413435132794041
CC_52E965E9E2C3,0.12534394509063138
CC_530BA492842A,0.28098616252628417
CC_530F6E906D6B,0.03583575211329428
CC_531FCFBE3B13,0.10759374934996052
CC_5320DFEAD897,0.16115235661360452
CC_53319AE7B829,0.6191032463764813
CC_53481151859F,0.043922065102781065
CC_534D4FC05F82,0.20743133988380436
CC_53687DA8C9E5,0.3192558823735878
CC_53795A7B7751,0.04378673343330162
CC_538328A6B3BA,0.4430210111060469
CC_5385266461B1,0.152284249055175
CC_53891CB35BF8,0.1754916904083375
CC_53A6E1083B13,0.0732617503695946
CC_53A77DA726A4,0.0623786847747388
CC_53ADBC2F6E34,0.23844202276129456
CC_53B249809561,0.09117715630590058
CC_53B2DF5B019C,0.06371362038537708
CC_53C1F3E031A3,0.17540083453906116
CC_53CBF2E8AD05,0.4903392035343062
CC_53D04793ED9D,0.0785346483232639
CC_53E23A9B6F74,0.10126820803084746
CC_53EB59C99100,0.3395529408188541
CC_53EB9AC04311,0.09635646800219148
CC_53EC732C9B30,0.03172728164685881
CC_540122E71534,0.12637902856749533
CC_5405C89DF8BD,0.6874748390385089
CC_540D69F5BA23,0.13345113386172075
CC_5414446319CC,0.7651091129665624
CC_5418410F95A2,0.08698680426981857
CC_5431A01C30E4,0.08665432715439474
CC_5452437FC605,0.4345005538657529
CC_5452979BF98D,0.090567201360644
CC_546EE83F84A4,0.47531359481554986
CC_5473268241FC,0.1493808121201674
CC_5474EE64D859,0.32251490206266553
CC_5476E2B2FCA0,0.10935581438035125
CC_54892024F98D,0.2037931376934822
CC_54B33C66DCF7,0.10223815759958224
CC_54CF66B660B4,0.4180619453726671
CC_54D3A35EC69F,0.0635705854739205
CC_54D6AE2665AA,0.10070687140347773
CC_54D93974E62F,0.2836027955537095
CC_54F5F552A0F2,0.14240681584178605
CC_54FC3B361BDA,0.0787293532778144
CC_550135E8FAC6,0.13773436988391777
CC_55020AD0D117,0.11769269760402548
CC_55094AF7EFEF,0.11432877858301611
CC_55126E23462E,0.061482280104082104
CC_554C21CCAF3E,0.09603414282847325
CC_554C912C7DBE,0.07760293290125367
CC_556B02A2B401,0.43947379028818967
CC_557A0B0CD0F4,0.16022298325983558
CC_559A14E729EB,0.2875403553221022
CC_559F0DD4E4A7,0.20114713593718725
CC_55A82B4E57F6,0.16534458361252954
CC_55A98ABE4C75,0.11633678169491171
CC_55A9D45EA466,0.046472159959135506
CC_55CB872FF50B,0.23545825807803686
CC_55D9E3D58435,0.1943679071887077
CC_55DFF3C3BB46,0.05179544970413116
CC_55EDC3996984,0.1347800757943394
CC_56013299D8C5,0.09531878424410656
CC_560B519C1F50,0.08347587006760238
CC_560CABF0F5D0,0.15565869102414953
CC_56178AD87948,0.2854640689379811
CC_5619A7BB54EA,0.09898080556292588
CC_5624319D7B28,0.10379814298120861
CC_5625119D6C37,0.19383643801146228
CC_562BE7245E1B,0.7178297663268058
CC_563684010DF5,0.7214110463766028
CC_563EA9A29338,0.1025595551308134
CC_564590AFB575,0.03029370573336016
CC_565E01191BF6,0.6587877842217789
CC_56612A039382,0.05586077807530687
CC_5665FB827721,0.5210833864185183
CC_566932C3CC97,0.11248402075795541
CC_5671D59B2A51,0.11789195861488684
CC_567E7DD24A97,0.08293340494811344
CC_567F47F37683,0.04260162913559772
CC_56847A91065C,0.09803404065227658
CC_5698480F8634,0.05932011122912021
CC_5698B024CECC,0.5458446368576659
CC_569DC051A2EA,0.13369905022286463
CC_56A322152604,0.42408106247172705
CC_56BFD9A8335D,0.3352257893239715
CC_56C9379BADB6,0.0438637837375764
CC_56D410FD8F56,0.32123742657754545
CC_56D4549919EA,0.1599700601533905
CC_56D918CA6353,0.12438887380467195
CC_56DB30CE666D,0.1457996841470021
CC_56E760C3206D,0.2440448294275358
CC_56F73F905615,0.8135220163324258
CC_570683C088DB,0.11000001489012012
CC_571C6AFD00ED,0.4089218781494217
CC_5725663C3B89,0.09864919018346283
CC_57291D7667C8,0.20090788523066958
CC_57313F6E7927,0.17014602519361824
CC_5735F9B859AF,0.6303640208772534
CC_573B34826B2B,0.7062755243571364
CC_5744447CAF7A,0.06851664567778147
CC_574CC0FC7B05,0.13159051476022565
CC_5759E2982909,0.11101529776205439
CC_575CCCCDD7B6,0.6432617064011948
CC_57603A37D19F,0.04635853353671027
CC_57639D4995CF,0.26110791083329754
CC_576E6676FD55,0.06364780948728167
CC_5775C148E05C,0.11495281537217321
CC_5798E560E9F3,0.7624072365998642
CC_57A486F61065,0.6375096209156136
CC_57A726458B99,0.0701793551158647
CC_57B0D41BD7D3,0.36313867497325486
CC_57B501E60C35,0.06641242405910419
CC_57CA90509CB1,0.7540310338358095
CC_57CB7673547B,0.12105733399518008
CC_57DE479CB61A,0.7537608140968572
CC_57E7F1A6B895,0.03969706775025423
CC_57F13C4115FA,0.4198544881554673
CC_57F480CA9A42,0.0834887353984295
CC_57FDFC6DE726,0.25369712516264264
CC_5810468B76BE,0.14592673880279433
CC_5810F212B2EE,0.383180505019205
CC_5817759E7007,0.14208540888027701
CC_5818B5089B3C,0.11572314166558391
CC_582C78363EB6,0.10992691811179045
CC_58391600720C,0.15093894187968515
CC_583D7B177F85,0.09597010342603171
CC_584C11014F63,0.12286889788030331
CC_584CDC12578D,0.05489906135609351
CC_5852F443C55D,0.10280641774383968
CC_58565AF0F70A,0.44396308495435405
CC_58568DF9AECF,0.18554005740125082
CC_5859EE6309D5,0.5000441574325798
CC_5872B45E1C19,0.7224322044009772
CC_58797A417EEA,0.20529575364917407
CC_587A4844B482,0.22307124408918638
CC_587C0CC3DD82,0.6415074551782108
CC_5881A04052CE,0.08878741103055834
CC_589A4E02EF81,0.15950661468657706
CC_58AB46E5655E,0.16015000980993688
CC_58B0CFC9F3D2,0.08088204334274537
CC_58BEFDA6B4C6,0.11846248145249769
CC_58D95C7247D5,0.05300681561681118
CC_58DBF3409D48,0.044941020554918984
CC_58E35A47B880,0.2013608390565534
CC_58E40EFF57CF,0.45510286393657134
CC_58F551219BD6,0.0488986842343425
CC_58FA76C6C45C,0.5713097652768266
CC_59018149723B,0.05222219579380906
CC_5904459ACECB,0.7648531330849919
CC_59088B2886E8,0.03579083974667577
CC_590D2E0AD18E,0.5502722235302567
CC_59146CA05E8C,0.06717959962879483
CC_592592397DC2,0.46102297513143053
CC_5926F5B4E054,0.14206616745818523
CC_592A5A163624,0.33668309255368195
CC_5941C323917F,0.08831988763329734
CC_594E4E86A1C6,0.19840454432772256
CC_595ADAA76A32,0.09729161091817437
CC_596A20270C3D,0.17751186746104344
CC_5970E93E11DF,0.29096550203737315
CC_597AD111527C,0.112945969066
CC_597FDFFA265C,0.11559079695454376
CC_599C287D2BAA,0.35076956012954535
CC_599E345094D2,0.13837363450462778
CC_59A4741B5A92,0.18483697616183067
CC_59BB3A5BA2A3,0.5349897205730489
CC_59BFD1200F6B,0.17395919142020336
CC_59C07CCAF4E0,0.18540181641199138
CC_59C49474B501,0.15836505215812394
CC_59CFBC2CA471,0.5920904294483373
CC_59D62BE0C0C6,0.14468922970734355
CC_59D86F572716,0.1310833685591702
CC_59DF71FBA4B0,0.0458064372489351
CC_59ECB7465DCD,0.053651402267731095
CC_59ED43A803B3,0.029798878499677186
CC_59F5E81F4EA0,0.16225834462673028
CC_5A10371BE7B1,0.7791437950978204
CC_5A2F9A594A05,0.535260180896594
CC_5A38E46246FC,0.6383405960412024
CC_5A3F52B0A07B,0.19412370650501096
CC_5A5507A49F6D,0.09495100184285495
CC_5A58A5E6DE82,0.10120609847966175
CC_5A5BB6DC1018,0.19172465252307722
CC_5A5C0DF50E01,0.10680468743163081
CC_5A633C535360,0.08782709297201571
CC_5A67E62D8D5E,0.7059430382246029
CC_5A6BA0007593,0.12747989855318004
CC_5A7513434C72,0.038367210733739596
CC_5A756D8AE60D,0.22605344852942907
CC_5A7C13841B7A,0.6919405421046273
CC_5A7CBB6E8716,0.19926439731825923
CC_5A83A1E25A2B,0.375150391672369
CC_5A86EB53A14D,0.6991586816179995
CC_5A89E13CE597,0.20745126750422518
CC_5A9466D0CF9F,0.14580450863508565
CC_5A95331BD0C5,0.09915671524272592
CC_5A9F63C3E428,0.07539853713961336
CC_5ABC76FF707A,0.059331933471458605
CC_5AD0F1B43457,0.11552982266679296
CC_5AD82250C271,0.04458819702970236
CC_5ADD27165E38,0.6520606558948403
CC_5AF32E5C8018,0.041915370169692566
CC_5AF3690FA0B0,0.1664246789194967
CC_5AFDFAA63B45,0.1425892711004938
CC_5B025DA26FE6,0.05631381854387989
CC_5B07C7DE7E7E,0.22901137471393376
CC_5B08171A6880,0.2449243368177262
CC_5B09FB1A0BE2,0.07782170026155055
CC_5B0D6BA12702,0.6177716766320496
CC_5B0EF2D4C3CC,0.15483791451405532
CC_5B195D88C182,0.3119858139925318
CC_5B1F6FE71A38,0.06499754975632455
CC_5B247961602E,0.07412442223076621
CC_5B276421F4CD,0.06880250848302633
CC_5B289AFA1662,0.28870456501215813
CC_5B3A16421A31,0.053942657571551644
CC_5B3E78897EB7,0.07273902308297395
CC_5B480B44A9B1,0.1666574106878878
CC_5B546C3A21F8,0.16721179802325545
CC_5B5BC4023EE7,0.15140032549848326
CC_5B6D63DD34B7,0.08894168684772141
CC_5B6E868912E6,0.08752024247111295
CC_5B818D2581FB,0.15666159933688628
CC_5B82E8BB921F,0.3066812259773207
CC_5B8E8DA14EE6,0.18840412020112043
CC_5B900A135A69,0.08485217817434915
CC_5BB64BDF3C99,0.10761025644201389
CC_5BCB2C79D1CA,0.24812488056686288
CC_5C072DB8586F,0.04981969596395965
CC_5C0BEC2A0850,0.09899297926065033
CC_5C24010127D1,0.27527607881588567
CC_5C2DAF5E0EB7,0.45186560171581663
CC_5C3E8DB90978,0.16574382010831334
CC_5C4A7CE69975,0.27869885554954965
CC_5C5766F933B0,0.4846590542149025
CC_5C5808240054,0.1007147266510105
CC_5C5D6E15EA27,0.217765154672505
CC_5C60C4545922,0.1223780797794737
CC_5C626D70F6D6,0.14592921748330157
CC_5C670F0622BF,0.05650843968797737
CC_5C799E57EF53,0.049118378211478186
CC_5C7B44735AF4,0.16226905245477136
CC_5C7D8DF047E9,0.18554469043330038
CC_5C80F394EFC3,0.13500022464488348
CC_5C99E6189441,0.0953175651491371
CC_5CA9AB4A6AB4,0.12910973270720216
CC_5CB78ADD2432,0.1346012325529804
CC_5CDE37CE08CF,0.057825853820646346
CC_5CE258D12432,0.3274424812666868
CC_5CEEF006ABF9,0.05722731983324638
CC_5CFD2850E277,0.27171917512725696
CC_5D01F71B9FAD,0.12149439255268722
CC_5D065A455A45,0.18833282157932407
CC_5D0AA7D4954A,0.29252446683885086
CC_5D242448B812,0.14798784602360804
CC_5D2C5115BDD2,0.17546674575614085
CC_5D3273E039AF,0.6649334531479049
CC_5D398BB3365B,0.10707301655864691
CC_5D3C1CE64952,0.0966852441751
CC_5D4B0EBB5CD6,0.0777843812091312
CC_5D5E897588D3,0.09667098354622855
CC_5D65F25FFB8D,0.07278685993685591
CC_5D665A86C465,0.0898742703013409
CC_5D80C353E475,0.12072573124687211
CC_5D8895A0AB4C,0.20557090960623145
CC_5D88A673BF50,0.2462472644798876
CC_5D89688B69A9,0.40634208610427197
CC_5D8AC8E18A8E,0.08171410277963279
CC_5D8E7DC2FA6A,0.5083238579727531
CC_5DA29AD9E85E,0.055995264298531966
CC_5DB286EAC626,0.3065656746614924
CC_5DBC1BB95B84,0.7996839855571072
CC_5DC0A465470D,0.06034558875035687
CC_5DF82CB03C3F,0.09176033914856604
CC_5E001C93F359,0.06235061186954176
CC_5E029094A55C,0.6749919855698702
CC_5E0808121A65,0.13261840156329152
CC_5E1117E4E593,0.1665793070127643
CC_5E1541060A97,0.6714458863928986
CC_5E1C11540C0B,0.07902544794408725
CC_5E1DC0E143F2,0.07759962221606238
CC_5E206AC277E4,0.2726284807873962
CC_5E22B4BC8B12,0.10324624110623153
CC_5E22D889B6BF,0.12195762145455952
CC_5E38425EC99F,0.7543331101698175
CC_5E3A70C2077A,0.12961098633397744
CC_5E5607D275CA,0.10648398687219522
CC_5E73C3D2B3EE,0.1623668066691105
CC_5E7F23A07A71,0.08135831396846553
CC_5E80A96974B8,0.2421494970742453
CC_5E8C0453B9B8,0.3331225151656705
CC_5EA599FBA5E0,0.5212800438519907
CC_5EB379BA6C7A,0.10266747119498247
CC_5EBB96F65AFE,0.3959919345316086
CC_5EC41568C2E1,0.09273299529240796
CC_5EDB5C924107,0.3602392026236672
CC_5EEE5D0FF8D3,0.160838645526671
CC_5EEF07FFC243,0.08216991747574715
CC_5EEFD690759A,0.08745427840809873
CC_5EF2176F01D5,0.11664285620578461
CC_5F17CA33D26B,0.09639769059211217
CC_5F20750D6658,0.11971900747927595
CC_5F2CE32A6EC3,0.13576354529885618
CC_5F328EE757B6,0.06928028647392234
CC_5F35B8D87D06,0.1722973976334242
CC_5F390BA40E83,0.7014454162298083
CC_5F59092CA9B2,0.1424279017127355
CC_5F5916E96E19,0.14055372826791068
CC_5F5E835B9E6E,0.08085713702440873
CC_5F648D39D67F,0.595515732903911
CC_5F6D4104C808,0.1671484637129368
CC_5F72EBE104D4,0.0257670874879021
CC_5F765C41F051,0.06696504415355457
CC_5F8859A6F0DB,0.042835528905327616
CC_5F88ACC7C384,0.12464605020693925
CC_5F89DFA97B7C,0.5775175378328714
CC_5F93A3E31DD6,0.5540786229297459
CC_5F9A44423DD4,0.17543016884846244
CC_5FAA7965BD71,0.1373961831586742
CC_5FAFA265CA02,0.3449956760528763
CC_5FBE1A34704F,0.17089580142607128
CC_5FCAA919577A,0.200986350407438
CC_5FCD208ADD77,0.1776606272361705
CC_5FECD2BB0094,0.07305951471703102
CC_5FFDE52E6B7A,0.09971761305228831
CC_6002BFD3F26A,0.1503222581982499
CC_600311592F72,0.060024730184816154
CC_600AE12112D6,0.2758865509455919
CC_601C3178E38D,0.18247781281896017
CC_6037EEA42F2C,0.4274116075874363
CC_604C08F76272,0.6505299744399992
CC_604C72AC662C,0.15956211133973902
CC_60510AFA8A87,0.12083752934519021
CC_605E2E26E52A,0.3078593453897235
CC_605E3904CD8E,0.10028018065119255
CC_60611B935106,0.1461298890361681
CC_6061787228F8,0.13772450729751312
CC_607270A72DFD,0.24978170314255754
CC_60738E418DB3,0.10068168024008202
CC_60961DF8A134,0.14899519967784208
CC_609B7A7FA165,0.10410730155295723
CC_60AC5C892D01,0.12104919802760396
CC_60C09FF84412,0.17496525686419057
CC_60C87349D73D,0.29306442839569524
CC_60DA2FBF1FBF,0.10097141221871037
CC_60DA539A39FD,0.168377510042559
CC_60E974A0B278,0.07198044608821288
CC_60EF7D647EFC,0.04958002236488795
CC_60F525A39898,0.03774359478598968
CC_610009B69EBA,0.6368760046160579
CC_610FDDF5FE54,0.16937241178426235
CC_612C06CB5FF4,0.10806500642166741
CC_61307D82CC26,0.585846179454805
CC_615030FD33CC,0.7597268770426572
CC_61649241FE59,0.1660607748136249
CC_6170051A606A,0.19342401571368156
CC_6179A630658E,0.07920539886734182
CC_617BD59427E7,0.10065020201300898
CC_617EC8BD5153,0.20457829924645826
CC_6191E14D21BE,0.05937057991020187
CC_61A798B8D222,0.0648922007996248
CC_61B4A983D1A1,0.06701792660623684
CC_61C9732AA682,0.7102170370375451
CC_61DC64E37471,0.059558762677373575
CC_61EAF14033DB,0.11378508108775544
CC_61F18E0C218F,0.04835626982433101
CC_61F1A1263F5B,0.1370261674905316
CC_6209EA426553,0.056508838260381375
CC_622BD8CB3807,0.2910941564756143
CC_6234A9617A7F,0.09002161875355312
CC_623AC074EB25,0.10887501996396487
CC_623FAACE8A80,0.05143674147174965
CC_6244E2935407,0.2429039547075199
CC_624535E11F69,0.04966851265819007
CC_624EA2917CDD,0.7133577507658992
CC_62565D08DDDD,0.7653446348538223
CC_6268ACD3F95B,0.495924704866466
CC_626B61F4789A,0.61399679883485
CC_629193C2A090,0.30616286109942564
CC_62933641AC43,0.24055841534082154
CC_629480877536,0.35110242992641894
CC_629CB045D9FE,0.10689663837428623
CC_62A84BC400F0,0.29646973220141876
CC_62C36DF81797,0.1862695505864884
CC_62CC835CAE4A,0.625661371322626
CC_62D4192F126E,0.7632502094682405
CC_62D7A3C9483D,0.06384931889997075
CC_62DF1B99B4DA,0.10804837743109937
CC_62ED7BA3E620,0.04169841724498321
CC_62FC001AFC78,0.11063917152485325
CC_630412B4AFDA,0.19182046275773026
CC_630903AD39C1,0.03333199646658758
CC_630938DCC1B5,0.060276560011860235
CC_630ACED773E9,0.4072022995820093
CC_631E1690D913,0.066035371972813
CC_633A7C7FC25F,0.25132381955421274
CC_6342051D8FEA,0.23200185271673163
CC_634CE4E8AE49,0.1983815713456014
CC_6359692F5EF6,0.14000105716062627
CC_637278423A6D,0.25191875168255656
CC_6377AB848081,0.10228859319234733
CC_6381A65E0A3D,0.11534132718298326
CC_63871B4814E2,0.13856472994859992
CC_638AD269F05C,0.03578062386790948
CC_6391AE0FB83F,0.1603813408544636
CC_639703EE2ABD,0.030967009131309647
CC_639750C87A7A,0.6631816565412305
CC_639B1DCECD2F,0.16743342529889216
CC_63A869443AC0,0.46774788008233614
CC_63CCEE26BCAE,0.07150861388282362
CC_63D51CECB6D2,0.2506558949675878
CC_63E53402FC02,0.02975721744119739
CC_63FC6895901C,0.12353978999762787
CC_63FC8A97D9C1,0.13008187599394636
CC_64117B93EF73,0.3547800039099586
CC_642D9C325F1D,0.3497378510477156
CC_6436B950E22B,0.21145000350265225
CC_6445BD3DDB6E,0.036042115742920974
CC_645C15569E42,0.08354226194706171
CC_646472AD66EF,0.0819038618656282
CC_646B8254357E,0.15168635134323594
CC_647F4BB4983D,0.6547754422647795
CC_6489ECEEFD0E,0.10637107429829792
CC_64946E57306A,0.03620791227165426
CC_64976830B0B7,0.2999553183682806
CC_64BA10F3FAA1,0.10523496367497658
CC_64BA39A0DFC6,0.08328594066742755
CC_64CF9A79EBFC,0.09510932979115044
CC_64F0E0473D1E,0.091629658133143
CC_65006C2AB2D4,0.7500234158918665
CC_6500BD19FA06,0.32102266966325643
CC_6504DCAA90E1,0.07922714461402214
CC_6509C7361994,0.19425386963887334
CC_651486189673,0.1257924391825941
CC_65194BAE506A,0.12635169906237403
CC_652539353439,0.14768584021048917
CC_653CE5FA5A76,0.30605727925398646
CC_6560C2F4EDA4,0.16344940654735698
CC_656137F98187,0.6584064048445903
CC_6575B4B39113,0.03876923446682416
CC_657F629D31E2,0.17116278590386905
CC_6580B7583ADE,0.18386959212727358
CC_658477BA75D6,0.03945749785469156
CC_658B7867BE7C,0.07868786612946249
CC_6593FE5349F2,0.08446052150200109
CC_659EE0F05A75,0.3037675403333768
CC_65A0D8134410,0.26524249406402267
CC_65ADD5A19F64,0.11926700214709765
CC_65C3F0F73BB1,0.08591668176924229
CC_65C47521C285,0.04868761748524326
CC_65C4EE0B737C,0.2438168269554598
CC_65CB68404333,0.17860489546977867
CC_65D6DFF1B766,0.130592450294831
CC_65F1545C35E1,0.16616125016940883
CC_6602547E2FCF,0.21740329708774003
CC_6615D7044816,0.28358516521011223
CC_66244D4B72EA,0.09797098649424071
CC_662E5AAE07A8,0.053131820914770936
CC_66322B339E84,0.05131618686959458
CC_6634FD4B1CD5,0.7876038913893033
CC_663DCEF4923E,0.19468540013934532
CC_663FE5BF918D,0.5906137823715916
CC_6645798E740D,0.0907742635354472
CC_6649736C8321,0.7959144627448591
CC_664E1026C4D9,0.2949329548005386
CC_665603C4A33B,0.07030324554970312
CC_665BDD9C8039,0.4226955770135424
CC_665F2AD58363,0.20140144097052076
CC_666767444BC3,0.22221836071350193
CC_666C0A2A8674,0.06955135075504276
CC_666F2BCDC7D7,0.16857907748581147
CC_66775178B226,0.0719883439553558
CC_667B6F8C846A,0.6651985813488913
CC_667E909835A4,0.24401224765326837
CC_66809C278FCC,0.1887509299632596
CC_669CCC44CFCD,0.07487659674313898
CC_66B0BD3F6516,0.2768775119129571
CC_66BF02C05DD8,0.1334756636675215
CC_66C491256BE4,0.08442432814045178
CC_66CEFA65F912,0.39195737615325205
CC_66E025DB3282,0.6050854265747685
CC_66E7B423A32F,0.6808536904150106
CC_66ED26E7BAD9,0.08773432058034224
CC_66F7FF7735C3,0.20464522846227487
CC_66FD0CE6D57B,0.05503083241783315
CC_66FFFE05C2E8,0.10948703965825163
CC_6700012A39B8,0.14377129440548933
CC_670FC6A064F0,0.18365990235752386
CC_672932B65802,0.07827496579800215
CC_6742C6478F98,0.17037234376891033
CC_6745321663BF,0.06662078039452081
CC_67579CF57290,0.14596687498896727
CC_675F7483FB90,0.17657500953805094
CC_676ACFAA6131,0.6843885063423018
CC_676B423C495A,0.5909397910706605
CC_6771C0D1CB1F,0.06139999377208064
CC_677EE0369CA7,0.06876816524743334
CC_677FE35855A9,0.21597518388339107
CC_678091614A14,0.10320370842248441
CC_678A43ED0803,0.6879880077252674
CC_67955C210226,0.0734812337132103
CC_6797E0B01112,0.27967367460570813
CC_679D90941842,0.157658482377312
CC_67C05273700B,0.13557904478066513
CC_67D5172B6450,0.14869399389738003
CC_67E8CF412D93,0.1364553026486237
CC_67F6576A6836,0.24097712886168465
CC_67F985A00A12,0.04618294813471305
CC_6801AD1D4478,0.09870460392700948
CC_6803BFA94B17,0.04534454657996361
CC_680B16E5E240,0.13362286681368352
CC_680F2D0F4F6C,0.08701720055660783
CC_68221E1393E1,0.1145987200622698
CC_6822590B968C,0.19427455994206747
CC_682D8EBCEE94,0.22589980168470103
CC_68429B4AE401,0.4391003302726499
CC_686B26BDD061,0.048388874733582755
CC_687518442359,0.4218970438421457
CC_6875DA61F422,0.21989355515982228
CC_68A3D749608C,0.17314895819142148
CC_68A9C3CE2557,0.09154617312366929
CC_68B9F8C6D9D6,0.7134965689138073
CC_68BC65E3C84A,0.4260096724233562
CC_68CC4D1D898F,0.07687650807234625
CC_68D0ACBD2D0F,0.029522502473816475
CC_68DA8D5488B3,0.0827472342788157
CC_68E675A69AF3,0.14978422126029714
CC_68FC9E6FA27E,0.12994031557907365
CC_69322F7C4CE3,0.11356820076712583
CC_693710EAD59A,0.1970497555780854
CC_69387752F41F,0.5761144648349485
CC_693B71DDFE67,0.15427435510159282
CC_693D4AEDA3A2,0.12178598295360439
CC_6952171BCD2D,0.11082457999436572
CC_69547DEB412A,0.18508200867738803
CC_695E80DBA42A,0.08289124440903137
CC_69717E76CFAF,0.4571916931866347
CC_69741BF89A2D,0.1333256913885567
CC_69825C70EEE9,0.20021093311864466
CC_6985C268DC74,0.38946848575398685
CC_698886C4AD90,0.14364801441100297
CC_6999901A6060,0.19340446426559535
CC_699ABD34646F,0.0632936294426364
CC_69A98DC7A907,0.06295806378870857
CC_69AA6E0DDE10,0.19290927924548426
CC_69AD5A48A78B,0.14453279748286202
CC_69BA7BFF98E2,0.1229040281747473
CC_69BBE365C097,0.04381503849320419
CC_69CD95A00D9C,0.050347410743860704
CC_69D328691680,0.0738861260246643
CC_69D39C9F36F2,0.2775713463689754
CC_69E09390CD64,0.07144597658060911
CC_69FD49E90AC9,0.3404083507571664
CC_6A099AFE73BC,0.14012048063575644
CC_6A099E6C91BA,0.2914314294078878
CC_6A19EB191A81,0.033691758619243645
CC_6A39017046FE,0.11124221162870264
CC_6A4A401F2920,0.3295895706590765
CC_6A5261180031,0.05839661611985629
CC_6A7432494840,0.1397721156261695
CC_6A7963180D20,0.36392388642447493
CC_6A7D7E5F814F,0.5555043597388015
CC_6A8B8BBA749E,0.16959523361771958
CC_6A8DFDB0621D,0.1340687693394647
CC_6A93C436E2FF,0.10551583006769298
CC_6A97F81D9A0A,0.12765572614815898
CC_6A9D1622B4DE,0.29528869905608585
CC_6AA6589445C1,0.6602588068784664
CC_6AA7A87F59FD,0.16747132430708705
CC_6AADD44C0B52,0.09346589058868139
CC_6AB4A5EBA3F6,0.20323129724564165
CC_6ABA7D0ABAC5,0.13555031982807636
CC_6ACF1E52BE8E,0.11985631766767164
CC_6AD3513459CB,0.08743915094853237
CC_6AD4238EE77D,0.16791018941873162
CC_6ADD0FE5DD74,0.6729388658612784
CC_6AE2737BD3A8,0.1300756401122508
CC_6AE48C1F2448,0.15194834179331182
CC_6B00A666A420,0.5807361842218233
CC_6B07C3992304,0.06830763288149835
CC_6B0A72BBD800,0.624283250914073
CC_6B12B975F2EC,0.372772153706883
CC_6B12C9507F32,0.1378208552601421
CC_6B34719D93AC,0.6161144159925178
CC_6B34740DD355,0.15221390686681446
CC_6B41081727AD,0.21800120142447912
CC_6B4902892E70,0.08462455390062994
CC_6B5BC2D89077,0.7885446211479942
CC_6B65242C2CCC,0.14855274765542525
CC_6B823BACBE75,0.32140536617454557
CC_6B83E1A959C2,0.2977069625740857
CC_6B84FB3DE604,0.03432143256201223
CC_6B8AABAA752E,0.15725841626602477
CC_6B8AC0DEE990,0.36413860274918297
CC_6BA45C072D40,0.1494154580080183
CC_6BA72ECB5027,0.11624159453298434
CC_6BB560F020BD,0.07464888947027212
CC_6BDF0B68C126,0.028124299974155543
CC_6BF0A9437728,0.14769956334805784
CC_6BF3B9097199,0.16290504933564776
CC_6BF7A1EF31B9,0.18694753184484414
CC_6C29DF49246A,0.07266588107199962
CC_6C3C86C2125E,0.108221077720199
CC_6C42FF6D7218,0.5961770608704704
CC_6C541A482CF2,0.22599643365939548
CC_6C585A6BFE01,0.7941412660277916
CC_6C5CE36700D0,0.20728833905055116
CC_6C62C2094733,0.08490709055280062
CC_6C66539A9D02,0.23724172616933326
CC_6C684505E498,0.09299606409052409
CC_6C6E40927C35,0.03002469272604467
CC_6C7736F51C12,0.6912315740345084
CC_6C781CEB6F52,0.09573573725729437
CC_6C7E39BF4744,0.09422068879559475
CC_6C9EE9BAECEE,0.0678283337545029
CC_6CA0F076091A,0.09120196411476653
CC_6CAD299645B0,0.15135380588947614
CC_6CC3C50BA394,0.09762784358810221
CC_6CC593C5385D,0.04672427075561905
CC_6CDA4B24C602,0.2850182267241914
CC_6CE31AFF7813,0.06840671089564093
CC_6CECB68DE9C1,0.3312798565125822
CC_6CECD3DBA212,0.158443859721782
CC_6CF17D012682,0.16730395645571658
CC_6CFCDF903310,0.1261127134796791
CC_6D08B5E62654,0.11446151397732478
CC_6D0F60667273,0.2968147388595438
CC_6D127EE83945,0.06492546960076723
CC_6D134DB29068,0.3198442317464435
CC_6D141A49D94E,0.5638692867263225
CC_6D148C0A624D,0.17569218018788876
CC_6D1EFDDE2EED,0.06349957455690777
CC_6D22B938D7B9,0.0966440128189374
CC_6D27409F4956,0.10493383720653872
CC_6D2F0EBBCA4D,0.27064407025282977
CC_6D43BE30E8B8,0.2582096461912844
CC_6D4EDEAF67C7,0.27087171557818346
CC_6D72571304DC,0.4721349580533566
CC_6D7C62C7C161,0.05773800272411485
CC_6D8A18C28AF0,0.07166933390294415
CC_6D8B35007242,0.07378950654572894
CC_6D93A9E49E3B,0.17302044441562178
CC_6D9C644A082B,0.11005211204781493
CC_6D9F52BD4D0E,0.10296070024591865
CC_6DA058F9B631,0.2405667566445675
CC_6DA1F8DF9CDC,0.2322479772272351
CC_6DB000AEF16A,0.1111186770696766
CC_6DB5025899E3,0.19814419660790017
CC_6DD6FA2FA0C6,0.08875882991092036
CC_6DE4E4C1A31D,0.1893629597222245
CC_6E09CBC15C94,0.4718413941477744
CC_6E353816938F,0.05706008312647498
CC_6E3AB992A5C9,0.15262941874155422
CC_6E420A2FE490,0.16106957631418986
CC_6E46D01888D5,0.16965429033681978
CC_6E4702162475,0.05236997854852646
CC_6E548AF15091,0.21841501922791404
CC_6E5C9A2DA27E,0.04412146109319285
CC_6E610F3976CB,0.1814625329806872
CC_6E614FF9BE02,0.6972022028978144
CC_6E68D46447E2,0.11316842423056525
CC_6E712C21215D,0.0445151704626628
CC_6E84DED41B8B,0.11246768549344374
CC_6E8557E30DC9,0.6753050133224491
CC_6E8963475D35,0.19799113863188447
CC_6E9880CA0BF9,0.29527385918731625
CC_6E9FCD68ED52,0.6843675775721875
CC_6EB194A93F60,0.123673628529168
CC_6EB370F511F7,0.06455449722740832
CC_6EC722B2BC2F,0.15636606698522176
CC_6ED1B0EE4B6C,0.23531234582563068
CC_6ED65E7CABA2,0.08751197588023776
CC_6EDA84B653B8,0.3296127981218431
CC_6EEE8E7C1D1C,0.18116449906775955
CC_6EF17801ADD6,0.13046084602496838
CC_6EF337CC4BA9,0.261319274252528
CC_6EF464EC9FCF,0.09961682655199698
CC_6EF6B8AE7DCD,0.04648646732804725
CC_6EF8C59D8395,0.8773129628216947
CC_6F2146FE362E,0.06047000560691028
CC_6F2408B665A6,0.46401910967013094
CC_6F2B8E925D59,0.02921488339880064
CC_6F3034E96848,0.11774077099565713
CC_6F3559ACC2F5,0.043628184872985906
CC_6F46C5897DA8,0.3835808260811729
CC_6F49ECAE902C,0.0735728037280455
CC_6F4B818665D3,0.12408654091488303
CC_6F4E696A1F88,0.24358467737674963
CC_6F54BD66C0EA,0.19774012329500024
CC_6F786C433998,0.10366164378825309
CC_6F78BF56B0C0,0.09065002927713942
CC_6F8346F138C1,0.41280560652611503
CC_6F86CFDB23D6,0.06475641875032277
CC_6F8E30AE9457,0.1996776638985418
CC_6FC25B27AC26,0.08849418658366623
CC_6FC8BE007FE9,0.1505493816402914
CC_6FC8DA40122A,0.19772340170629604
CC_6FD8BAB1DA3E,0.06595263220258382
CC_6FE4FD09A9D8,0.07570384647359205
CC_6FE78CB02174,0.036434243060554906
CC_6FEB8EDBF2A4,0.1552980642490023
CC_6FFCF2DAD0A4,0.07236832349915981
CC_7002034B0979,0.0753869632349349
CC_7006523D45E4,0.08880283279908474
CC_70097151A773,0.07269255910971947
CC_7011BC95A91B,0.04057880900388267
CC_7020F3C11A3F,0.1604138783242248
CC_70306409A3E8,0.3141611380856896
CC_706B18DA7204,0.11695096674957592
CC_70703A59C070,0.20361915344183706
CC_70749DDFF595,0.14392860104835847
CC_7079CE5127A3,0.04436969674118422
CC_7087A46F0AB7,0.08560071155566926
CC_708B73EBD939,0.1386017977031257
CC_709315667BCA,0.08286873580257154
CC_709970475B6D,0.585088964802742
CC_70A56ADAC199,0.05414353798875319
CC_70ABB244502D,0.04780431830093023
CC_70B0176647CE,0.14118308319849204
CC_70D3353DA1C3,0.08525403750680464
CC_70D652DF4E91,0.12513644100692795
CC_70E3121BFDC4,0.08795819146922429
CC_70E5FB8B072D,0.04751516748591054
CC_70EFECA3FAEB,0.1652115728151173
CC_70F59DA18BCA,0.4210321591109558
CC_7100129A0AFF,0.09052528798240222
CC_7113554E33B9,0.04163536987832737
CC_71260405461D,0.03594816048603393
CC_712677251322,0.17445045453230715
CC_712D31B2785D,0.06610837051326543
CC_713052DB1E2E,0.060829143572702235
CC_7139C2D6F1AC,0.10359932219256197
CC_71427FC8FA49,0.23339268063813573
CC_714912E93A71,0.1188926313729633
CC_717A5C2ED311,0.2301484990867618
CC_717C94F5C8F1,0.059921177707698434
CC_718F067F4DA0,0.04419188891002348
CC_719E714DD38C,0.04683849264952639
CC_71B169C874D0,0.14771372377377995
CC_71BB5070615C,0.10570576146803426
CC_71D37D6D19C6,0.19081017850825296
CC_71DC80205F42,0.15917502048139068
CC_71DEB636B8CD,0.6237396837887992
CC_71E4CBAA1211,0.17547178729556387
CC_71E787049755,0.0948085832950192
CC_71F1EF5575AC,0.08535407201427829
CC_7201DD8EB33B,0.23358284852092218
CC_7202C8CE2317,0.2798384428885824
CC_720B06583C57,0.03568129831303186
CC_721DEC038BAF,0.06572258471147344
CC_72219BCC83E3,0.1571698611282791
CC_7223DABA7E98,0.07266559800963981
CC_7233459FF7B8,0.24591130140643705
CC_7238A8A6767A,0.17332551742026514
CC_724559551664,0.624818956082051
CC_7248EB4B76CF,0.05694365857617195
CC_7259B5314D92,0.10080108907528916
CC_725CA03102FE,0.04463574903129086
CC_726E05E5A555,0.1196939992500316
CC_7276AEED6D4A,0.06488525438695325
CC_72A18E8D6670,0.04037602903895062
CC_72CDBC38202A,0.5457074205567227
CC_72D8B2ABA2D1,0.7065578894850567
CC_72E4590D362B,0.3224648364915475
CC_72E8542AE4BA,0.050281846154789436
CC_73010B6E55DD,0.6350204200959209
CC_7309A4693D52,0.17327714952812845
CC_730C2A3FF1BF,0.15780222743287764
CC_731C1BCED024,0.5899461873819563
CC_732C325832D8,0.22079359756727998
CC_732DFCAA0A75,0.18206780196429115
CC_73322A6A24B1,0.7941182528206367
CC_7336B19A18AB,0.22657919809374383
CC_733AF1D123B8,0.3210375352840086
CC_7344A0E90AFC,0.11018179140282727
CC_7348C2B475B7,0.10003171507831043
CC_735E1A78B058,0.0769111865648052
CC_735ED2A02DC4,0.13726649931431414
CC_736015DE4E3D,0.3413081976298521
CC_736A42761E55,0.11024963059652264
CC_736C0436B98D,0.1656766537471459
CC_7379212919FD,0.08681139802120735
CC_73859CD59E75,0.5372964603445483
CC_738B201B1CF9,0.10802373836874707
CC_738DCB11942F,0.07607026668911843
CC_739198ACE582,0.14710946477223347
CC_739D093D7B69,0.1074890085650287
CC_73A7FC903662,0.17986840592121472
CC_73A8927DCEB9,0.09181963357997364
CC_73B575BBBBE3,0.15869279181325638
CC_73B6B9AD2002,0.05163237718501262
CC_73C28D72A5A3,0.4021938527636363
CC_73C38DBDF9A7,0.11869581242010585
CC_73D44BEF6754,0.3439091225349532
CC_73D4C1D7C022,0.06918505758663851
CC_73EF383F3C2E,0.13170443225380948
CC_73F34B1607C1,0.07135413062645748
CC_74137206902D,0.09319801699656577
CC_74198E5EC366,0.07709094429787755
CC_744FB5804A8C,0.6396371243755337
CC_7451E64B6D47,0.16771744681373327
CC_745A64878AF1,0.08549404171782163
CC_746B196CECA1,0.12368665583352555
CC_746C06898D5B,0.6357925809474736
CC_746DE1EED0DD,0.2538491462018385
CC_7476938CF6A0,0.49183170835673007
CC_747CFDB7E305,0.07751718690834074
CC_74845374E870,0.7129434101939928
CC_74AD8D3B192C,0.7610632856828049
CC_74B90A15B270,0.12414645168501919
CC_74BA5D46E909,0.6891195376265543
CC_74BE0AD5E21D,0.18085874281121198
CC_74C33B66F002,0.1693685477197527
CC_74C9C3F17421,0.06648295652113623
CC_74E4BD5C07D2,0.07018443211365905
CC_750D90249EFD,0.11744614135364904
CC_750DA21B7EDD,0.35687072843063755
CC_750E6537383A,0.2512323291559321
CC_75137D6F9DCB,0.09420001980776324
CC_75173A8A11D1,0.3830950697613329
CC_751DDC1FC2AD,0.12302080523656048
CC_75357E0206F5,0.08686506281111359
CC_753D160E3A58,0.16192015590075365
CC_754447632F75,0.038906654457192255
CC_7549363C5D36,0.08250340306613661
CC_754F3894627C,0.13098247090238027
CC_7562CD43897F,0.12944527744959083
CC_756A077EC614,0.4505971877457597
CC_756D3492443F,0.26845217380337794
CC_75783B3E6C6E,0.04754240160479125
CC_7598068A716C,0.050812617967274036
CC_75A37D8C1F6C,0.5662777502834522
CC_75ABDDA24C26,0.12608410699404216
CC_75B287424E59,0.3676876592903864
CC_75B2B88876B6,0.09704943147297643
CC_75B324FCDD4A,0.20892761364469062
CC_75C1466E61E2,0.24610442340323438
CC_75CCCD9D4568,0.11098219612146067
CC_75D2DAF4491C,0.3803580507250221
CC_75D54090AAD4,0.08792677658765051
CC_75F1927E5941,0.6897887171591841
CC_75F99AD6844A,0.2857128281478307
CC_75FBA505C727,0.25608890883893753
CC_7615CC930B76,0.14565933322829472
CC_76168488EBB0,0.33643604056531584
CC_76197A77D666,0.028772573691662175
CC_761F48F8E962,0.19488680897823488
CC_764C6ADC6D1A,0.08555398720729379
CC_7658A6B0910B,0.043599318648167955
CC_766347951B7B,0.5991565377817318
CC_76857712D8F5,0.3054478267854307
CC_76A0DF2549B7,0.10255318609458774
CC_76A636414AEB,0.1657538418018353
CC_76B01540CDD1,0.12811931827311696
CC_76B420FC66EB,0.08899813633169809
CC_76B6BCD2EBAF,0.09691219101216869
CC_76B7A0029620,0.11487372141522756
CC_76BA435EF2AC,0.15680689034974762
CC_76BCC1AFDA4D,0.08178928599041937
CC_76C35913E797,0.11705289023396082
CC_76DE3DF1DEE3,0.17475930373994195
CC_76DFA4CD068B,0.10406541142891425
CC_76DFE3568C72,0.21134683009347194
CC_76E201F1E036,0.33813476284114896
CC_76E83166FE0A,0.14570444783908765
CC_76FD9E9D9ED0,0.13534089467717186
CC_7720BBD06736,0.36176112359642637
CC_77340228F356,0.7234626059604932
CC_773CBBCBAFFE,0.09263504620991937
CC_773E9B092923,0.14003854239634583
CC_773F22C3E42F,0.0446400952731146
CC_774ED295BF96,0.1375243614089917
CC_7751ED6DF76C,0.05363419138724303
CC_77571749B970,0.14471070303109468
CC_776F8B3BAC08,0.10314915826116185
CC_777889F9694E,0.045187679449879135
CC_777D08513AE8,0.08353077689746533
CC_777E3D988EFD,0.20695382484356514
CC_7795BEDE05E8,0.32351480426138257
CC_77A9EA3A6784,0.09521266583134448
CC_77B1AB7960A9,0.20192551253884797
CC_77B6EA810549,0.26733025218753537
CC_77B9889C9BFD,0.17906322929679241
CC_77BC55DC92B6,0.18611063060397534
CC_77D1DFCB0A8B,0.05308648316004188
CC_77D9AC43DFE1,0.23347834587182656
CC_77E6EF1CF2F7,0.11068289484451947
CC_77FFA8E6B36D,0.09206776456562114
CC_7801661A9DC2,0.1314372798901264
CC_78069B1BD931,0.15018146507399635
CC_780828B48716,0.07068860251296738
CC_782130B98F34,0.09480115172671491
CC_78273789B3C5,0.734125342507225
CC_78296783E4EA,0.15646562705426248
CC_782B06291D87,0.051178781195391654
CC_783A2D4C89F9,0.3990168458384534
CC_784407E16923,0.10068220872246747
CC_78491B6255F2,0.4030554875073023
CC_784F17AC712F,0.056458922838984335
CC_7852FC3BBADB,0.07838081987533584
CC_7866E4CE528E,0.795035671456842
CC_7867E7C01013,0.1696086900510271
CC_7869F609EC2E,0.1947685273950947
CC_7874F14ABD7F,0.15656918038543355
CC_78774E05FF12,0.14764176114476402
CC_78815A352067,0.12331392210363001
CC_788FF4549766,0.3078255645204869
CC_789977501322,0.09849688672098948
CC_789B2BA880E7,0.04511546488084549
CC_789D87F51AA1,0.06403480529804786
CC_789DC3C358CB,0.21424175697193082
CC_78A036DF6320,0.7108942450722987
CC_78A3EA63B7EF,0.04032826621411442
CC_78BF1B8FC1CA,0.11048148614499333
CC_78C96E7015BA,0.6403462435198183
CC_78CC84FA2CE2,0.2172746061088564
CC_78F0087076CF,0.16960683979441507
CC_78FAA95F5B5F,0.14952937054712173
CC_79033EFDE096,0.13229351765091704
CC_79086C18A963,0.15479343639678061
CC_790DA2ED9F5B,0.11514678781849981
CC_7928811F7D86,0.10466957306199312
CC_79345478FCE5,0.22112826534941946
CC_7936C8D65B95,0.11057978449182194
CC_7948C5509411,0.5022472320719581
CC_794ADB0677CD,0.12472028852521277
CC_794FF8E7F876,0.042190923177797934
CC_79500EA652BC,0.5603767497189795
CC_795083A66DB5,0.04016873038979536
CC_7950D4B773CF,0.12854575196846652
CC_7955AEB49759,0.15831015205367707
CC_7964F862DFA3,0.4579448119759638
CC_797A700CF967,0.5290183985875488
CC_798180DDF677,0.38462536411061377
CC_7981ABA9C370,0.1111942525374135
CC_798B2DC03C5A,0.06869124644186173
CC_79BD986C23CA,0.08217335337836415
CC_79C6BA680815,0.5013360882918744
CC_79D694E6F5AF,0.29956192122983955
CC_79ED9A0F6E49,0.4307293669659092
CC_79FA2512E5A2,0.17120869191086852
CC_7A0024F6FA60,0.24063722591863324
CC_7A193A453F27,0.04511731207417591
CC_7A1F071DC5D4,0.3024566208083779
CC_7A5D96BC99AA,0.774744403933382
CC_7A6B51562949,0.12750783061160997
CC_7A6D7F9654DD,0.42290869480741433
CC_7A778E010F33,0.25702244458681234
CC_7A7FB841B669,0.5283879078439202
CC_7A91013D31E1,0.1178502157853195
CC_7A9117596769,0.06256660920179034
CC_7AAF340DCE8F,0.1587676601669685
CC_7AB146267981,0.19645046051625847
CC_7AB2A9CC8424,0.1865401640054184
CC_7AC1DF18CBA4,0.23126751458496267
CC_7AC4240DD225,0.3359779607856765
CC_7ACB325BD924,0.24054453004790127
CC_7ACB88002397,0.5210003862503838
CC_7ACD4F370AED,0.20120930338937815
CC_7AD4072A9F82,0.048688259991037375
CC_7ADEECDE4D73,0.20816271830728098
CC_7AEB48D8C5E0,0.09888060498002291
CC_7AFA5CD2B29E,0.10310450990258531
CC_7B092786DDB0,0.05106186379287984
CC_7B1B35D5628E,0.04059601181328985
CC_7B210557F04A,0.11974342256170992
CC_7B369A7C1D3F,0.16080290329694416
CC_7B4002591821,0.6784349026832079
CC_7B42BD80D79A,0.20252057336555132
CC_7B44FDF08B93,0.10521233021565486
CC_7B501C32CAE5,0.07022822169478879
CC_7B88520D4FA2,0.36130300272522786
CC_7B8ABE6E552B,0.19232908287487374
CC_7B8D2E07908E,0.4363390530272843
CC_7BA150468D19,0.4416888497321172
CC_7BB159FCEB53,0.21363175979744403
CC_7BDD72710831,0.07271368365081902
CC_7BE02C65B967,0.19600037817985458
CC_7BE382988C1C,0.6766321106444225
CC_7BE6110DBAA1,0.2999698202952763
CC_7C0B14BB0573,0.11179219641689135
CC_7C0CF5558904,0.8272063551704859
CC_7C13E7F561DA,0.630533874569907
CC_7C46F7F667F3,0.09568943902054523
CC_7C510CE0521B,0.08723613832854134
CC_7C61B5D39E49,0.3817625144582101
CC_7C6770DDA182,0.12571297381848567
CC_7C6DBF78A610,0.10850202466531722
CC_7C7B0438E3AB,0.18430409738843667
CC_7C87DFBC3176,0.11053044691234347
CC_7C9528E94215,0.3085339968440385
CC_7C9ADE65CF81,0.0970656218952517
CC_7CB6CD1B9DD0,0.055547441388463535
CC_7CB7C7E55BE6,0.15888130672438017
CC_7CCC3A690325,0.12104123844994566
CC_7CE5689488DB,0.044551775693267896
CC_7CEB758A9814,0.058495226781323614
CC_7CF7443D923A,0.0717136658701542
CC_7D0D597690BF,0.09969783351453147
CC_7D0EA0307817,0.038668831736756115
CC_7D12E6FF25C3,0.12285327677120056
CC_7D28D39AED1F,0.620546082493534
CC_7D2D19D832FF,0.07863932657080011
CC_7D34A67E1369,0.05722263907197815
CC_7D4388B41EB9,0.17424738528242928
CC_7D46FE573D79,0.08998143089343742
CC_7D7810799F2E,0.0445286828972747
CC_7D79241150C8,0.1417280175481409
CC_7D7B92EF2655,0.14472609820036736
CC_7D8C2495C1F7,0.08973178716362856
CC_7DA4F1BA24A1,0.6970492991066235
CC_7DAF18939084,0.06757023712746882
CC_7DB8BA427410,0.06444509016657786
CC_7DC9456F1161,0.04935402219224355
CC_7DD2CBE0F0BC,0.24328925630503126
CC_7DD495158BFD,0.7034992657391156
CC_7DD5411F7A14,0.27940666393543945
CC_7DF099A7A092,0.2462636049869144
CC_7DF27D2AC111,0.04577515213500157
CC_7E0CA072EF93,0.06957969386560921
CC_7E0DA100F5F2,0.20260555763483254
CC_7E1086EFDED5,0.04340739246572362
CC_7E12E0F3CF6D,0.09500547270719353
CC_7E178CE78FB8,0.08700486458635762
CC_7E1C1A6D0E9A,0.1922304505643427
CC_7E2A76850DF6,0.7655701811107949
CC_7E3ACB15C69D,0.10698695024947956
CC_7E3F3373A73D,0.7639623726623949
CC_7E42A3D0737F,0.12095965790793126
CC_7E4679C534D7,0.21638678689997448
CC_7E53FEEB19B1,0.2484763673441874
CC_7E71CE7FC603,0.20682322976424117
CC_7E8333DBAEB4,0.3837228168235397
CC_7E843438DE4A,0.051747466912326893
CC_7E8E4747C0D0,0.5497330680831443
CC_7E952828C1B5,0.07946968049221012
CC_7EA6431FE6F5,0.1235675545903344
CC_7EA7BA7621C3,0.30818861694274496
CC_7EA8F24B3010,0.08825493729768313
CC_7EAB28B0309C,0.06029906388559906
CC_7EB4A5BDA97E,0.08358856115456809
CC_7EB4B0A36534,0.1027763469081466
CC_7EB791F4AB2E,0.11307347745797502
CC_7EB883C9D5F9,0.039883612883686664
CC_7EC59C577F02,0.06881400135962847
CC_7ED2683D26DD,0.1046471462190471
CC_7EDB3440E0AB,0.603147284486583
CC_7EE12013C7DF,0.16209824939503972
CC_7EF824CC0D3C,0.15576112048232846
CC_7F09C6F6321D,0.7416483725279903
CC_7F1AD40DA179,0.19423930551665183
CC_7F1D38A39164,0.10285835963434647
CC_7F22B7D326CC,0.14395003249889185
CC_7F2614F1AAAE,0.22689289300931648
CC_7F2CDC7C1634,0.042743644713903635
CC_7F2D46DF9BC7,0.14942799449180413
CC_7F57A90B69E0,0.24377006950206115
CC_7F633226A676,0.27220358839373626
CC_7F753D809267,0.7124139498612445
CC_7F7EBF25AED7,0.035006867447933486
CC_7F8496CC5779,0.04249454434976305
CC_7F88D9C5D258,0.07803825883470114
CC_7F8AB4DCA794,0.1402155721789589
CC_7F8CC9509418,0.2679821055103743
CC_7F9069571F79,0.27655541218967483
CC_7F9AD27E079E,0.23962129544568814
CC_7FA281AC1C7A,0.07841036291907642
CC_7FA389E90548,0.059698081084835486
CC_7FBF4A48AF55,0.06172549543608652
CC_7FC40175A8E1,0.2629882825430403
CC_7FD58EE7029D,0.08042132687258174
CC_7FD7F635C341,0.06632351034342092
CC_7FDD458DA059,0.2249295239959139
CC_7FE85C259E03,0.09353857083158063
CC_7FE8CD30D7E0,0.09381849969296788
CC_7FFA32DE7B04,0.15043437458970352
CC_8014F1E2C5BF,0.04746270769916403
CC_8015895C1C29,0.21696215626958007
CC_802BA7E39A13,0.05792005734476931
CC_80300D23C3FE,0.40122183243502313
CC_80465303B6E2,0.20231470616631872
CC_805ADFD46B84,0.06394425570270691
CC_8060F40D9522,0.1710704810115149
CC_80621E822131,0.05835867428060265
CC_806654B580B5,0.4281992856604601
CC_806CFD6A52BA,0.037743459431161766
CC_807935BBEB7F,0.04962304385805274
CC_807C57E626E4,0.075350440939633
CC_807C91C98684,0.029137949184512846
CC_8096B589BB07,0.1119251150267177
CC_809D60155E9D,0.053359990787109755
CC_80A2189E5125,0.4850525401899948
CC_80AF87F62770,0.17849700952480715
CC_80C03DF9CC57,0.1967804454332381
CC_80D9B6563750,0.557543186887036
CC_80E9638ABD4B,0.05475143094851196
CC_80F7171B71CF,0.10711691104900475
CC_80F9983BC18B,0.05937338012505619
CC_811109A98EFF,0.08291920985672444
CC_8129480B056D,0.3580981006195248
CC_8134E5DA9FEB,0.602378220546065
CC_8140399AD344,0.13108254103174022
CC_8140E278B6A0,0.2516246821787731
CC_814E0F756757,0.4521047235995682
CC_815FAAABFC91,0.15254664344993096
CC_816B28807CED,0.07964360468574319
CC_81821F9F2307,0.538774170688223
CC_8186D7991EB8,0.049053525099428126
CC_819E203180C8,0.7942601489290709
CC_81A5E3141BDA,0.4788066678707019
CC_81B5CED8EE79,0.145587092850143
CC_81B91198E00D,0.7854692604004716
CC_81BADC379C8B,0.2205610766378517
CC_81BF8EA390F7,0.05177756849133802
CC_81C5FC962C72,0.06003729304284143
CC_81DDBFAF1CB6,0.05426565566722297
CC_81DE637E6138,0.0321773251879154
CC_81F389DEC9C5,0.10457251495024293
CC_81F647806849,0.1181805488641055
CC_820D491B2903,0.7627543782689212
CC_82172863AA45,0.2531612269371235
CC_82195FBE9366,0.0516964780976279
CC_821F503DA953,0.08686391598076372
CC_8221AF9B0B93,0.7626107883505081
CC_8222D1C47857,0.06395492025954637
CC_824BB6CD2B25,0.07493245456590736
CC_825192411933,0.0825678132367619
CC_8270E213EDF5,0.1727823261731524
CC_82839CC161E8,0.06399429006479171
CC_828A0B6D7291,0.07487037336927117
CC_828EDE22A438,0.03905388368277003
CC_82928B5ABD45,0.27874807881474595
CC_82A7FE954659,0.18279336164057028
CC_82ABE1FFFA1F,0.11597650444387682
CC_82BDFA01C41F,0.13140588929048258
CC_82C20057CB4A,0.09410289227176694
CC_82E52529A567,0.2226735231047352
CC_82EFBFCF68AB,0.11574275452858805
CC_83092F58B321,0.12706419658879037
CC_83098B4BBD4A,0.11864739069401412
CC_831F9E623C5F,0.18382419469507943
CC_8326C8A3D569,0.12048092041342318
CC_832730F42A18,0.10708492802917406
CC_832A44C3F2A0,0.06549808160912454
CC_832EBAE498AE,0.6868430551408797
CC_833B196A70F3,0.6565138686046146
CC_833E14DFF4C6,0.1466509213692263
CC_834092035687,0.34827459787009873
CC_8351244DE3CB,0.06087177512754016
CC_835B90025058,0.04614857833213668
CC_836534CEDFD3,0.14407560906951195
CC_837ADC1EA55A,0.1739651218659406
CC_83884D799788,0.17420248423398074
CC_83947255841B,0.14768058237895235
CC_83A5A3022ADF,0.781317995035165
CC_83ABA98906DE,0.07291035559438402
CC_83C75D07414A,0.389182549956198
CC_83CBA767432F,0.7264834466022729
CC_83D342F53F36,0.1601054928834754
CC_83D5CA2A23C2,0.03402428578513267
CC_83E002D6D82D,0.1736565655571936
CC_83FE1BCC83E6,0.29083379455672714
CC_840E5B830DB4,0.04805409258969397
CC_842525788FC1,0.182332389269193
CC_843076C8EB9E,0.2721625977971241
CC_8442C97EE91A,0.11815296631532873
CC_844C3C30ED67,0.0875326632398271
CC_844E345D2636,0.14582613637429376
CC_844F26E92B12,0.2076721127214007
CC_845032D8A261,0.2846696127657078
CC_845223F606E2,0.31226178365303175
CC_846F5B19B110,0.271804489809787
CC_84797EA9ABF9,0.2357870478265956
CC_848D59D48081,0.18302911799502639
CC_84AB057BFCCA,0.05892462707253934
CC_84B0BA112537,0.05742256731391573
CC_84B8FCEDADD5,0.0703970913547102
CC_84C61A6BE99D,0.09566492441310318
CC_84CDF830F68F,0.09367701272844378
CC_84D5B88572DC,0.2174089209549316
CC_84FABECED186,0.12567993027237978
CC_8503F43FB29C,0.25600055445424663
CC_850ACB004EE2,0.07758965694351734
CC_850B114489CE,0.09598806346220104
CC_850CC17BB13B,0.14122359434246967
CC_8518C159BDE6,0.14815144622442744
CC_85299261146C,0.10426138921225263
CC_853986C52A17,0.04834950083798653
CC_853ABBECF2E1,0.7860284858692813
CC_853BF4485D85,0.1867150401279115
CC_853EED03843B,0.08097479467339799
CC_853FD1B551B1,0.16673863253672494
CC_854AAA98CC0C,0.7637409008874341
CC_854F8AB5F1FE,0.03883630164342617
CC_855E2A785BAA,0.09697902983545521
CC_85614CA68432,0.05344020660435279
CC_856B92B23BB5,0.7864914461758439
CC_856DF4A30E13,0.6808198127429437
CC_858704DBD5A6,0.06713222874493471
CC_859EF0AAA74A,0.04707405157537534
CC_859FB710961E,0.12166163619438512
CC_85A0EB3C9884,0.5340703898970716
CC_85C887BB996A,0.08118318965591488
CC_85D9A6C9CA60,0.10885858443998664
CC_85DAF10E61A1,0.5437503502074931
CC_85DEF8ECB524,0.126566701434585
CC_85E2E0B8B15F,0.6692811916115313
CC_85F018DC47FC,0.29961891715427347
CC_85F376B33951,0.1617298945285446
CC_85F745E1D307,0.1464322521494699
CC_85FAFB430486,0.2440394786880606
CC_860D4B868C17,0.026271437533279884
CC_8614E30C9FCE,0.5482022390560907
CC_861F5DC22035,0.05137495556248844
CC_8624ABB391B1,0.19749392117659445
CC_862BAB422756,0.3245993446133042
CC_8642F98E5504,0.18563622612307196
CC_8655B8862C81,0.1236347094922461
CC_865FCEE75A8E,0.03148951896403464
CC_867372811CCD,0.49549559546307437
CC_867695B5C296,0.5212712423218029
CC_8682B1F914ED,0.14924287550617543
CC_8691DF144B92,0.5365251750596393
CC_86AD259FA5B1,0.10681884480448219
CC_86AEC21936BB,0.7243101903762027
CC_86B1D15F8424,0.06011055957199386
CC_86C2A6EC5712,0.7136301151851902
CC_86CF816B494B,0.08132630493732784
CC_86D4D58B1D0C,0.15516085424386175
CC_86E2C4E17CB6,0.04820937375023635
CC_86E9E191E3CA,0.33896667116141266
CC_87000C16C856,0.10586346143468121
CC_8703DD5FA02C,0.17840155784311268
CC_87065B1F429D,0.11065268195263707
CC_87434BBA1CE7,0.05402228157262226
CC_87450EA8CD55,0.6784543424736464
CC_87480F785786,0.07334568004340769
CC_8777EA6EBFD4,0.04527553510406557
CC_877A35E76904,0.07964973476673357
CC_877B37D01563,0.12699188328355007
CC_879759A5EFB8,0.3457054875253212
CC_8798AF2651BC,0.12892512482672341
CC_879989FB3B92,0.552454005405983
CC_87A3BECEE5A4,0.15112198274920047
CC_87B7CDF4BDDE,0.04657942610292012
CC_87C13E620006,0.23653571670289905
CC_87E3AFB080F8,0.11070111766817664
CC_880044F77ACC,0.1002277495179493
CC_8809BCAC74A9,0.045387369045538355
CC_880E0019DB5D,0.03290779418227706
CC_880F027D886E,0.13440165663172848
CC_8812BC579F7D,0.0814042936603094
CC_88225FE57D82,0.2375977482287264
CC_88315318E9DA,0.3563089331574607
CC_883864E584A8,0.08194563470813916
CC_88469BAD58C4,0.056566555245591794
CC_8854EE679596,0.06511131648272123
CC_886273CC4072,0.0798748856932093
CC_8866B6D4524F,0.2982701874275515
CC_88A943606806,0.3236147097438863
CC_88E916A3F984,0.8853714381718817
CC_88FDC55C31A4,0.15989681123672345
CC_890D5EE59076,0.0327236911276297
CC_890F721517F2,0.09680509507163944
CC_89129D16418A,0.30084557208549867
CC_8917F02F9326,0.14181135307402987
CC_8920B6584A43,0.09473855717573597
CC_8929DF270419,0.7046382679108786
CC_892B119F0E5C,0.16750875551704006
CC_89302456B9D5,0.5866041749721786
CC_893FAA6D1F04,0.7679288639738601
CC_895AF697BFBB,0.23324214241275945
CC_8961FF892F79,0.02529058257681848
CC_897674493060,0.06922569497872597
CC_898AFCD28B03,0.13335948916696685
CC_898CC919D10F,0.20037976908326718
CC_89A711195EEB,0.17082798860841114
CC_89B4DF07DF12,0.07961122159183025
CC_89B941079E10,0.1354305041528285
CC_89B97E9FF67A,0.09826885956208822
CC_89C5162E8055,0.17790302596607865
CC_89CA0F1E2DBF,0.23815296261778857
CC_89DEE29A78AA,0.12577808776589727
CC_89E089707730,0.15569674263481514
CC_89F0B865A6D4,0.15487455991782642
CC_8A04C5D4D02D,0.06851441359051974
CC_8A081AA1FB92,0.374118965337133
CC_8A0C640E7A89,0.5325397806842009
CC_8A12B68246A6,0.05623530960204956
CC_8A14A46B280C,0.14934517117716456
CC_8A165A18560F,0.25457120410776723
CC_8A19196788FA,0.06304879022495949
CC_8A25FA445037,0.10808599617552153
CC_8A29EA87B295,0.14484247371449077
CC_8A2AC87CB22A,0.05087407586937849
CC_8A34634E7423,0.556264488705096
CC_8A38BC1AFE57,0.09988272922939155
CC_8A4CAF0CD0F3,0.09418672150184602
CC_8A5A0429CAB0,0.14628145149548868
CC_8A6E60FAE870,0.07900036202948431
CC_8A7DA054E397,0.7020620225637135
CC_8A7F5FF4B421,0.215436653332316
CC_8A8249A44847,0.12188765816060418
CC_8A8BCE16DF45,0.13129349891567915
CC_8A8EC764734B,0.07833205761237608
CC_8AB553BFA00A,0.11559216383984455
CC_8AB57DC077EE,0.7074650133193441
CC_8ABA5808D313,0.06346496249277078
CC_8ABDD9A05C87,0.39636921275441434
CC_8AC7520DBCCF,0.1339478294245371
CC_8AC7F8BABF28,0.06631321148002434
CC_8AD67FB3A5CC,0.7280301225944195
CC_8ADDCF5EDCC1,0.13731584269222738
CC_8AF1C3A0799E,0.7264963584359897
CC_8B388FAED0B6,0.12176674796468767
CC_8B46CA903D09,0.02906761356226387
CC_8B5819403FC8,0.7740970064777432
CC_8B581B8207A9,0.14693299429235784
CC_8B6DBEF19F46,0.13948916345807616
CC_8B8326C4C229,0.1266003106119612
CC_8B850FDCFC83,0.09237447117999231
CC_8B8F41F19B72,0.0797636770227832
CC_8BAF98C60957,0.11500250357537879
CC_8BB0824B181E,0.0557087744127136
CC_8BB963DAD9E2,0.17166546712478578
CC_8BBF5F939D7C,0.12498013403212285
CC_8BCBDCF4DFF1,0.10309548836812027
CC_8BCE343561CB,0.709997695692006
CC_8BDA87361657,0.09257244395781362
CC_8BE68A4DB87C,0.0661923702428743
CC_8BE9BBD879A5,0.035983765861179504
CC_8BED85B91011,0.32366181806762706
CC_8BF68E552DA2,0.19935739698579755
CC_8BF832E6464E,0.7968930817049739
CC_8C1561920E84,0.2747209381870057
CC_8C2A7D9A667A,0.170988869752745
CC_8C3A5DFE70B9,0.17013622306543305
CC_8C534CCBDA4C,0.20387390842373426
CC_8C6472A3EEAB,0.06744070242695996
CC_8C6B4854D16C,0.21586772527694975
CC_8C76DE4F58D4,0.06870844941380644
CC_8C7DA3F4F88F,0.07871728418367091
CC_8C8527DE7DD7,0.11563925571486015
CC_8C9416612FDE,0.41493286757188896
CC_8C9973F02AD6,0.34615967568632305
CC_8CA1DB61A2AC,0.06798354029475055
CC_8CA59CAE22F6,0.2211023524667874
CC_8CAFD04A6EDD,0.10027852981897484
CC_8CCCC389913B,0.6450918586727004
CC_8CCEF12DC7B9,0.20103581675491058
CC_8CDCD714BD1F,0.801174828020376
CC_8CEC7987D1B1,0.07839386793287496
CC_8CF621ADAC0A,0.24578342902833286
CC_8CF8FE2A4B82,0.42255032208744436
CC_8D048396D9D5,0.11211605266139837
CC_8D1089C58563,0.5082274775511968
CC_8D35A37FC4B1,0.13932207538393476
CC_8D41E12FE5B6,0.16876373066617079
CC_8D4A859839EF,0.16100017706083916
CC_8D4AD431C55F,0.1156379408410303
CC_8D4D882CA579,0.10645700498279903
CC_8D6151025078,0.1204129888937169
CC_8D637233FE54,0.12463041512260707
CC_8D6AEBA2D7EC,0.0980947293645688
CC_8D6E16DED971,0.19901370718504635
CC_8D7329F79BBD,0.5351114989447691
CC_8D7B7307C43F,0.099403943480923
CC_8D7B9D4936EC,0.7578099026199764
CC_8D80B1B44AE1,0.4941064742322742
CC_8D9516D61143,0.4098216057454514
CC_8DBB8445786A,0.11385683091612671
CC_8DC5B86D9DCC,0.6956352315236433
CC_8DC6465998DD,0.15056985980730497
CC_8DDD0EDA9CB2,0.1416365020936859
CC_8DDEF0265CB4,0.0616388113507782
CC_8DE06BEB95A1,0.08898512492966333
CC_8DEBB5B14A14,0.14869115907693564
CC_8DF5BE7F759C,0.07800346560846799
CC_8E0ADCC71F85,0.049387889579677824
CC_8E0BD86F6F0E,0.12767940004883505
CC_8E143BFCF3E5,0.13116505303625736
CC_8E170A60D71C,0.3485337527601056
CC_8E1C3A21FAEE,0.11533476360496034
CC_8E408E18F060,0.10007675183680134
CC_8E42FB163DA5,0.7900534736395332
CC_8E47536D29BE,0.21835634704292614
CC_8E50AFFC5BBD,0.05675021159169581
CC_8E5FB1035354,0.16503399115422188
CC_8E7B9B8DD1A3,0.09723112102623252
CC_8E85B08196AF,0.048418639046921265
CC_8E96FC75AE5A,0.08667660652367327
CC_8ECAB5A6C7B9,0.06097486207302639
CC_8ECC4C7A6638,0.5670225442231607
CC_8ED6F13C35F5,0.15767690295885523
CC_8EE5E9467038,0.13705507147779805
CC_8F037E5AE692,0.07613767925934292
CC_8F1A418D96B3,0.23563351933695356
CC_8F1C4014F91A,0.15218155245651455
CC_8F30A5FC9D49,0.10441096713319627
CC_8F3456F298F7,0.2590720175759641
CC_8F393D485C29,0.15358319380633087
CC_8F4A41130110,0.05374496455102373
CC_8F7AA6E4D486,0.13552639665050992
CC_8F887BE25314,0.1734697312236862
CC_8F90CD1A5E00,0.18306635948365665
CC_8F9B26042C4A,0.1345011167647135
CC_8FA9423E65C6,0.10745035697849926
CC_8FBA6C32E0A5,0.2572819519721967
CC_8FC1C50C41E7,0.08720206957200313
CC_8FD005425792,0.06489101434239292
CC_8FD6A223135B,0.13406597547801186
CC_9002450E1B5A,0.05432754373460524
CC_901CE62199C7,0.37369578183957647
CC_901D2136E1F9,0.13481697728831704
CC_902648F62345,0.1464386107328854
CC_902BF0612E70,0.11655101853567532
CC_9036F7423277,0.19177385853628276
CC_903AD2767BAE,0.675198459663219
CC_903E4BA690FA,0.2566906228836927
CC_904386E31210,0.058509739023494066
CC_904EA6C846F8,0.4221700200335911
CC_90549DD3CC39,0.14173039093129217
CC_905739E5494F,0.08347200570137732
CC_906F852C69D6,0.6981586224308755
CC_907911F4930A,0.2836551297854526
CC_90798A7273BD,0.14822931919258608
CC_907F3A8AFCFB,0.1054531946021315
CC_907FA7722881,0.08380240635167842
CC_90812D9F30FE,0.09759772636137232
CC_90870A89F310,0.04944467514407218
CC_90894CA021C3,0.707686487272425
CC_9092C5EBF5F6,0.05610767857304552
CC_90A10D649D9C,0.6099742815230766
CC_90BF8E127519,0.6386350452705742
CC_90DBB385A7F3,0.6934442964440085
CC_90EAD308012B,0.28974807627119936
CC_90F4BF0B868D,0.09362282149018501
CC_90FA39516EAF,0.08482674757827403
CC_9117894F31C2,0.18721019935157215
CC_911ED63BB556,0.30533216060390245
CC_912730AE6E8F,0.2704043555552543
CC_912CA7EE4C26,0.14473829787825693
CC_912DA46AAED2,0.09578049303519588
CC_9132E67EA479,0.14988125230373595
CC_913D95FB31E0,0.1719323454920901
CC_91529F20D461,0.759666191245075
CC_91586318C780,0.04146480467389573
CC_915F2708219D,0.14924165206631818
CC_916CCF9CBC08,0.03072817892767129
CC_916CF77A29CC,0.08725607529610882
CC_9189E4FF82C5,0.18257861959461683
CC_91A27CB6139A,0.1689275251573858
CC_91B7A4A15A37,0.6334147370220792
CC_91C2077BA6D7,0.05836878077321585
CC_91C4CC43EEE5,0.16022724582678088
CC_91C55BE33AC7,0.06348071835671036
CC_91C81BC58B49,0.04916248582598366
CC_91DE12EE18A7,0.38718470905268354
CC_91DED13CDCD9,0.12652999409673155
CC_91EF639761F8,0.15279377769300045
CC_91F23A7E743A,0.38915366907356586
CC_91F4C5E889C7,0.721626097810607
CC_920E91EB28A7,0.19484731181561593
CC_921481F5F77E,0.13018921199969896
CC_92221DB27176,0.2051775421164609
CC_9224D5677C66,0.10191720849009733
CC_9230B9656F93,0.16873035397526195
CC_9231D0F8A993,0.7087950223999725
CC_923727159A8F,0.06369790345522758
CC_9248706729D9,0.05748925003183102
CC_924AEB5DD991,0.19474780758751484
CC_9250BA851692,0.3306596212667961
CC_925BACE3417D,0.09488655703155448
CC_9260CD0D7C0A,0.11313289373681894
CC_9285EB21B38A,0.10357955168681529
CC_92A09F03DAB5,0.7849676039701496
CC_92BC35D7F9CD,0.08947677680916513
CC_92C5FE9E5B12,0.68237693228186
CC_92DC8CF8C902,0.0924960328737033
CC_92E006664648,0.21601640572274228
CC_92E4EFB9F0DD,0.13315244821348776
CC_92E621E0298E,0.18838891872752273
CC_92F412AC7D22,0.07992413480144822
CC_92F42886B7E4,0.18670790672186227
CC_9301E23D376D,0.6008732887213286
CC_931133320380,0.2190376280330531
CC_9314B6D8B7F2,0.08059633827932147
CC_9337E3B43211,0.16954300174206718
CC_933E044F26DB,0.05685579574176134
CC_934BB89938A3,0.09794691797776106
CC_935296A995DA,0.1274021970575614
CC_935326AF26E2,0.16929446890860841
CC_935B72B8E7F0,0.049092656848031296
CC_936FF3C9BE68,0.041718178669187596
CC_937FFE1718BC,0.03638832318062987
CC_939F92AEE460,0.7974180594334482
CC_93A4365B25CF,0.7973467731553808
CC_93AB9D6A7EFA,0.0914696028551634
CC_93C719738590,0.8539577471257785
CC_93CB48930B37,0.16429369982256628
CC_93D24FAFD21D,0.09432065487424927
CC_93DB5F477493,0.08819314693759293
CC_93E1CAFAD44D,0.08870288891530483
CC_93EC9F853123,0.21937477223705956
CC_93FEAF515A8E,0.061470515228901346
CC_94063A67F136,0.330230022108648
CC_9406E32819F5,0.05554876056343553
CC_940971CBC1A4,0.15162381042746698
CC_940ADC8DEA3F,0.15655248180227455
CC_940C7E8E0C52,0.2855885069858918
CC_941DD2E1DE56,0.15716847780702475
CC_941FC1FD0D55,0.20770340326730058
CC_943B720DB5BB,0.1159166353603293
CC_9440309323A0,0.166105565545528
CC_944B461BC558,0.06635009417459162
CC_9453654BACE9,0.17830677868857228
CC_945888CEAF10,0.36836374863337196
CC_9458D4A483A8,0.1068210415822224
CC_9464BA7E98B9,0.08497445937594578
CC_94794B478A5C,0.3388810765532165
CC_947E58EFF90A,0.0686440058594574
CC_948537FC17AA,0.7572951881177918
CC_949576D25153,0.07502773656223374
CC_949B8CEAD619,0.07989072055863734
CC_94B4E05906A9,0.15600029643412852
CC_94C3B6F3B0CC,0.14002726821554284
CC_94C3D9D8FBF3,0.644890299720562
CC_94CD530B2099,0.07837612868539764
CC_94E9D1E527E6,0.02874418869552621
CC_950450C0845E,0.4118386129608848
CC_95169A4360C6,0.054628641787399436
CC_951A69571676,0.06577763657430402
CC_95232636844F,0.1803290994457996
CC_953A5913EDD3,0.12030724195098931
CC_953B678083F9,0.11507626192268623
CC_9541BD0604B6,0.14022244658437605
CC_954404C1BEE6,0.36586701322172016
CC_95444ED71872,0.08537385020673807
CC_9544B86C78A6,0.722903366856087
CC_954AD7E7C8F1,0.15035698842593703
CC_95525CC6C854,0.1553158613470244
CC_95573B318A91,0.032434681236944554
CC_9569309DC18E,0.07367895451750177
CC_956A2DF28600,0.22094383723119473
CC_957C7A0D7B72,0.29591037430861566
CC_958BECCA0BAB,0.44597985452226674
CC_95A6C4DA2F12,0.6095973560597876
CC_95AB75B5BBBB,0.17305297318812043
CC_95C1274DD7DF,0.03955991639477931
CC_95CD8F6A8CBA,0.04318436836128624
CC_95DD4DC604BD,0.17550490608088182
CC_95E1AC08266F,0.14262444256860346
CC_95E3DDCB74EF,0.05637485750588602
CC_9601384AC971,0.4208058411539585
CC_9608A73A8025,0.15029683756973022
CC_961F3BFBDDAC,0.8688071160974525
CC_96206C1277EB,0.27418259549712215
CC_96396AE6347C,0.19177668227461142
CC_96416D2A937F,0.2251896654925602
CC_964C2E0B00C1,0.2459636532674081
CC_9657A2A04BAF,0.1822485703649202
CC_9662D713B7BB,0.17965897787799673
CC_9664F83B7F1D,0.18927064131978094
CC_968AF836D0C4,0.0712889889697751
CC_96A6735A4317,0.06577980591497652
CC_96BC62A4A0AD,0.16634951139294105
CC_96CD75668A6C,0.05523367019725122
CC_96D928252719,0.33256300810268075
CC_96E40BDE9A6C,0.10385241910932275
CC_970116768415,0.23575516547051703
CC_970E94875C2B,0.7673848921628815
CC_9721C8A61D80,0.08059674367034803
CC_972313B0F814,0.17435706377360397
CC_972FD8FFFF63,0.5325623545657666
CC_97478A77EC17,0.18428184781246537
CC_974D14774BD8,0.05870715389681092
CC_974D86BD39FD,0.05512056340181589
CC_97508465AB76,0.124708776477084
CC_975689C0CD6E,0.06644895642299055
CC_975967702106,0.04571136904131661
CC_975F3F07ED23,0.054210269657771336
CC_976E0D9A64ED,0.3915482234164845
CC_977145B2B363,0.36968959535043666
CC_9772CABFE1D2,0.7899834301259517
CC_9773C1E6AC8B,0.680340721228477
CC_97832657396B,0.43115597745130513
CC_97963C337FD3,0.4640262014298687
CC_97978B581F20,0.1933528427974383
CC_97A9ECF23955,0.14828552399533035
CC_97ACD6D965F3,0.10012065570761053
CC_97C69AF6E34B,0.7075739024100631
CC_97D0E7256861,0.6474013712490675
CC_97DEBFBE2BDE,0.33459162800536646
CC_97ED469F2950,0.11336065845818695
CC_97EE84ABA6BF,0.29470385564304186
CC_9801B22BF375,0.10820595671852279
CC_9803B6D4D780,0.2523289889771355
CC_980E90C8A301,0.10383473376423172
CC_9814B3D08A69,0.08632667680965399
CC_9821BD45BB0D,0.1715312511106567
CC_9829FA0350F7,0.035536678379168685
CC_982CAA309A38,0.18273703037107356
CC_98346EBF382E,0.20226690395510358
CC_986698CCC6AA,0.11592086192281383
CC_988FC580CD50,0.11678702456537093
CC_989795BA3DD2,0.0852134734921879
CC_9897A1DFE807,0.06928342592196743
CC_98A2C8F4E956,0.08758567923291695
CC_98A3E6CDC707,0.15859804542218592
CC_98CE15EE1565,0.08547176222820219
CC_98D036D16215,0.0625404903021641
CC_98D09B14EE3D,0.47453612473346135
CC_98DB782DF852,0.05917297581976089
CC_98E2EA67BC97,0.07216281347125086
CC_98E6E7CF74AF,0.09263342402854509
CC_98EEEB2A83DF,0.6965662000827241
CC_98F3D3194788,0.16230643703145117
CC_98F8A8CF4F9C,0.3266955634429129
CC_98F91BAB57EE,0.12263148420788121
CC_98FA377070FB,0.2631126155946645
CC_9900D0479959,0.28241437077093023
CC_99061A735C6D,0.2629648553630908
CC_99093EC1A2C2,0.13628336382308315
CC_99376CA4DC26,0.037961698946854194
CC_993A588895DA,0.13091307944539482
CC_993EE6417CED,0.09251794918549212
CC_99559319913F,0.04455182977593405
CC_9970123DCC41,0.3239045392158541
CC_998BB6848FDE,0.10330565121725392
CC_99958287B2A9,0.4840754847556504
CC_999BAB2D16FA,0.34989790799547754
CC_999C7029261D,0.48045730696177963
CC_99AA61D1896E,0.06979920040355102
CC_99C03E7D99CE,0.050743404340364714
CC_99C62022794F,0.10581280181091907
CC_99D46BE6593A,0.1693838529242155
CC_99D5A5371B39,0.13919711881614455
CC_99D79709AD9F,0.7400079541955943
CC_99D7DDAA460A,0.14547334987314728
CC_99FC44B3C58A,0.11257078318949859
CC_9A02B2A17C07,0.10447181585923751
CC_9A05DE55D408,0.13805567776854305
CC_9A0C42AA09BD,0.4659067893198199
CC_9A2B390551F6,0.021221705379257726
CC_9A2D66206BD1,0.4843562204999198
CC_9A366E181FA0,0.13102504610668586
CC_9A39365FA850,0.6532081291725663
CC_9A42833BA860,0.051773802313769546
CC_9A4911A0140F,0.08862112496485702
CC_9A4FE1E8E0C5,0.3836962783073243
CC_9A51017C734F,0.35619759182009575
CC_9A5DCCD62D0A,0.3139950881778517
CC_9A602F492510,0.15008287349410873
CC_9A66BDD34B89,0.04109669454639653
CC_9A6AB0AB1E67,0.05601643060229946
CC_9A7049ED5656,0.5978612222521722
CC_9A7AF31828E5,0.07686088378150646
CC_9AA750377C6F,0.10334236327488155
CC_9AB359C82202,0.054241662593907385
CC_9AB7BF77EE83,0.7622232593136553
CC_9ACAC8474B9F,0.022715360412302633
CC_9ACCA4FB9101,0.058937570345685274
CC_9AE1529AF9E0,0.1475612543063785
CC_9AEE181F1156,0.20096320884914592
CC_9AFD130D3725,0.10995397626281038
CC_9B09C3353732,0.07697185918241661
CC_9B0D37817EBB,0.11002127849407808
CC_9B290B59155F,0.4439712673031908
CC_9B2D487C64B0,0.09773711874766201
CC_9B3DEC76ABF7,0.052504300635618596
CC_9B4F778D0A6E,0.17317792733112794
CC_9B581A92C2A3,0.4731298478415089
CC_9B5CA8C38414,0.17615328688488174
CC_9B6E82167593,0.20263014940943688
CC_9B6F6B2BCC05,0.331083185341329
CC_9B7FC3DA1594,0.387350402759319
CC_9B957DC280F6,0.1635983800618277
CC_9B997DF20042,0.2983297227336913
CC_9B9BC4B83736,0.09604439347509032
CC_9BBE1A16C04A,0.12537756942810266
CC_9BC63F1A568C,0.2515545007585711
CC_9BCB0166227D,0.28055908879777103
CC_9BD3DC96ACC5,0.16104164514434213
CC_9BDC5A0E43C7,0.45059132826718995
CC_9BF9485A3F9D,0.24499122872401147
CC_9BFE93FF2145,0.27132938516952665
CC_9C0470A0536E,0.1633529477153415
CC_9C205AF09E47,0.5018824356232627
CC_9C30DC5C1E46,0.07313161740067238
CC_9C325B6CAD11,0.04951755163025384
CC_9C4A200D0BFB,0.39723267876151236
CC_9C5EAF238007,0.22978185119352162
CC_9C601C6BBD37,0.0914492310800542
CC_9C606C2C92CC,0.07045109758556772
CC_9C6192D3A16B,0.0691232611823317
CC_9C84FB9B1469,0.06459851817100268
CC_9C989433D637,0.23729048282625956
CC_9C9B2FEB4937,0.15109342792279784
CC_9CA7FBE1DD54,0.11206872022580631
CC_9CACA50F80F2,0.1427193892263976
CC_9CB40D552388,0.058859246858931964
CC_9CB8127D17F0,0.03950148894491937
CC_9CB9CE2989CF,0.7385729213186626
CC_9CCE51CD83ED,0.8544774454709941
CC_9CDD2F3D0BE7,0.0518853599167452
CC_9CDEC693AA99,0.4036006191417116
CC_9CE9091AA9A9,0.2068540221805082
CC_9D007C60D29F,0.07257572094291052
CC_9D017774D4FC,0.6848028330980783
CC_9D095EC1F232,0.2789870656457227
CC_9D1A1281C8FB,0.30556501306011974
CC_9D23F42B7996,0.41989010733010657
CC_9D2FBC479646,0.6117089726494072
CC_9D363365CAFD,0.10574006203060331
CC_9D44E4543573,0.1594150454086312
CC_9D45F67E3B01,0.06437323452557744
CC_9D535DD207D2,0.08034495473320231
CC_9D53ED53A15A,0.5976975131361981
CC_9D5D97AEE98B,0.6102070730819422
CC_9D5F2A5B6913,0.0627630807179515
CC_9D6BC1C470B0,0.4901576112979443
CC_9D71FBDE765A,0.04165009673922365
CC_9D73939E357F,0.11187122302740306
CC_9D82F401BD88,0.627409682251095
CC_9D8B4454BE84,0.2780854825868258
CC_9D92537645DB,0.06117312002681788
CC_9D95ADE03ED1,0.19844798035454203
CC_9D98FE7A1809,0.0388088838254544
CC_9D9D59757786,0.047341269105299566
CC_9DAEB38616AC,0.14086559615559704
CC_9DD55CC0E928,0.02195841415635705
CC_9DD6B460CDFB,0.27407489480277913
CC_9DD80B5E3729,0.09164697756424758
CC_9DD82B4310AC,0.43627853618137763
CC_9DD9389E8AE0,0.10797652668812682
CC_9DDA8ACEB3D8,0.07955226920208004
CC_9DDCD898D01D,0.11444656204840031
CC_9DDD90B42A27,0.8550310105843272
CC_9DF1807A4316,0.05939956688229721
CC_9DF786FD2620,0.5126888073941853
CC_9DF7B9B3C8F8,0.0920657830817996
CC_9DFF6E2AC586,0.12225837226941222
CC_9E0546BD7BD6,0.10841062416717392
CC_9E0BE8227931,0.10317142220974523
CC_9E1A205BA261,0.44951766521202813
CC_9E2967559B00,0.0647570042136002
CC_9E323A031449,0.6956480292233218
CC_9E377CC03D51,0.05822591690677985
CC_9E3B83584C12,0.1440834744390101
CC_9E3D46FF5709,0.5871863874693897
CC_9E4FA91B86A9,0.05240006931683136
CC_9E53534DCD6B,0.16072962463894191
CC_9E73656FC8C0,0.6980129354060172
CC_9E7430675033,0.18599487322506147
CC_9E84CACDD7B6,0.41783128580202317
CC_9E84E0E4C5BE,0.2883752294906878
CC_9E9C65275B4C,0.07924824248478611
CC_9E9CB6473D59,0.19424076788147404
CC_9EA4F11BE6C2,0.14018910687299768
CC_9EBE3F26F2FB,0.07541472373084984
CC_9EC23AB6C573,0.278716535424397
CC_9EC34DDD0E53,0.07372013144706016
CC_9ED8EDFE8C55,0.08670975103056293
CC_9EF352F179D2,0.06368081516153756
CC_9EF505400F8B,0.6453557328944953
CC_9EF66D83B743,0.34685857657923763
CC_9F051572BFE4,0.23705383788928386
CC_9F151A782BAC,0.19909721354274484
CC_9F1A5DF4619C,0.42318265073359984
CC_9F1BF78ECD7A,0.08650180424516331
CC_9F263092AD72,0.17479014216811267
CC_9F36EC36A9E6,0.09595069758979805
CC_9F3D52242888,0.1607575099912107
CC_9F41F312CDBB,0.30580217700567747
CC_9F425167F9ED,0.13991338072291037
CC_9F6981E0009A,0.35466537898472156
CC_9F706DFE0AE7,0.030202048208246204
CC_9F7B525DD52D,0.33230931020124316
CC_9F8D5A5A9DAC,0.16158608947694633
CC_9F8FAE57E6A8,0.10985871545470775
CC_9FD1AB8E65FE,0.04682648468063147
CC_9FD2689202D5,0.13857254613332726
CC_9FDBB5C2CD09,0.04406139495661663
CC_9FE52BD71CA2,0.08618512344677079
CC_9FE8E62EB24D,0.08537026434851987
CC_9FEA59AEA00C,0.2602392604210288
CC_9FEA77B36A29,0.3614289034449173
CC_9FEE9701D16D,0.2218293979221652
CC_9FF35BA60E6E,0.25658302321220605
CC_A0003F08B22E,0.19458946584849252
CC_A00AE2543224,0.06353556534752078
CC_A02A29DECDC6,0.12524823195032714
CC_A0336C21117C,0.637257423117858
CC_A053B42BBE0B,0.06886988516630722
CC_A0591F16FA37,0.032737672853174075
CC_A05F962C80FF,0.16937242377699255
CC_A07B0549E53F,0.05384378174320946
CC_A09F230CCF5D,0.6524429300343765
CC_A0AED6346ECD,0.19059016192474262
CC_A0C4A796643F,0.14180396040235882
CC_A0D6DDFB430F,0.07782095629268226
CC_A0DF672F9C4E,0.1474164714656076
CC_A0E8C7C5558A,0.2897775621772959
CC_A0E9269DF22C,0.5598247413089723
CC_A0F1DB5CB28C,0.08178892724059664
CC_A0F42B26F8F0,0.054421369721368906
CC_A0F8F80EDFB0,0.08044358538017192
CC_A10AD9550E4D,0.04072070777347356
CC_A10EB26E5EE1,0.1333672638285311
CC_A111B065F623,0.05973822700200665
CC_A113D95B4AB2,0.12776628379552796
CC_A1320C0F0129,0.7943504362360009
CC_A1348D850EFD,0.7289201248046125
CC_A13D08B372E8,0.06128349750903427
CC_A143E64BD9D6,0.32336859362850295
CC_A14B0A24DC3C,0.12014080869909277
CC_A15137F25F7C,0.0795980301723081
CC_A152DBEC5BE7,0.05442302254457558
CC_A1591CFF6D81,0.0459065846879622
CC_A168CCB582C6,0.29421990210361204
CC_A17DC38133CE,0.7444583620829326
CC_A185D5EA3DE8,0.654566263515778
CC_A19C842508E0,0.11832300317867482
CC_A1B648DA406D,0.034261127137669545
CC_A1BF7028CAA8,0.021383907298514925
CC_A1D035FA36E1,0.0798520721227399
CC_A1DD653D41A7,0.09702925882252018
CC_A1E3AD4B934C,0.2788371071430369
CC_A1E58421CE87,0.056083758666968846
CC_A219144EDEFE,0.06292422062174387
CC_A21FCEEBB3C3,0.48236283793223367
CC_A220E4278D79,0.05022301733940371
CC_A2231BDC961C,0.23482213269771607
CC_A234E219EFC7,0.33335776862060795
CC_A239B1BD81FF,0.06485373758023034
CC_A23D8CFFA31F,0.089434873866965
CC_A23F463F4B4D,0.055164928341614045
CC_A23FFDC4A7A4,0.09501335863439085
CC_A2423E273F84,0.09903026924884688
CC_A2493E6036AD,0.3109264112421325
CC_A25C54470CED,0.08962151156040475
CC_A25FA690BBBC,0.12152083020122667
CC_A2636CF7C075,0.12537810188080867
CC_A26C22870E3D,0.44477233152549767
CC_A26F6A272B3F,0.12946852401668651
CC_A27CDC9BCBAA,0.17239428373817653
CC_A27E5269DA60,0.1532643831127685
CC_A28D4A46B6FA,0.10884251980744328
CC_A28EB319030E,0.06536508924570587
CC_A294D3A59462,0.78701162063292
CC_A29D8034C304,0.050132018357143586
CC_A2A109409963,0.04805770257006908
CC_A2A4FA5F9962,0.11772400190667637
CC_A2A7E30C59D0,0.1267871587232899
CC_A2B5D2D4E269,0.5717738684658042
CC_A2BB24180208,0.29296738066605466
CC_A2CF1DFEFE46,0.3995440128423814
CC_A2D6090EA5B8,0.16064916127304146
CC_A300BC40BC9D,0.05025444645999628
CC_A3212501F639,0.19774488194840129
CC_A3278A566572,0.06155138872864312
CC_A327EBE4F783,0.18031916416210683
CC_A32FB6659B01,0.07773734406597749
CC_A33915EE72B6,0.12035133344062858
CC_A33D350BE79E,0.15665738242406724
CC_A3553B8AA8F6,0.1270253595703414
CC_A36EB077BF3C,0.031473372800865346
CC_A3753EB66DEC,0.10587942042932756
CC_A378342AC9BB,0.15780424933673537
CC_A379E9455C60,0.15419142312215156
CC_A387ADBD7249,0.08759762094285613
CC_A39E961FC29F,0.17562471823536707
CC_A39FA1EF0B16,0.33483378303383465
CC_A3A4E39FB04D,0.15255743672436467
CC_A3A751BE68D2,0.047841691497897944
CC_A3ABB3C5E9D5,0.6197392320421882
CC_A3AF9C2C68F1,0.20628982813246757
CC_A3BEA14873AD,0.1667609914190292
CC_A3C2FEE13C37,0.14343531691160805
CC_A3D6435D5F17,0.17276088736254797
CC_A3E3E51AD0E7,0.04599972154405059
CC_A40566694D53,0.19123780953320998
CC_A410C0DC7125,0.04380439399119159
CC_A42168D2B94B,0.08563077196074023
CC_A43CED9AFEF5,0.34556891250370336
CC_A4475A788D13,0.09674169459207412
CC_A44D677C0C07,0.03896445035955763
CC_A44E2673E71E,0.04975586405205542
CC_A44E79A96425,0.2675091598728814
CC_A462CA147DB9,0.09466026313619079
CC_A4660E424386,0.21348495987703744
CC_A476C9F116F6,0.17696677727882357
CC_A47C83B6EE2B,0.13906805836029434
CC_A47F8594678C,0.23882039248205864
CC_A48A7592F96A,0.05906456550825891
CC_A49195E659EE,0.05832987848139735
CC_A498A936AD21,0.08165844188133123
CC_A4BE6692361C,0.6328008109135868
CC_A4BF2115580C,0.09081630232057136
CC_A4CACCD14A0E,0.11945485498559692
CC_A4CE57A1AB74,0.10033682415655176
CC_A4DE4F1B5F93,0.16327131134583464
CC_A4E300558DAB,0.059276232205141825
CC_A4E972915D89,0.759074493115064
CC_A4EEA04CF3D0,0.16079950971913343
CC_A4F400E9A0ED,0.05979346440155962
CC_A4F550D7F95B,0.18963455244881577
CC_A4FB91B1BF31,0.1687122335332601
CC_A500C1ED0A33,0.2519920330503216
CC_A50471962A96,0.7379383847158388
CC_A5161D8AA57D,0.10741129997125193
CC_A519C84307D2,0.12742593210484912
CC_A5277A9BE02B,0.6498198565980059
CC_A53578FCEA71,0.11544543581788803
CC_A54EAD1CCE27,0.14907159181404767
CC_A5512DA239BF,0.1567988566382362
CC_A5545DF298BE,0.06499081599915864
CC_A556EEF3010C,0.4495758685282107
CC_A56756C65136,0.4192983391702947
CC_A5852E06D2D5,0.320546487999321
CC_A5886994671C,0.1978489166343265
CC_A594D8B41A99,0.06556416927616937
CC_A59C6A6B71C3,0.06991626121613125
CC_A5A06987AF5C,0.16230494015685148
CC_A5A1512FEEFD,0.18322615004244228
CC_A5ACE4284283,0.17179431876718684
CC_A5B10F07BCD5,0.0951943566165237
CC_A5BC9ACDB4CD,0.08046890269314597
CC_A5BF8B260922,0.48016901754797825
CC_A5C52379AE06,0.29829116453408777
CC_A5DD4441568D,0.0329124998542253
CC_A5FE3BE2949D,0.05424755719003471
CC_A60EF94F09C4,0.30802579147801484
CC_A628BE74CB45,0.12297524422980173
CC_A6292E9B43AD,0.06704939931968068
CC_A638610BF8F8,0.10078046422933465
CC_A63BBA86CE9A,0.2685508175390602
CC_A63BDDAC43CB,0.06951606814908594
CC_A6409E37A735,0.15218759917454278
CC_A655EC341406,0.15634536717351988
CC_A6562E47BFC7,0.19406370605078183
CC_A6563A22D668,0.6448607469499786
CC_A6601278C1BD,0.08888968273057017
CC_A683678AC9FC,0.3932574107173604
CC_A6864FE80A94,0.08858539620486773
CC_A69117CC3C24,0.13189459097006945
CC_A69928C7D217,0.16827306665064762
CC_A6A8BAF7124A,0.2549994416379882
CC_A6B7DFC69AAE,0.5295680894476016
CC_A6BB595B55AA,0.06714824372684815
CC_A6C5284C4586,0.11028711980630222
CC_A6CB0D0191D3,0.1341189709246236
CC_A6FA3FA9F0FB,0.1252908924607981
CC_A6FDADD23BD7,0.04131183322974663
CC_A6FE3938F001,0.18458701033099925
CC_A71DB65F0BBA,0.6291173679347006
CC_A730F4964FD4,0.1097478117380861
CC_A73C02C58DDA,0.13971228040150496
CC_A746BC2289C7,0.2893002678952208
CC_A766C3608214,0.09968354218017328
CC_A76F48111A8D,0.1168926970740112
CC_A77AEC8AD2D1,0.02383682779373761
CC_A781174166B3,0.1855884572053287
CC_A79024286DFF,0.06173457242676164
CC_A792720B875E,0.09440873094807364
CC_A7952C2BC5B6,0.0841988315908242
CC_A7954EE1A1C4,0.06260485893878381
CC_A7991E6B3CAD,0.19028055448013875
CC_A7B141DF4AAF,0.076498053260558
CC_A7BE2CED0B93,0.041747059594464155
CC_A7CF446093DD,0.23195986419573766
CC_A7D1C6692090,0.0877546610590879
CC_A7D6CAB54328,0.46709608487943366
CC_A7D8D1DA4EA6,0.09705669715595386
CC_A8102BA6933F,0.06924694227500305
CC_A81C1EDC5FE0,0.07096372067457235
CC_A82C0FDDC303,0.290564644768317
CC_A83F92C0CABC,0.14451721124336425
CC_A849B0F60EEC,0.06356027083203465
CC_A852AAB180D7,0.041732772627120225
CC_A8536626873D,0.1585209674242623
CC_A85F953FFD40,0.3133208065295595
CC_A865A3F1E28A,0.7177581429002915
CC_A867253FC73C,0.5597725326127582
CC_A877592FE1AF,0.04450328753934384
CC_A8AE26057851,0.1815217861964694
CC_A8D50530622B,0.1847967431057983
CC_A8D5C834B061,0.7720254473942858
CC_A8DF49EED27D,0.7550192047705763
CC_A8FB53A944AA,0.0969076457765786
CC_A8FF19BCFB18,0.16910747194449177
CC_A9042AA97760,0.07406509755299412
CC_A917D68B7F33,0.06258675209070144
CC_A925B3023F01,0.13309093362800722
CC_A93A49678A0E,0.7002525150733533
CC_A944C14551E0,0.11224444468622317
CC_A949A4D6CFDF,0.03297524519321847
CC_A96085AAACBB,0.43813445037913856
CC_A968E7B519AC,0.5957672441747257
CC_A96F61DA3920,0.24699067214754636
CC_A98AA461487F,0.05751257809199954
CC_A98DE37F48B1,0.033042769798339575
CC_A99526CAE7B8,0.1020389084845426
CC_A9997F50D935,0.12351058426207433
CC_A99C3B09B728,0.062076860435949975
CC_A9A0DADE60F5,0.3367945204464978
CC_A9E27E0F8BF7,0.11983152429353645
CC_AA06B8C44B08,0.5229669259129119
CC_AA078692F54D,0.053726440934618765
CC_AA3181148667,0.12951464882150956
CC_AA36C8AD0AD4,0.132964397980475
CC_AA36F0397FF6,0.10099889000509314
CC_AA3A8989A632,0.681740133511162
CC_AA4A1B7522D9,0.08761482091903468
CC_AA4AE0378324,0.2301604508255012
CC_AA5E4D5A692F,0.1375080222910848
CC_AA68EABEE4B1,0.08499624204930024
CC_AA6B5A7A5B67,0.0980314187688526
CC_AA6BD423C239,0.4487731800393688
CC_AA7074B42A4C,0.4992047428962717
CC_AA7A7F3159DC,0.09683813763654561
CC_AA7BDEB972E4,0.11871519537311453
CC_AA83426311A1,0.08529632046650407
CC_AA8F7D307212,0.14833048751053957
CC_AA994120654B,0.06629353205269531
CC_AA99CC1D0A77,0.08744622927545968
CC_AA9DF917E958,0.1543663402852874
CC_AA9FC6678135,0.3017792960381869
CC_AAA47EC0D4CE,0.07514910164823507
CC_AAD9F600283C,0.11393143612033119
CC_AADF003A3927,0.0614349036546155
CC_AAECFE806C8D,0.14598754565358424
CC_AAF2022B9CD1,0.2608284025362193
CC_AAF445E4CCF4,0.0566515785093248
CC_AAFDCAA5CA06,0.5889942155172703
CC_AB0384E131D8,0.16744548928652206
CC_AB0A4F4A2968,0.1691387770428117
CC_AB108580856A,0.0855614946384116
CC_AB10FED15FC0,0.7975066935054924
CC_AB176233A184,0.08535764159678394
CC_AB250982887C,0.09445056088011841
CC_AB25C565EA6F,0.06882684006867189
CC_AB31BDAE74E0,0.21780612787282044
CC_AB38A76F5698,0.3927319520885733
CC_AB38F588BDD4,0.18945110399446444
CC_AB3DB55C9A2E,0.17925614882074536
CC_AB42A7DA8FAE,0.16421929477651692
CC_AB486E8855F7,0.11037995036144362
CC_AB4A79BF0F21,0.0343333908448122
CC_AB7472FE1C8B,0.07168417431282045
CC_AB78F64D1DA0,0.13156892451236557
CC_AB821E2FB031,0.052694942169413145
CC_AB873276D910,0.04637489223652712
CC_AB8CF3C05B61,0.13497067625228454
CC_AB8DD8448ABE,0.3646753853507137
CC_AB953366A38C,0.1329813944640497
CC_ABB193697B23,0.5834961203262169
CC_ABB3F0A040BD,0.13813905553232197
CC_ABB618AD3E52,0.21893737993021925
CC_ABC0DA7DAFA5,0.03794921133765346
CC_ABC49E43DF40,0.5883987188577711
CC_ABD89F61734F,0.1310311745294675
CC_ABE04CDC2866,0.5383974711463588
CC_ABE98746DB91,0.4728921709753896
CC_ABFDF22BBD97,0.06615684368523364
CC_AC0498A54CAD,0.17480308221366664
CC_AC1C23EA2767,0.3885932706827736
CC_AC1E028B2A1A,0.09699179174458673
CC_AC255B902EEB,0.14659026849267093
CC_AC44A88F7869,0.08473011858465818
CC_AC51CBCACA63,0.12653648581046398
CC_AC723E5F5EFA,0.039917263949875895
CC_AC7994A5FDC4,0.13385245517202216
CC_AC7EFDBCF2E8,0.6391710959173345
CC_AC8A45716CD8,0.1357904295905072
CC_AC8FB78319A0,0.04043792113393192
CC_AC95C517E726,0.07183173205352925
CC_ACA4C6C9316D,0.04153425920715761
CC_ACAD97A186F4,0.08064131534513153
CC_ACC12168D6A9,0.1573115484365128
CC_ACC53294D3A0,0.10311185049840774
CC_ACC6A74A8BEC,0.06947349985758908
CC_ACD94D2B1200,0.0607558433868382
CC_ACD988315902,0.042272131833452735
CC_ACDA59536C9B,0.06607434830721465
CC_ACE5A4081F6E,0.13799589324209693
CC_ACF4F9A2CCFC,0.16878890494034043
CC_AD0D7D212968,0.2902562060420284
CC_AD131D09EB0F,0.1060381176285366
CC_AD13C87CF26E,0.15039277892141323
CC_AD2050A0C79D,0.19847913066871914
CC_AD276D71D3A7,0.28129019009121614
CC_AD2C54521FE4,0.21277801467672527
CC_AD2E59624FEC,0.4050221000076905
CC_AD3A36AF2840,0.2547504835289531
CC_AD3D286D0B68,0.21698158202752715
CC_AD46818E459F,0.6287110009331373
CC_AD4BB2E22EA9,0.20828045886948596
CC_AD4F7F88242F,0.3538763431875008
CC_AD58ADCD54CE,0.6489595887832437
CC_AD71619FA389,0.14811580538344882
CC_AD84592B950B,0.08387988441530511
CC_AD9898C0E8D2,0.15029950402063025
CC_ADC70A21D661,0.2775753970054634
CC_ADCF16189AF2,0.2113382427475321
CC_ADD894E6E4F4,0.29257326033979614
CC_ADE899835555,0.11516985458105733
CC_AE0D73A1EE19,0.3607196366405796
CC_AE0F08EA3935,0.2067150002919449
CC_AE23B59E6FC8,0.295273220968284
CC_AE289E013D60,0.10035518655645188
CC_AE34D3F7F224,0.8066316169424772
CC_AE4069D8B4F6,0.18764146402583784
CC_AE4896E2BE76,0.7800235722259632
CC_AE51DCFE0671,0.07646953798121484
CC_AE69FEA8DA68,0.16959953638503386
CC_AE7C129CC90F,0.1430334353813365
CC_AE7CD49F20AB,0.15368868067287622
CC_AE89526E0335,0.17186204217242282
CC_AE8D62CF30C0,0.1189374940354442
CC_AE8D9CE8D6FE,0.037732533787748074
CC_AEB019CB9065,0.19421230373381138
CC_AED1D50AF584,0.09663249199658702
CC_AEE546316FB0,0.21198992094725577
CC_AEE5FA00FA6C,0.3846464764094689
CC_AEEC765D157B,0.05015732476634621
CC_AEEE44D6C8A4,0.02681452232246309
CC_AF14FF3EF570,0.3202714762853363
CC_AF1C3ACBA6B2,0.14428791958110354
CC_AF1E911C98B6,0.2816823934680698
CC_AF337F410520,0.09277938120000136
CC_AF3C7BC3BA40,0.10455238007753133
CC_AF41E4075C87,0.2471585650150947
CC_AF6B4405276D,0.7174567315790542
CC_AF78FE0BDBEE,0.09530529630010479
CC_AF8238D9082F,0.06257208567630589
CC_AF8CA6EE53C3,0.06321102545510388
CC_AF9AFA7C49A8,0.13413364280006446
CC_AFA1E3D3C685,0.16701458438288413
CC_AFA680030CB4,0.590972058198947
CC_AFB351270B8B,0.04312201777186359
CC_AFC405AE0029,0.07655285194016642
CC_AFF90422E4FC,0.4114852270197585
CC_AFFBE2744B87,0.796854164971442
CC_B0043CA53FCE,0.09928068032674858
CC_B01B2BD4EFD7,0.20471655182984083
CC_B01E87EB9940,0.13871521008222287
CC_B0273E66E2A5,0.17349583066140883
CC_B03E98085A9F,0.06973818849605448
CC_B0420D8C42DC,0.38960738352253965
CC_B0497BEB9F6B,0.1373063370978111
CC_B04A5E60B69D,0.06661513513774506
CC_B04D5517A193,0.13498916845815728
CC_B05FF3A960A0,0.23533401592075542
CC_B06A532EC131,0.23931232225607538
CC_B06D33A6761F,0.11092100572672245
CC_B074D4472CE4,0.04348197470500725
CC_B07CE95BCD88,0.3181247220230147
CC_B07D79368225,0.11123565930645435
CC_B07DD1ABABCE,0.7400194715503742
CC_B086C2D77820,0.15338901298317123
CC_B088DE9C9E3B,0.23571153518275098
CC_B0CD7932067B,0.10199801814219127
CC_B0CF90073A5E,0.6186599213361577
CC_B0D397D86639,0.5909852254050936
CC_B0EF4FD19FEA,0.10066855321117434
CC_B0F2F9514AA3,0.08861310372356695
CC_B0F3B79F51C8,0.15340438072735435
CC_B0F4041B1C76,0.03748932004788771
CC_B10FE31C61D5,0.12225662559872374
CC_B114E8F19D65,0.1401321257645391
CC_B117F0E3CAAE,0.15038553701915847
CC_B11D58F331A9,0.04549393064927972
CC_B1262188BC41,0.10794826031066196
CC_B12FFB2FF21F,0.10100413236782861
CC_B13253F34A9F,0.039341857554917356
CC_B137E2BBB53B,0.09210093317685689
CC_B13FEA7CDB99,0.0638964396834239
CC_B1481ED21111,0.037848912929675814
CC_B15BE5C9976A,0.25803662766006596
CC_B15EB6933578,0.07755520046567935
CC_B163CCB3BE4D,0.15448281900916883
CC_B16DC354FD71,0.39386647411766934
CC_B1777349EB15,0.1537795090009238
CC_B17C6CE0231F,0.2631768958688577
CC_B17CA8C22E5C,0.14340724617061204
CC_B18F3C9C30E4,0.15854301707007323
CC_B19CD93DDC96,0.07109764524208571
CC_B1A647674B84,0.08510289106261051
CC_B1AEC2E5E33B,0.21526785647274482
CC_B1B5C81AC0A6,0.08245482128151001
CC_B1B932EFD646,0.14213605987255015
CC_B1C3C0B52B88,0.2263646402058693
CC_B1C7216344F3,0.08794871078556088
CC_B1C982DBBD12,0.3058686910754684
CC_B1D81F8197B3,0.3148120328860955
CC_B1DF1DCBDC7E,0.5600349822847173
CC_B1E2C36607CB,0.07393300271364484
CC_B21351C93D8C,0.14057054990621298
CC_B2174860AB11,0.7194757236373571
CC_B235818E6A04,0.20719537637274707
CC_B23CDE30F00B,0.07833843689601286
CC_B23DE4971DF0,0.3958895618532295
CC_B23ECF574D8E,0.09551306802702096
CC_B24C41DDFBDA,0.2136030809060433
CC_B25EC73B9510,0.13250086045904244
CC_B25F69904D0F,0.12411099973223635
CC_B25FB6C11D05,0.6599809237352849
CC_B264F2B92259,0.49399834358616845
CC_B26B8FC23F1B,0.06520074011576474
CC_B272E29922B5,0.13633787984085532
CC_B27AA8E27BE7,0.1203349252202744
CC_B2A68FD3C236,0.09349493674955207
CC_B2AC50C00979,0.10031277646391942
CC_B2B16D7B821C,0.1949680131402646
CC_B2B32F1511E4,0.14949635983759432
CC_B2C241A93527,0.06926755174923149
CC_B2CB104FED6B,0.5797306594791503
CC_B2D352013F92,0.12391847167368804
CC_B2DF694BAB08,0.09790747200615658
CC_B2E993A9343F,0.19652029721321426
CC_B2EF61C93AB6,0.1678904875063453
CC_B2F94405EA89,0.11950982614082302
CC_B2FC07BF6251,0.057881490344924076
CC_B301A65B4164,0.10902596866573105
CC_B313E3A208A2,0.14513552325842907
CC_B318FF5D976D,0.08970869511674488
CC_B32AEF0A2299,0.060795956296291656
CC_B33BD3C618EA,0.09439324256479158
CC_B348627365A2,0.1267854544512549
CC_B35109450BDD,0.03545007557832022
CC_B3528B870544,0.12087685465886683
CC_B3530E7CF8F5,0.12269362469937091
CC_B35C5B1DB9C1,0.0646056565871542
CC_B35FF59389D4,0.20254630337398505
CC_B3812C6700F2,0.6821635112774918
CC_B38280B483B8,0.11920792017332056
CC_B38B694A18EF,0.4460254989049634
CC_B392BDECD913,0.3092592575710298
CC_B398DF1ABAD4,0.04434159002963579
CC_B39E75E151A1,0.10891449995930409
CC_B39FD0E249E8,0.042362100326875304
CC_B3AA0891CA5E,0.37144212135894816
CC_B3B1C8EBE5C1,0.13826049299939397
CC_B3BBA28E2D39,0.45715023828560125
CC_B3C4DB0303A7,0.09780896650254306
CC_B3D32FE823B2,0.03768583032025487
CC_B3DA429C6C8F,0.08119921277933581
CC_B3DC5786AB0F,0.18366782546472263
CC_B3EA537531A3,0.1605136662750858
CC_B4096D3A38CE,0.045646727022977666
CC_B41EADCCC95F,0.06143579505556628
CC_B421940B9A48,0.6286279942664239
CC_B42B3B83935C,0.8561898942457129
CC_B436B1CA6B2F,0.0492194902240819
CC_B439B06AF274,0.26235556331338583
CC_B4482E7879F4,0.06830999144876815
CC_B4660022C612,0.1110281832296118
CC_B46B899B4A63,0.13109150981739393
CC_B470280A580D,0.13171323886477446
CC_B471D3BF0C72,0.5153076157923457
CC_B4751DEE43CD,0.1564691760361866
CC_B482C254BAA5,0.05142829826360124
CC_B4889D036D3C,0.7083511473109079
CC_B4950F811C90,0.16475832248227165
CC_B49A6DE7A340,0.28977275811241204
CC_B49CD4C13DE8,0.32108071509636604
CC_B4A90370CA96,0.496764385738372
CC_B4ADE6BC8A10,0.6909873147640413
CC_B4B6F805888C,0.046007655906292494
CC_B4B8F66BF4ED,0.5948090617257833
CC_B4C6F80DEE44,0.051867921962942744
CC_B4CCE78C09EE,0.12511724037175947
CC_B4D68D1C1C55,0.20925002361480702
CC_B4DAED63089A,0.17054480150530973
CC_B4DD9841E6FD,0.21890851206851814
CC_B4EF6743DDCF,0.06339803716531378
CC_B4F67F73D097,0.10825453457564155
CC_B50EB15EBA18,0.09626264992449438
CC_B51DCAAF4549,0.13034315976567495
CC_B51DFF8702D0,0.4844546955735178
CC_B520A001BF69,0.10427394037166961
CC_B529919BF24E,0.5813344146206754
CC_B542342650A1,0.07509084748500111
CC_B54A106E91E4,0.044120095911080806
CC_B54CFFC21F2B,0.12390834768598454
CC_B55C134C04A5,0.20079650631608356
CC_B55C2DBF6D3C,0.2134932843001691
CC_B569705352B4,0.10757432940746924
CC_B56E74A967C3,0.053359131686180984
CC_B57519F33EEF,0.04405493174572363
CC_B582E4405D85,0.07339914605274125
CC_B585A11F7BA7,0.12466602063648903
CC_B59726D36AEF,0.22220975602199708
CC_B5995E4F1A21,0.1182142924054911
CC_B5AC2AAF871B,0.7603865818057536
CC_B5AD19125E1B,0.19718143638553637
CC_B5B1E42858AC,0.07540007916335753
CC_B5B7599E8BC6,0.06994670818793089
CC_B5CAE0595637,0.16224646516442684
CC_B5D49843A799,0.3439813025850812
CC_B5DDFC7AEE78,0.10415759334299868
CC_B5E29344F63C,0.2752059233415448
CC_B5EE5AE6378A,0.5374756290727888
CC_B5F2A93AD996,0.08780528335683845
CC_B5F611613A78,0.07102395435559733
CC_B6055039255A,0.7772965536650328
CC_B607B2B0AFB7,0.05463833380022279
CC_B60CFD0F39F9,0.09075558451099229
CC_B620087B1C52,0.35086540652690107
CC_B6203BBBD151,0.11922700576771465
CC_B622662E664A,0.1626040842415631
CC_B62C9A2BC846,0.17260944181142135
CC_B636210548E5,0.25015096823173666
CC_B642C6714501,0.05996796583323473
CC_B64F81B8A263,0.17103098478878007
CC_B65CA581B9BD,0.13028706794347855
CC_B65D1B9B6F67,0.09651456715915356
CC_B661A8FCA431,0.047388063978336725
CC_B66AC40957D6,0.15418499261762686
CC_B672B35D1162,0.7406805422142869
CC_B68379D197F6,0.10785806891046067
CC_B6923D10FDA2,0.16018665107879337
CC_B69CC776BBE6,0.23546185384772972
CC_B69E50D76B29,0.10135220468777854
CC_B69EAA8C296F,0.2242994308685181
CC_B69F7CB8CDA0,0.09091248471732132
CC_B6B4AD157354,0.15607725459055888
CC_B6BD764CB8B9,0.20208233324599217
CC_B6BEC3F4BE91,0.13067538025261227
CC_B6C13F4A610D,0.3002002752745748
CC_B6C1C3B5766B,0.10814040467083458
CC_B6C72241926C,0.15887795083008585
CC_B6CB40E245D7,0.609368514158958
CC_B6EE58A108C5,0.07654188388871089
CC_B706F631F5BA,0.03719339033048441
CC_B71DC1206985,0.15249022926146782
CC_B72284CED807,0.20398201214263206
CC_B727865A5B5F,0.59950659250667
CC_B72FD7EFA6BD,0.20956969021102
CC_B7365B5A3392,0.7060251776609373
CC_B73820D308C9,0.11951878014448462
CC_B743560D847F,0.07898002373834807
CC_B76EF26F7C9A,0.3450052816065087
CC_B7764FC130E8,0.4904924250923289
CC_B77B73B95532,0.15918231896248256
CC_B77D6653C7D4,0.039816149029541434
CC_B77DA6B77DEB,0.24308612109258423
CC_B783AE19622D,0.1835324636921049
CC_B78761738CAF,0.026275814164759367
CC_B787BA135B5D,0.3162543012984468
CC_B78B4449EA19,0.1318157938096542
CC_B78B4B7F80B5,0.21017675955397097
CC_B78BEE888CA6,0.08373962469816197
CC_B791FEE1CF37,0.03502172866838527
CC_B79A58AA4441,0.10030787173203697
CC_B79BEC538198,0.11499796273355967
CC_B79DD53178D3,0.09290574292583151
CC_B7A7EFD85149,0.21473587646558223
CC_B7B5F2A15C41,0.1059428937562908
CC_B7BC46A7D4DF,0.06148175814355
CC_B7CBC65D9AF9,0.6386200041711928
CC_B7D40C5C891F,0.09803116037219102
CC_B7D4337C4797,0.3347542186448642
CC_B7DA04826165,0.32843578115500255
CC_B7DC19DA1440,0.12150907281579204
CC_B829EC622F0D,0.5449873443570138
CC_B82B9C0C7B85,0.6423308568322351
CC_B82C55DEE5E6,0.2352927824385597
CC_B8475B977AD2,0.7304505549049677
CC_B84BD2F4EB01,0.2295919345964893
CC_B86DA7D69F20,0.05115934155786238
CC_B87989F406EB,0.18994926340518256
CC_B88B702183E7,0.03518929578974229
CC_B89B80945ADE,0.18221919451308943
CC_B8A3A44BFE8A,0.45262826925981864
CC_B8A7A6548AE6,0.16909639293792425
CC_B8A8FB83065B,0.19234169199126738
CC_B8AAC20D626E,0.18081184684665413
CC_B8AC99873641,0.0760086906144527
CC_B8C9673B7834,0.1319002642178168
CC_B8D5FEB15CC8,0.07135478412284724
CC_B8DA64A33076,0.5739355575642728
CC_B8E912A01706,0.7031302649918291
CC_B90869280808,0.16507438800576058
CC_B908EC99951B,0.30330406906697605
CC_B90CBF2A6775,0.051713705259422135
CC_B91080C1ADA5,0.3372097597204987
CC_B918FB42AFD2,0.1899566113473173
CC_B92CA425080F,0.1167945010228906
CC_B937F632B71D,0.19429464745130484
CC_B94477C20476,0.35319006137312436
CC_B9483A5C922C,0.13347739489392127
CC_B954EC1C63B5,0.30286202540165663
CC_B95580F93537,0.055092122094530314
CC_B96086044329,0.08983542055254343
CC_B96EB0A91589,0.13926285837562974
CC_B98357C70A41,0.6704704521719812
CC_B9929A66C2FD,0.6757779703658437
CC_B9BB52E4C529,0.09587687608643963
CC_B9BD45744855,0.7956662038247918
CC_B9BFDE4662AE,0.09121349646369921
CC_B9CEAF324145,0.04035169571238033
CC_B9E89F42B509,0.20787065053488543
CC_B9E8A3887223,0.22584489410811462
CC_B9FC67268C45,0.15797345619604114
CC_B9FE9DFEB3DC,0.10639077415666053
CC_BA041E14DD98,0.07981559640858096
CC_BA0619F54427,0.11882174651493636
CC_BA15072C4EC2,0.1699454738301541
CC_BA183CDC5429,0.8437167265172397
CC_BA43646012D2,0.3434510728843483
CC_BA4F7E494E71,0.51636172469456
CC_BA557F75E2DD,0.2005080845905423
CC_BA740903CBDF,0.12281011331460308
CC_BA77722A827A,0.5426144940106765
CC_BA78E47BB021,0.17769002543622087
CC_BA8C427054F4,0.04530451942635159
CC_BAA19F8D2563,0.10647659316257245
CC_BAA1BBFF8C6C,0.2838423945287775
CC_BABA44B5FB12,0.10395930878570053
CC_BAC25BCCEAD2,0.06807643601723212
CC_BAC74D0014D3,0.46301000649742696
CC_BAD99E36CC71,0.2221259971071685
CC_BADE7EB1D16D,0.7369465008714794
CC_BAE7410803AC,0.20585684115525069
CC_BAEBBF8054FB,0.13971829439370145
CC_BB054686B6F2,0.04598025569205848
CC_BB05D9DF72BD,0.05880412824903245
CC_BB0D54068D07,0.8243031792357002
CC_BB15DE5E0DA0,0.7203266513299628
CC_BB1A57AA813F,0.14317384121812904
CC_BB1CABE261EB,0.10332271892772256
CC_BB2BC46FCF61,0.22548612003307128
CC_BB2E5437EE04,0.051608189680041064
CC_BB2EF1FF6131,0.0811359570044011
CC_BB2F56C6BF57,0.11411920338009195
CC_BB35CEC5314E,0.09086150176907165
CC_BB39E3597B61,0.04887624490488716
CC_BB3A9EECD51E,0.12445771246151349
CC_BB44CDEE5103,0.2049910843627692
CC_BB458116ABA4,0.33420957583086364
CC_BB5F6936F6FE,0.16547275365432296
CC_BB666F8A551E,0.07915253699374514
CC_BB7355E735D2,0.12517552357298575
CC_BB8A2F186D6A,0.049665501479603746
CC_BB9FDED12C65,0.7217888283934429
CC_BBA8C316C8F8,0.06825828852177739
CC_BBADC7DC73EA,0.21521792756742747
CC_BBAEA7980B09,0.40452574276285636
CC_BBBA078A6429,0.7812640191038059
CC_BBBFC3EC2C72,0.42645003638753065
CC_BBD34B3225EE,0.03213834850116265
CC_BBE6C58C59A4,0.399677703021843
CC_BBEBBE1E226D,0.1322893719634233
CC_BBED56D34D38,0.1409001031647717
CC_BC0244FBDAF6,0.19426256198751019
CC_BC099E880236,0.13610420160694225
CC_BC0F05C89E25,0.11148128265427135
CC_BC1BD06C1085,0.10511489652662415
CC_BC21E8824A34,0.42721682372001624
CC_BC23655B2BF4,0.05763320722160261
CC_BC24F9024F49,0.05563239287046602
CC_BC2A58939715,0.09013735096442747
CC_BC2B90F226E0,0.18514508595617515
CC_BC31382964E4,0.07233934242690648
CC_BC31DA3EAFFF,0.11938388901840609
CC_BC3A6CF6FD16,0.11308273764450902
CC_BC410BDD9ED8,0.21510147127270512
CC_BC458960887E,0.15755958744178122
CC_BC484C329704,0.1541751735503346
CC_BC4D6D6D4553,0.33578460273548655
CC_BC5A59D88AFC,0.09038546068777314
CC_BC736DA19A00,0.17874114091069368
CC_BC7B9D13978F,0.17243643489780855
CC_BC84BF34D69E,0.2867204025755731
CC_BC95D473C9CE,0.15292203230203755
CC_BC96FC9DCFE7,0.1233979300702768
CC_BCA0D6159C23,0.18707489385060094
CC_BCAE73132BA2,0.09347556483453207
CC_BCBBF055366F,0.050341513011197665
CC_BCC94F494979,0.08524025869569733
CC_BCF75F8B9A5D,0.10589548517863705
CC_BD10F4F15094,0.10812576109598737
CC_BD1A2052ACD5,0.8176064439606465
CC_BD217C39702F,0.3400632002825442
CC_BD2A9D4B9FAA,0.2096201240865948
CC_BD3EDD1630E8,0.051074491183343944
CC_BD4AAFE9EFEE,0.05435940190294767
CC_BD59D1252975,0.11824699300650827
CC_BD607BE97C17,0.09360921029901452
CC_BD889F165227,0.09679623456648025
CC_BD900B6BCF65,0.16495621882335723
CC_BD9967660461,0.412369852257776
CC_BDABB99ADE2A,0.1739191571223712
CC_BDB07C66EDBD,0.37341568406278514
CC_BDB71DAAE50B,0.0930917423967718
CC_BDCB91FACECF,0.1321069300992438
CC_BDE1E398B4E4,0.06918759205402575
CC_BDE8D325637B,0.6870266673337474
CC_BDE9E7F390AE,0.0885994262758238
CC_BDECF392D7F9,0.12893615564527636
CC_BDF401C3BBCA,0.12988364794946722
CC_BDF53C42C5BC,0.20548477322386047
CC_BDFE5778530F,0.33800767266609044
CC_BE05EB5976EC,0.7804362317638031
CC_BE08A6D5E76D,0.040035895865617455
CC_BE146CE5BEE6,0.13430143688493235
CC_BE24C1EE877A,0.10374800341431233
CC_BE27E98C4BED,0.0904976103051795
CC_BE32DACBF6C2,0.09113046642525441
CC_BE3F52F9C9EA,0.1537706239697968
CC_BE3FC1024389,0.1346989717805924
CC_BE4595898BF9,0.10281793015048758
CC_BE4F1F53F4B6,0.07491469751312443
CC_BE648663620C,0.1913070518892717
CC_BE6627F3B9EE,0.6052505530398431
CC_BE673F70B591,0.3012141432125307
CC_BE704640727F,0.03174407323085966
CC_BE7295B354DA,0.3713444532588889
CC_BE760A430ACD,0.13656369061182455
CC_BE8A340F3876,0.04788766622775784
CC_BE9CB8845101,0.2654200098944328
CC_BEA12286E57C,0.1324438257075038
CC_BEB24EB997CA,0.12756248564327727
CC_BEB80CCF2ED0,0.049172780560601224
CC_BEB86014B5BF,0.17843279202964185
CC_BEC035C8801A,0.11422345392415231
CC_BEE1B858F0C3,0.25034118679085327
CC_BEE664893442,0.1821277146778534
CC_BEE75A33F038,0.071015101087567
CC_BEF22728402F,0.6973190708534664
CC_BEF8AB2DF19D,0.36675336110882284
CC_BF03683CC755,0.08512978131371295
CC_BF066CB8F7A0,0.16897666640304015
CC_BF154A9FEE8D,0.14636643603573335
CC_BF17E635C67F,0.15132450531551672
CC_BF196AFA6AE6,0.14633711350011963
CC_BF2012FCFE14,0.21563761454581967
CC_BF3733356D4B,0.4173719252110475
CC_BF376C8D14ED,0.463849211755522
CC_BF3BF8B9F646,0.12813638065038846
CC_BF588A5FF18D,0.6472492408034448
CC_BF7C643B8874,0.05284477034991413
CC_BF8919F14394,0.14114971820492977
CC_BF8B759EE1EF,0.08582846100760663
CC_BF971FA7A950,0.152477893133246
CC_BFACE960372A,0.10849715493040207
CC_BFBF917EFEB7,0.6361795859173979
CC_BFCAE2959708,0.04591462643970541
CC_BFD80ECB739A,0.21686247419230517
CC_BFDEC7E68821,0.05811835500510169
CC_BFE3AD881F4C,0.043966135473183295
CC_BFE511C0F9F3,0.573494267846105
CC_BFEE9CF8A6E9,0.0697477255975533
CC_BFF8E82FE4BE,0.20317339728425762
CC_BFF9E8C0FE28,0.6450961645752991
CC_BFFCB2882E26,0.04773325452097839
CC_BFFDCACC1E4F,0.11922536504157641
CC_C003A15648F3,0.0823166012987107
CC_C004160ABB18,0.15114937141945967
CC_C012746F45D6,0.10262903096490712
CC_C033B4EC89DA,0.11996221477300045
CC_C03578357D0D,0.4140732384954594
CC_C040C14F27A0,0.06342561125307687
CC_C0474C48C443,0.13311915374440209
CC_C04A1EF46A13,0.2566369574210865
CC_C067DA2C5F99,0.3914055692785416
CC_C0731DB0CD7F,0.6379285318429653
CC_C07C70AA1AF0,0.12106055300491991
CC_C0877F4DBC62,0.1077875845930869
CC_C0896CE6B4E2,0.08562755853689992
CC_C089B0517E81,0.0943806920231009
CC_C08B9066A5BB,0.13252903399750604
CC_C08DFB22BC71,0.09248797597474052
CC_C0A2108BEC82,0.19067154147574697
CC_C0A6B0787F91,0.11387289450439557
CC_C0B29B279C90,0.1254856894976616
CC_C0B7151247C2,0.08880134578819864
CC_C0BEDCC974E6,0.1178842798901766
CC_C0C6F913C2CB,0.7194668830035512
CC_C0C7EAB055B1,0.182071668094378
CC_C0CCCF588BEB,0.2909811122097544
CC_C0D65A1BC1DF,0.69321182772419
CC_C0D6ADDF1E0F,0.07048794545213724
CC_C0E49708EB44,0.17601719525676612
CC_C0F32BA57D17,0.04295284031695343
CC_C1094828B26C,0.28261635440318605
CC_C124E4C094F3,0.25473778564872696
CC_C12ECF48FA03,0.12716399999921885
CC_C12F5F7E5C54,0.09049068938928825
CC_C131509731A1,0.18473255887150125
CC_C14173B64C58,0.1708301190743994
CC_C14A4D39F494,0.41779285848073916
CC_C14DC9106B7E,0.2117080454674754
CC_C1624A910E58,0.03071560053239198
CC_C1645FA6EE7C,0.07999397266490071
CC_C165A26E7C1D,0.7032324985371777
CC_C16824A69631,0.06392449728343388
CC_C177831DEDC2,0.06506645917415166
CC_C1815DD481ED,0.7782092713968062
CC_C18313F97FC1,0.29106332360064224
CC_C18A7BC23071,0.2860467608816645
CC_C1941883C762,0.11261950922456185
CC_C1A0989CDF23,0.031413998346697294
CC_C1A8C99D910A,0.10761885964878767
CC_C1B057BAE0BB,0.3171600373489254
CC_C1B5D9A95708,0.12156576313095076
CC_C1C28181E30E,0.148018453934279
CC_C1E8CA45E983,0.10860595190083147
CC_C1F4DD05F5FB,0.2665065681170913
CC_C205BAC0D181,0.09309263041049812
CC_C208790016F7,0.05795698341145956
CC_C219E603FD0B,0.06110789557152955
CC_C2323893E922,0.15076979637341595
CC_C236A614F73D,0.10257174119475554
CC_C241491551A8,0.10866942089480872
CC_C247E0377048,0.12820581678314388
CC_C24FBA584039,0.22720986914270194
CC_C25078D044CC,0.2079206271015389
CC_C255BE787955,0.22400458660724826
CC_C25ECB5C5FD8,0.08437671046748771
CC_C276E722FB1B,0.3283999910787743
CC_C279090E1F74,0.756382391960707
CC_C279CA96D14A,0.14280052870071389
CC_C283330B9999,0.03786469830130539
CC_C289AF57EB24,0.22334664652389657
CC_C29558864857,0.11986166031278747
CC_C29846DE78AC,0.6274157820313797
CC_C2AEE09D92AD,0.11419040433601133
CC_C2BBFB603032,0.3626065460810488
CC_C2C2B2EEBA69,0.039977274137308866
CC_C2D1CBB42952,0.14831562594178693
CC_C2D4587A871F,0.6898165497996451
CC_C2D583F20739,0.33273375108251124
CC_C2D9086A8C67,0.06901516466397152
CC_C2E8FA308586,0.12203185658735724
CC_C2EA104630E3,0.10394558750465281
CC_C30ED2C6265A,0.04743975137492486
CC_C31BA9FD4FFF,0.26020551961836735
CC_C31DC3117984,0.1584712175635834
CC_C33142B2E26E,0.3491098014970586
CC_C340668CE604,0.0807501344224836
CC_C36580241000,0.14032425134581372
CC_C3664AFC710F,0.11281871991970792
CC_C3676D2ADC91,0.18937295892481587
CC_C368AC6AE19C,0.047696778283929105
CC_C38B446B7432,0.1598398912336449
CC_C38BE6D69E61,0.04586159523532372
CC_C38FB634E7B9,0.055531291541852795
CC_C3913A125FC9,0.13142678824023335
CC_C392AC1AABDB,0.1280671581469694
CC_C3A37C3EDCC5,0.3117533431656209
CC_C3A42A96D260,0.2783781539389698
CC_C3CA355F78BC,0.11962114142604514
CC_C3CD972B25E9,0.17063120451997504
CC_C3CE9FCB05EA,0.05626548363921596
CC_C3DA12B31CD5,0.07502989162893517
CC_C3EF46D2CF29,0.16037863192324273
CC_C3F301EAE202,0.2273326705599405
CC_C404C200B723,0.09457054687875781
CC_C40BEE2EAD73,0.2230529148801265
CC_C40CA3E960D9,0.14399151038990787
CC_C40E0EEBA53A,0.15206543375205375
CC_C42183D7A586,0.08355698346436792
CC_C427199DAC5F,0.4034405466669759
CC_C445AEF194CA,0.10383463865295843
CC_C45051D20EC8,0.13422234612436124
CC_C47FCA703A69,0.2896804085299418
CC_C4965C6C6935,0.3216234661697474
CC_C498BD798847,0.06482777668849228
CC_C49A42D1C3CA,0.09066241724241823
CC_C4A2F5B06976,0.07047065256668833
CC_C4B632AEB96F,0.16015256072132086
CC_C4D194378554,0.028049766614961422
CC_C4D90E9CA5E9,0.13532730864213763
CC_C4D941D5A5F9,0.15208110586186302
CC_C4EB2486A9B1,0.21421088094527893
CC_C4EC2923D96F,0.2520267891622706
CC_C4EC9ACAE8C4,0.8108003506487588
CC_C4FB2ECB13DD,0.26390398540934035
CC_C50467EBCC58,0.13088983732039167
CC_C50C5E2A77CA,0.1477540884921307
CC_C50D7FAA75C1,0.04515379804618489
CC_C51FE3F4D2F3,0.16679587767421028
CC_C5234F4713B7,0.07325488350910528
CC_C55110310E14,0.0913516355330703
CC_C563D509181A,0.0792817754770308
CC_C5736F4887D6,0.7216101031661515
CC_C57C4F09442B,0.08267237007994578
CC_C59D2CA55CAD,0.809295377018387
CC_C5AD04ABF022,0.10093440534159745
CC_C5AF7BF4B951,0.035178536979797045
CC_C5C5FD9FCFE4,0.6869943466555928
CC_C5D9A89022EF,0.18992807184986096
CC_C5E1FA10BD6B,0.15755170599823354
CC_C6039EF0459B,0.16063707732949686
CC_C6133F44EB0E,0.10092388458438555
CC_C637C1142503,0.7671218419747553
CC_C65496C86EAE,0.17102263922723507
CC_C67C2B86A807,0.12131568578015299
CC_C690CF8AF3B4,0.09457281367889861
CC_C69204FFED48,0.3324173773682909
CC_C69DD80E5055,0.09660979788914559
CC_C6AE389CA79C,0.06946111032115623
CC_C6AFA8AF33BB,0.088550095782287
CC_C6B56B2869A6,0.39359377937938667
CC_C6B61E03B42D,0.17740194072341733
CC_C6C2B357FDF2,0.10802820362086132
CC_C6C4A4A318E4,0.09968561898131725
CC_C6DECDCC7956,0.17891960827873218
CC_C6F134ABD932,0.3509320800501751
CC_C6F24128D8D3,0.16231500573482632
CC_C6F8C5E3D746,0.14419477368945488
CC_C6FB2BDCC78F,0.35658599015099923
CC_C70DBEB08378,0.8534413619394056
CC_C71AAC6F9607,0.12593901912769095
CC_C73D1C53BEC0,0.32695390428185983
CC_C7423B380FD2,0.05783149352476835
CC_C747ABF2B4BC,0.08475798530795428
CC_C74F0C45C093,0.12947756930615928
CC_C75307665BCF,0.28113245941917997
CC_C76473DBFF83,0.3346456520148716
CC_C7652C2D1CC7,0.21817448009151508
CC_C77B38900325,0.2521485549829934
CC_C782A94E6754,0.04743489840489622
CC_C786E0FDA098,0.708145326665421
CC_C794632B3AAC,0.3357585024602219
CC_C795250A7B3F,0.104657627110455
CC_C79BF5794AD9,0.05619776963643264
CC_C7A2A7BF85C5,0.07804884681248107
CC_C7A2CEDA36CD,0.48735271671736125
CC_C7AAAC514CD0,0.06520247824113651
CC_C7B39AE8206F,0.155598657880908
CC_C7BA884F8DCA,0.14971708900348757
CC_C7BC592C11DB,0.05235772539316421
CC_C7CB29EBCEE1,0.042997382755443125
CC_C7D2BE35C77A,0.08123889870102022
CC_C7E56C7FFA19,0.18607480835073603
CC_C7ED63E403A8,0.07591211868196242
CC_C7EFF4BBEE1E,0.06844600885098565
CC_C7F1C90A261F,0.1445214947340058
CC_C7F38C2DEDFF,0.19923157193675428
CC_C807F881A35F,0.2500676118874168
CC_C808346EF2A7,0.05657144944910649
CC_C822401D05A0,0.12755698718364364
CC_C82D0EB32984,0.10545884636936514
CC_C82DE4520088,0.15763540266814605
CC_C84080607284,0.06861937810755085
CC_C85DEB66D6EC,0.2739520632839336
CC_C8601860B3AB,0.27746913207193274
CC_C86B56E5B000,0.11848363614665773
CC_C874E7D8B96A,0.07061984969941537
CC_C88F02C38654,0.1121876692110133
CC_C895990DF270,0.14310405363115838
CC_C896D6E93110,0.37889530262265836
CC_C8A57920FB6B,0.10771960938644716
CC_C8C2CEAC6750,0.4747267160172853
CC_C8CBB38CF4B6,0.4824111572559776
CC_C8DF2AEC8023,0.1227298478326021
CC_C8E24B1925A2,0.17737302307880512
CC_C8E2F0CA5050,0.7126954179060679
CC_C8E875AAFD58,0.32401021129299934
CC_C8EF7366016A,0.05870626461526781
CC_C8F1FB9C56E5,0.08791527630198562
CC_C8F2FF7E6DAF,0.07845066063689984
CC_C916DC82A00B,0.30811113234179777
CC_C91FF308D57A,0.0757332615261439
CC_C9297D88CD26,0.3317011742730245
CC_C932D885E1AA,0.25610426452611434
CC_C947A66A6A34,0.15966340064944118
CC_C953D19C82A6,0.2632880541960827
CC_C960365C1125,0.2209685853157763
CC_C96221203852,0.17153662536819517
CC_C967937FC81A,0.6501767087552777
CC_C97434767545,0.20796637447349706
CC_C974620D4D4F,0.3237997278361431
CC_C9749B07E3CC,0.12084007990868867
CC_C979F86EC4EB,0.07688776324564106
CC_C9882357496D,0.06489107653643839
CC_C98B5F2B994A,0.0934378076189803
CC_C98CA453DC7F,0.11782788508333071
CC_C996515164AF,0.6000196986018039
CC_C9A1B8F512F3,0.4880497735366498
CC_C9E008678B77,0.1111257894090375
CC_C9E89E3728DA,0.15699731968598135
CC_C9EE0357CF4D,0.13864481220970326
CC_C9F15C15BA6A,0.11647037016728186
CC_C9F3BB887EB9,0.19930518805148464
CC_CA0906B9B58E,0.06964777226266464
CC_CA16B9133E4F,0.32273051474319464
CC_CA2524A5C7AF,0.27612027273563766
CC_CA2A17C9CD44,0.43601377681576065
CC_CA32C61E255B,0.10241778396527795
CC_CA37F92A8BC6,0.14100564585649678
CC_CA3C9D0F42A2,0.6228110954657615
CC_CA4669FF2379,0.08856162797431083
CC_CA486E08F176,0.06493884881703976
CC_CA5CF069C36C,0.06165916184887684
CC_CA6AB58D2C8D,0.2594749470991225
CC_CA6EDCBFA9E3,0.1638441980394238
CC_CA6FB58C11F4,0.07110385473772765
CC_CA7902338F91,0.12129611128872615
CC_CA7BE11DCB92,0.10605618644821443
CC_CA87A148C386,0.08732529061243526
CC_CA8E7E45347C,0.16215313435007075
CC_CA9214D0E170,0.1494028442780711
CC_CAA07EABEF71,0.0673190060539735
CC_CABC0190A9BF,0.4678796976912619
CC_CABF171B8582,0.5167616948616369
CC_CAC2F989A2D6,0.2560876320536536
CC_CAC50FF13A43,0.5318831265602961
CC_CAC9C52B6FB8,0.30819448684835693
CC_CAE19DE8446F,0.07199319952416831
CC_CAE5F6D8328C,0.4992038433100438
CC_CAFA0C6DBCEB,0.07947977575957793
CC_CAFE5D6E3E1D,0.1044527016465824
CC_CB02A97FAC1F,0.21405133010719052
CC_CB1155AAC7EB,0.14872550116850175
CC_CB1B2FC5769C,0.1826854608307875
CC_CB1BD3C19303,0.17527333397594216
CC_CB2423DD4809,0.8169652697519141
CC_CB33381406F3,0.6811594016936855
CC_CB3CBA971E97,0.07483690487816022
CC_CB45CB5C940D,0.15858075926305482
CC_CB4A2667F8CE,0.21975945351966833
CC_CB4EA92BE238,0.07096896351005136
CC_CB4EE5CC0B09,0.1738657611156456
CC_CB50BDD92A4D,0.18158278919235962
CC_CB6A55831080,0.08891611702632427
CC_CB6CE149111A,0.14108622544850186
CC_CB6F9DA78019,0.038296398677811455
CC_CB722FAA608D,0.2573349574890763
CC_CBA786C05C1C,0.8478656203442382
CC_CBA9A6206DCB,0.14984459715163784
CC_CBB7AE2847B6,0.2147555461173552
CC_CBB9DDEAC819,0.026123380367269678
CC_CBC30D127BA4,0.09701870070603351
CC_CBE67EF0D3C5,0.5058751743727679
CC_CBEC318365B3,0.3775873267231109
CC_CBED6669EDA7,0.05623744364777032
CC_CBF1B052FA7E,0.08328340421873066
CC_CBFC7EFF2F94,0.13131005796779133
CC_CC27394B5E35,0.09252730567507153
CC_CC2A7B3D7A55,0.15396921916766754
CC_CC34B2523794,0.10112616915062139
CC_CC34E9023873,0.7487171146815949
CC_CC37D81F02A7,0.6147633167591842
CC_CC4822AEDB83,0.6624156230760243
CC_CC5D6CAE5ADB,0.23746232147043173
CC_CC6D27804EF0,0.08579612076545008
CC_CC71D4876B90,0.13051627642483302
CC_CC75EA7F2C8F,0.13333379704056497
CC_CC9214A5C0CF,0.08377390500760525
CC_CCA2B8D2446C,0.4019812822629007
CC_CCAB3E56FD92,0.14934124736477822
CC_CCAF321D46D7,0.03752833974552625
CC_CCB46EA56584,0.2206342551306686
CC_CCB60CB8754C,0.1342136577236721
CC_CCD759553325,0.05454144565353226
CC_CCDC28D49832,0.1446283401917137
CC_CCE55029E621,0.6739226380792084
CC_CCEA133D7268,0.5772348697915659
CC_CCED6CEBC3D6,0.3549170050392035
CC_CCEE76415B51,0.2861081867967128
CC_CD1326D52AE1,0.6859851789973637
CC_CD35EEA81CE8,0.3957695354082504
CC_CD373485942B,0.09927507369774974
CC_CD379DD39658,0.2799895639158184
CC_CD37D5CF0EB0,0.1688092955936171
CC_CD380545A7A4,0.04677065072491904
CC_CD3A378249BA,0.2864047672359153
CC_CD415B1C7741,0.04449365385987471
CC_CD4976814F28,0.050246780414032945
CC_CD4F5F1C357B,0.2377942236032194
CC_CD54829713AF,0.08280998486382293
CC_CD5E3556D5AB,0.14334641527384342
CC_CD6C797F3C4F,0.09997424050860429
CC_CD7BA8F6C4BD,0.08200807443476785
CC_CD8352F0478D,0.21736136276811618
CC_CD972E578564,0.8148114305150685
CC_CDA1B20179B6,0.1394589500372714
CC_CDA2A36B81B4,0.23205547210519217
CC_CDF6354EC332,0.05831859466376653
CC_CE01E17132E0,0.04863433741182002
CC_CE1280B30475,0.1210532984976139
CC_CE134F878294,0.05678079212845892
CC_CE229894AC00,0.11664210497435833
CC_CE26907B9D30,0.3909124455213899
CC_CE2755B42DAC,0.06661919307547551
CC_CE2BD7F74421,0.24600876491728646
CC_CE3784121355,0.08814680795071374
CC_CE41F9FF509E,0.1428354569177377
CC_CE5AF0E9A157,0.06739679417016264
CC_CE5EA019DCAA,0.09197724380239762
CC_CE6460FE39F6,0.15507607797042572
CC_CE72D1734761,0.5757109602433699
CC_CE7FC560768D,0.3835942867809831
CC_CE871DB3950F,0.30814850295207297
CC_CE8D1564C4F1,0.12845763620276704
CC_CE93240526A9,0.2511052102118379
CC_CE980FCAB154,0.3138208469581658
CC_CEA0FAD348F8,0.08448219596723823
CC_CEA369A3451F,0.06155581873662593
CC_CEBA67081418,0.25457066574998877
CC_CEC0C00FE770,0.5142816950659588
CC_CEC3B21D2982,0.34425815186512504
CC_CECEC680F701,0.1735351503205148
CC_CEDB263DB07B,0.03963618183675404
CC_CEDF9C14DC79,0.2855583692343827
CC_CEF23255BE06,0.06395273983381597
CC_CEF8C71C4E8B,0.40862193516110173
CC_CEF91FDD41AE,0.37619739284305637
CC_CF0B68684C3D,0.10797533987633989
CC_CF149865368F,0.10851648115800241
CC_CF2A7A5582C2,0.15326705502671523
CC_CF2B3E37CF2E,0.36353539648858335
CC_CF2F163CE005,0.18187547671476575
CC_CF3C063DF626,0.14801163873650025
CC_CF3E91DB8220,0.30417043989356407
CC_CF3FB5744443,0.7461774307725659
CC_CF4991B8EFE9,0.1320535753736358
CC_CF53FD3AC9AD,0.04020587498893485
CC_CF5A140B279D,0.20679694506644353
CC_CF613A7162B6,0.12873010100398347
CC_CF6A8A460B19,0.0962348652240272
CC_CF792E77A16D,0.05167582742433071
CC_CF7BAF373E0A,0.03569297491108288
CC_CF8B1D0015C4,0.13936309627585097
CC_CF8D0517B79F,0.07365218172003592
CC_CF92037ACA93,0.14749461729166619
CC_CF960A300F40,0.36070840109243685
CC_CF96B6335E6C,0.17489776301173526
CC_CF9880D67A7D,0.16459900600555089
CC_CF9B249283A7,0.7544408611792957
CC_CFABF7407978,0.22117753159777898
CC_CFB2AE99EABF,0.21156439600097898
CC_CFC0BC440771,0.11445802566673195
CC_CFC235739F25,0.4962639211315502
CC_CFC6E8954325,0.07601046606942823
CC_CFD37EDB214D,0.2223574665052608
CC_CFD93C04478A,0.5465988958492951
CC_CFE0AA5381FD,0.6398273906882535
CC_CFEB021AA137,0.05687575953548114
CC_CFF6E2A6A3F9,0.23707321521312177
CC_CFFDC4947256,0.12113486046182215
CC_D009368CE434,0.04302891628090338
CC_D02E59E08B02,0.03894542615451896
CC_D03848B7353E,0.06029805753974224
CC_D03A69B1563D,0.1442558538050313
CC_D0576802096E,0.08204033734272359
CC_D0582E0F3440,0.05429052999372399
CC_D059D0BEC5D5,0.33466267135318944
CC_D05C4A8F2A25,0.11777029694309615
CC_D05FBA9B9040,0.6248617581072202
CC_D0653EA71CAD,0.17065133430560922
CC_D076A984B786,0.1446466160891502
CC_D08FC2D99CF5,0.17365997513111392
CC_D09942A02904,0.09590257407063023
CC_D0A8EA2D37F2,0.12377860536617832
CC_D0AAD35C800F,0.1173059053449182
CC_D0D666EC0244,0.11320768673174339
CC_D0F3F68F4452,0.49042066028707676
CC_D0FBDE8ABAA7,0.10195340695079501
CC_D103D50237D9,0.23869631123485938
CC_D11E5A30CF3B,0.26864385574234173
CC_D122B30AE7CB,0.4855608628358824
CC_D1679B40D83A,0.10170887009254309
CC_D1760785D631,0.24173102038051197
CC_D18088587757,0.24287764867366232
CC_D184160042B7,0.29798875000040814
CC_D1886485E8B4,0.13641349199099168
CC_D1893DD5B4D4,0.08157747962358676
CC_D18B60E035CE,0.7800364110534977
CC_D191D099789D,0.07662771967171278
CC_D1BDB41E7FF6,0.06975142740121401
CC_D1BE2E6E9C9F,0.13513922670657347
CC_D1BFB29BF61C,0.05266375594261606
CC_D1C259F80E13,0.08001725563125603
CC_D1C63DA9CA93,0.12877254946098615
CC_D1C931E4F305,0.08543305578779396
CC_D1CE25F271BE,0.13705134212625944
CC_D1D2127A0C67,0.05288574868511216
CC_D1D31EA359F4,0.14028591120735862
CC_D1DB888BD9B0,0.11764882146041206
CC_D1E82B9DD102,0.16681912525071602
CC_D1EF68A649AA,0.12902320524392052
CC_D1F05E69F80F,0.056592309181822675
CC_D1F6FE158DCF,0.20855296296637355
CC_D205612FD566,0.6377908803767003
CC_D21474C31E3C,0.710487054635512
CC_D2195A061A0E,0.6902227668456801
CC_D2199CC1CB08,0.027420184742302754
CC_D21FCD9DFE53,0.5216707451815297
CC_D233B2C8062B,0.46123922343405516
CC_D234CF2C21AE,0.6740109931091813
CC_D2373015DF41,0.062028771480138
CC_D239CBE1012A,0.11797813141437954
CC_D2591377E980,0.7799201938639596
CC_D25E25C831B5,0.06168281413542859
CC_D262BB13DAAF,0.28821733843843506
CC_D272BC699F38,0.04897947427962022
CC_D2813C835750,0.7894619120757839
CC_D285B0D67016,0.028693153130057568
CC_D28FB525E310,0.2313979644205031
CC_D2AFEE04E96F,0.02777272751303476
CC_D2BBAA423304,0.0789849392793445
CC_D2BE8B4011D7,0.06318809639726848
CC_D2C49D2FEBF8,0.1825309315461298
CC_D2D09498D333,0.13574973548057886
CC_D2D187DA334A,0.1900134974542988
CC_D2D47A5386CE,0.21921265123500597
CC_D2E98F50621A,0.0413718814314246
CC_D2F265035F0A,0.05042142760747625
CC_D2F91355C6D0,0.14498415019413147
CC_D2FC934F8324,0.13379671893305073
CC_D3044C67CFFB,0.04701249103469599
CC_D313F2C49E46,0.313635598632364
CC_D31FFB053D60,0.11795179491597443
CC_D336DB6323BB,0.28434202163714606
CC_D343A7CBA377,0.08204720621297708
CC_D345AF4C4B61,0.15904752410137543
CC_D34FA9410740,0.07260846309152577
CC_D354C5D1665A,0.13664638203253154
CC_D35E96480AF8,0.21191581956958058
CC_D3616386D6D2,0.1507193877879408
CC_D365173E852D,0.7769384573668461
CC_D3683C6CFC5C,0.6411043093645752
CC_D373463038E0,0.0513207696202487
CC_D379CF8E3FAB,0.7264988227498667
CC_D37B4CA7F3D8,0.04676304250944973
CC_D37B5B3CA4BE,0.6582322320238273
CC_D39265D7B6C9,0.06556753688613828
CC_D39E3F732408,0.07443482969522391
CC_D3A7B21165B3,0.3286255185181465
CC_D3A9028A4660,0.050005636872466806
CC_D3A948322BD5,0.7231282843633877
CC_D3B95DB5E6C1,0.3099740608902102
CC_D3C8C5014D5C,0.24365293262003904
CC_D3D80929AF52,0.08750542671477261
CC_D3F25136073A,0.15188534720014593
CC_D4102AD032BE,0.21208693493074648
CC_D416EFCEAD89,0.06822898800829841
CC_D41C5030494A,0.6812602845584322
CC_D42E477596A3,0.061629960793925756
CC_D432C89BADA8,0.14541953113720152
CC_D434638E9569,0.12361685992135676
CC_D4518F98BB77,0.07416822082196621
CC_D452847F2A4C,0.07641157836706858
CC_D454056F92E6,0.22609687537864304
CC_D461FB973AB2,0.7982829242080546
CC_D462250B13D3,0.38642778749669104
CC_D48E686A834A,0.7088034209186037
CC_D48FFD985E51,0.06872937270136395
CC_D49263A1BDF7,0.15209219481593034
CC_D49668C65C33,0.029609838964263564
CC_D49D9C57A849,0.09232431330026841
CC_D4A029A150E4,0.14674540653344342
CC_D4AC998C0BC8,0.693934544207118
CC_D4B02AAFC697,0.1368510620470782
CC_D4BDF0F4FE9E,0.12224065501365416
CC_D4BF2778371B,0.12662939167624138
CC_D4C0F4DB3501,0.18661283677985643
CC_D4C6DD8A364F,0.13993625774767182
CC_D4CDE2A1E174,0.12615656846489987
CC_D4E7EE35695B,0.18429319603676605
CC_D4ED652E86DF,0.26374297822530846
CC_D4F844B54B84,0.04175544498342065
CC_D4FA0055DB4A,0.034781005675158516
CC_D4FDCBAFEC74,0.7269754681787144
CC_D517D90E105F,0.10488659333899703
CC_D52B87A01028,0.2335787556486417
CC_D530C3D1DBF8,0.6106936484829317
CC_D5327E41EBA2,0.1446348129548202
CC_D53C8BCA531F,0.09211099402755346
CC_D540C7ABF683,0.7004427974656375
CC_D54105FC1349,0.3484942863390823
CC_D550CE8B9313,0.6677294616457897
CC_D55C5B432387,0.16193095464166748
CC_D5646FCC5E14,0.5587460746522142
CC_D56F34613338,0.15182837561429102
CC_D573AF0F1674,0.11249242297214672
CC_D586E2C2B3EF,0.22905640815904935
CC_D589E388CA02,0.06128705995823819
CC_D58EBD954E68,0.31262339980786624
CC_D59AFE884BDD,0.5358353591927816
CC_D5AC596A85E1,0.15655608030559143
CC_D5B99B578573,0.035650008261363275
CC_D5CBF4A4D3B3,0.1150615780362157
CC_D5CE05EAA837,0.22749004334519324
CC_D5D36A6C8DB3,0.0766326322105696
CC_D5D8D545736F,0.09133088909775083
CC_D5ECFAF8C1A3,0.07292200187439957
CC_D605715F737A,0.13577911496839756
CC_D617428B4B0E,0.4030661832470812
CC_D61E8E5C4414,0.10090886937566503
CC_D652B5F05769,0.16832155917447766
CC_D6564D0CB9A8,0.1887528991733234
CC_D66183657419,0.067141553508693
CC_D66BDD3E1AA7,0.08912430960900712
CC_D66DA331534A,0.08801947734915179
CC_D687A780C0E6,0.06459278521136559
CC_D6AE871A4C9C,0.10942076097076195
CC_D6B7AF1FBDD4,0.5656494498054476
CC_D6B874308353,0.5641636619795659
CC_D6B8F47FE484,0.5440364232317874
CC_D6CB1BFDCEEA,0.1555503086298096
CC_D6D47D7E1C51,0.04038253497293113
CC_D6DE060699C6,0.15318201551701832
CC_D6E06014457F,0.8752912281667362
CC_D6E8E17EA449,0.2894023041302601
CC_D6F216AB1C4A,0.18370199987300773
CC_D6F5E3A51C8A,0.0935562787391688
CC_D6FB3B76D7A0,0.6401938626785337
CC_D6FBCD4BA3DA,0.2469787096982564
CC_D70918916097,0.4669062495061449
CC_D73B1B9B81A5,0.06590167981260142
CC_D73E9E24BB48,0.08563968596543207
CC_D74AA0F20466,0.12753488026578236
CC_D750070C44BB,0.7676332752205187
CC_D7529675CB7D,0.1348345509770092
CC_D75C8CDB510B,0.7026274479928211
CC_D76009C47709,0.34856979249638886
CC_D771775A58F5,0.19711487081503812
CC_D77F9D613EF7,0.2336814272462379
CC_D7999C3EDE22,0.18576070215234045
CC_D79BF1D26499,0.18593205577986846
CC_D79C05885899,0.10467948800766298
CC_D79D4F15D10C,0.04654589553728851
CC_D7A11E3512D2,0.056175200923264584
CC_D7AD7A7279C4,0.18690960265664056
CC_D7B35055AF0D,0.15757789545030584
CC_D7D99409D57E,0.26615908356116313
CC_D7E403181D8F,0.10205645419396078
CC_D808C7BA9399,0.1362572949591185
CC_D80DE8B544F3,0.04211046457509069
CC_D81D19AEFB77,0.025257322704133438
CC_D81F317F6384,0.12452194460950052
CC_D844D9DF962C,0.1089537114417425
CC_D847D978387D,0.05808415561675212
CC_D85C7B85C440,0.2221216033092314
CC_D885591596E7,0.07728100810994196
CC_D887D07BDE23,0.3990973947035165
CC_D88ACC0CFDA5,0.15250115294905325
CC_D88BDD0F510C,0.051748640057284453
CC_D8956424CB37,0.47004871487110084
CC_D8959BB99A7F,0.30439743845568723
CC_D89A9A14B5E8,0.04631321230959492
CC_D8AD01F3CCE7,0.05260380958755924
CC_D8B4122DC296,0.12778404962188777
CC_D8C38B187875,0.768404028553864
CC_D8E55509595E,0.045538196518742004
CC_D8E6B90C37A3,0.14123084417407866
CC_D8F1AECFCC2F,0.05756081207612549
CC_D8F7672C70D7,0.055618335595156713
CC_D8F7E904E7DF,0.18281415243420984
CC_D8FEF1C99F88,0.6895071200426287
CC_D90761F9E9C9,0.41104664912483974
CC_D90D9D5C8FEB,0.1137411995930134
CC_D912917A4F4E,0.6859737655290232
CC_D91ECE64FD0C,0.11671465102439793
CC_D9325E5695D5,0.05093000655432763
CC_D9563654A397,0.22784986356322773
CC_D95766A6C24F,0.1569354957576377
CC_D95939B1BBFA,0.05828337952716094
CC_D96729C38BC9,0.1005289000948167
CC_D9791EFF766C,0.21544168633836971
CC_D97AA7C54F6D,0.11431530800275959
CC_D98BA5CE8EE6,0.4661622743258994
CC_D991DAD5413D,0.10221083718166236
CC_D995C89AA359,0.19738577299186422
CC_D9A54F55AD6A,0.09725017200594191
CC_D9B87A96C353,0.28185904577252785
CC_D9C42B0B6A0C,0.15800352970721687
CC_D9D487E78FAF,0.6518114220204967
CC_D9D744A66B09,0.08973167097208096
CC_D9DA3F6E2E7E,0.1125008519699144
CC_D9E5792258E4,0.07101745379468442
CC_D9E6B9CBEB77,0.05760745499711884
CC_D9F0CDB02AC6,0.12494376049975102
CC_DA0201D1BCF2,0.09411659609560376
CC_DA0500AFE692,0.06630090910366768
CC_DA0E0BD3880D,0.36825016891491713
CC_DA10F53AE655,0.6571737942177596
CC_DA1643A835A2,0.12123063334252976
CC_DA1C5BAB7E35,0.5231704641571097
CC_DA1DC6A6371D,0.2080818229320987
CC_DA1E6B31DD2A,0.6908202514254327
CC_DA1F282809D0,0.02998032977357596
CC_DA226442D919,0.7600204922394982
CC_DA31EC318B1F,0.053186497862450936
CC_DA33597C6459,0.12959357951180311
CC_DA43CFB5CC2F,0.1907770876451701
CC_DA481C72B8A4,0.21840144977046957
CC_DA55447636EB,0.03668813402320305
CC_DA5AE34842E3,0.1120512187754396
CC_DA6880B018AC,0.16823721225916868
CC_DA700A961616,0.1506803120399434
CC_DA7E65F1E6AA,0.07524222994672151
CC_DA80FAA7FE30,0.14338590552823224
CC_DA8DCCC1199D,0.3066805132521554
CC_DA8EA724C1D3,0.4284443456152051
CC_DA8FA65D1924,0.03623498388070522
CC_DA99D1E41C3E,0.06004633992100132
CC_DA9C3BEFD0B3,0.18941146387439883
CC_DAA3B7FE1C62,0.07728442522995502
CC_DAACE4211B34,0.17086754392163156
CC_DAD239E56638,0.7748925099399646
CC_DAD4BC090253,0.06680196386587901
CC_DAEDBA26BA12,0.3055222629275732
CC_DB1EB08EB40E,0.11767243749092957
CC_DB2314ED6960,0.07247494852887071
CC_DB25E05EC5CD,0.42747287578090215
CC_DB3BE0C87882,0.052922449977245364
CC_DB44628BC147,0.1422727082958432
CC_DB562E602BA8,0.12618182111470364
CC_DB61D7F5F8F2,0.6919339132475736
CC_DB6498598C32,0.15867967846762784
CC_DB6B59FB6E30,0.03421976208610342
CC_DB801B947698,0.3123445471977593
CC_DBB8C467FF1D,0.10527203138210847
CC_DBCD21C2C322,0.06685506104539488
CC_DBDB148E45DD,0.09563855330387992
CC_DBDF9BFA7E87,0.1241102942489422
CC_DBF5CD2D854F,0.17342553619923134
CC_DC0077DE6E39,0.20059471431569803
CC_DC23159A1F99,0.062035144068394464
CC_DC2458827FD8,0.16775490044189323
CC_DC2BE35D58AC,0.24556313527940096
CC_DC49C8D3F7EC,0.5723848150475858
CC_DC5DE66826E9,0.10360970308743467
CC_DC6063FC6464,0.07239245592548924
CC_DC771AE1B4BA,0.6651303036616647
CC_DC7DEBC30E17,0.4342525531025357
CC_DC978F3A711F,0.7286465725588549
CC_DCA2140C7BC4,0.21311509955936922
CC_DCA5CE7C9DC3,0.15054441616578584
CC_DCB5798049B2,0.131625213952133
CC_DCD10C95C942,0.49459881218226875
CC_DCD145E8E729,0.2841703441271222
CC_DCE0BFC03B86,0.05023131846316981
CC_DCE75AE2FB52,0.045531679636248296
CC_DCFCEEF21BA7,0.3521069324904607
CC_DD12A8C462FA,0.10738301804878968
CC_DD14867350AC,0.13325111014449348
CC_DD232BC8881D,0.18993558628993315
CC_DD2473D34D68,0.17671592677706213
CC_DD2B5C4CD318,0.07516949635081038
CC_DD4EC06C3A92,0.2499244682342885
CC_DD5299DA8C1C,0.0819187232914934
CC_DD59BFF18ABC,0.13627851428736096
CC_DD6777E1B05C,0.05183207246287963
CC_DD6EE1501B89,0.07627790799739556
CC_DD78B52AE022,0.14011790320979067
CC_DD7983A07B43,0.6890478167316358
CC_DD80B5CC495F,0.12313409718289396
CC_DD8956B71825,0.6821306439791501
CC_DD8D40E7E2A9,0.0957870134903486
CC_DD9972D0B63E,0.13203906502131646
CC_DDAE70634ED3,0.10811658057456255
CC_DDB4A9FF2B03,0.0976484668716762
CC_DDB68302DA2A,0.13145703369067108
CC_DDB9DEC9C037,0.07025669187267232
CC_DDC610D2B2F0,0.08347122536522886
CC_DDCAEC6BD9F0,0.22362400950950392
CC_DDDF665EBD93,0.2777787263807603
CC_DDE66EBF2157,0.05744071565508641
CC_DDE8B7E9C7F4,0.28511300449539934
CC_DE019FC36D28,0.45729182130384144
CC_DE07076B04D5,0.11434611448493816
CC_DE07AECD2361,0.035433598790807354
CC_DE08A4514010,0.5331798746842388
CC_DE093FAC5293,0.42454549494044996
CC_DE17BC1C2324,0.07098643564582663
CC_DE1B13B3E504,0.03963695651332659
CC_DE4264861B73,0.08956385517369886
CC_DE4810B88C51,0.28803746093800286
CC_DE4EE8A16896,0.1683147732242834
CC_DE523A2403BB,0.1033903649872351
CC_DE52860CFBBE,0.16401641795114497
CC_DE593193FB9C,0.1613689022915145
CC_DE5A9B499ED4,0.09019627789362256
CC_DE6AFFA63ABD,0.09139679832392805
CC_DE7CEC14CCD5,0.6187071405793905
CC_DE7D7B5BBB14,0.6479744313471214
CC_DE81AAB7BF48,0.05453722644850479
CC_DE8956D433E2,0.6538998866031442
CC_DE8FB8D1CB71,0.2832310992270134
CC_DE90D07B269D,0.26733827000102817
CC_DE9A62529780,0.17958351971198205
CC_DEA425EA8441,0.08921291445638295
CC_DEBE01582EFF,0.1745660793918601
CC_DEBFD4E79A38,0.03047793171242385
CC_DEC97F13CB8C,0.14782196477507123
CC_DECF1507C86D,0.14531323943133512
CC_DED24C8D047A,0.1444331009147231
CC_DEF4AEBD31C8,0.22999486959722804
CC_DF062F698349,0.09679395783289958
CC_DF13D5CB626A,0.08625975679015084
CC_DF15C526CDC5,0.04862590984676141
CC_DF1F6C68F7D2,0.1351221357711675
CC_DF3EB88F509B,0.1282229070949985
CC_DF4E332C886F,0.03418114719278102
CC_DF514171DC30,0.1525196568534769
CC_DF536CEAE5C0,0.06195162945030666
CC_DF5806CC2CFF,0.15394259990553313
CC_DF715690EF20,0.26091450337209077
CC_DF718A37AF15,0.10864440278503744
CC_DF7276DD74AA,0.1067863005804724
CC_DF750B2D6872,0.3858548960757591
CC_DF9FB6670627,0.0745861986816663
CC_DFA65A0125D9,0.05507591050645826
CC_DFAE355359B8,0.21485258418626446
CC_DFEA562F7BCF,0.289418652138053
CC_DFEDAF0F0D6E,0.03409403641686269
CC_DFF6F74C64B5,0.6970326074160128
CC_DFF87DF16763,0.12503920091455697
CC_E00D8ECE9FA9,0.14508371267326567
CC_E027E36615C0,0.543738788251509
CC_E02E23CE49A8,0.0872496212790376
CC_E030B3AEBF19,0.14520635790160727
CC_E031A4C862C1,0.18563994577622095
CC_E0339B331F4F,0.08576479209082571
CC_E038981B2FEE,0.12173473083053553
CC_E0463868968B,0.16013111531155735
CC_E05A8621B581,0.3045320492732974
CC_E07FB0312232,0.15010389794162887
CC_E088594E0624,0.17266429058780292
CC_E09AC3B1E534,0.10002858048878
CC_E0AC29AFCF97,0.13660310444750945
CC_E0BAC6E0D0DA,0.0507717252926802
CC_E0DDDA07F0A1,0.15578481220828383
CC_E0DF45AB72B6,0.21782810441360728
CC_E0E1F8E7379E,0.07590490669433575
CC_E0EF095444A5,0.12192371654898616
CC_E102E4F7F8B4,0.20325790586946282
CC_E109B4CA6A8D,0.11300471189139305
CC_E11470A2D92C,0.47588146251178126
CC_E117B8A6ADC6,0.028634458942060563
CC_E128015073F3,0.0928843068834406
CC_E131D5EB9237,0.18914467823594575
CC_E14A24095E9F,0.15123113864675167
CC_E14CADF89123,0.5321257584577319
CC_E16876025011,0.048551487587658544
CC_E16C71C15D04,0.6899766466474777
CC_E16F1BB83653,0.04821504796596186
CC_E17448FB08EF,0.5669517291689811
CC_E17AAACEB07D,0.10584154158517393
CC_E1875522DC57,0.14195023316793448
CC_E18A0734641A,0.0992927937632584
CC_E18A22453843,0.10737366054701358
CC_E1B4E3360C0F,0.166054046793257
CC_E1B5AE645169,0.06445939017570979
CC_E1B71F6B7DD2,0.31042646125055984
CC_E1D073F693A2,0.3318812649098351
CC_E1EA83C31C66,0.0936737584437479
CC_E1ECAE226485,0.275124698755286
CC_E1F0C5076481,0.06391964168806957
CC_E1F78CE289D8,0.043132524861595
CC_E1FBCECE0A54,0.18911500544243715
CC_E1FD46CA26D5,0.10517117776985493
CC_E20E7C7164A6,0.7546156549413034
CC_E211E2698C14,0.03984966998983093
CC_E21B4F587C45,0.1483533917496709
CC_E22A278A1386,0.05726412277648299
CC_E24078C03B7C,0.14311157945289762
CC_E2452737F950,0.1719114126531683
CC_E246119AA09C,0.6726549089116016
CC_E246942C7310,0.08811434640688717
CC_E2474A334F3D,0.09077560341887017
CC_E2489637D0E8,0.1308573640934071
CC_E2521AF9C2A2,0.09504247873992014
CC_E253F4AC4762,0.5415475753363743
CC_E257805D0F0A,0.16256813741771559
CC_E25A924EDB70,0.09796448865867916
CC_E25B5D5502AD,0.12360260094269873
CC_E2619E24BEDD,0.7241521658003238
CC_E274DAF3C064,0.06701625125329803
CC_E2787CBDFBF1,0.1503764510411419
CC_E28AE2E68BB7,0.7172950914740467
CC_E2C3E272D059,0.26323328976755866
CC_E2D653061523,0.40095435193478757
CC_E2ECDC7D23EE,0.13427037291799215
CC_E2F0E725C3AB,0.062479958177497956
CC_E2F7712CD056,0.20915487334153043
CC_E2FD7FCF0AD5,0.7910865492989961
CC_E308C7DFB2F2,0.13741483095148038
CC_E30B791D5F11,0.24120567893453213
CC_E315F7A94400,0.31231934129037
CC_E31DAB1E73F5,0.06022901567357556
CC_E32034C97E83,0.2535987229896457
CC_E32DBED5EAC1,0.24058073939936328
CC_E32DDDDEE3CB,0.16555494792738096
CC_E343EC3EB052,0.6887808896355679
CC_E34A04E78D60,0.11585505034785729
CC_E3503B565AD0,0.3002880318422535
CC_E356B05ADD56,0.1754066575611937
CC_E35D02BE6780,0.02516549006779261
CC_E369AAECB2B1,0.5217048194231211
CC_E36ACDB4F96F,0.45638140447842995
CC_E36C7F0E1657,0.8560046747512615
CC_E381FD4674D5,0.029711565231934384
CC_E38E3835121E,0.04959431770515354
CC_E3A70438A0C1,0.25427293318336025
CC_E3B5C76189F3,0.19007944079864306
CC_E3B7B7E57889,0.18670057223193515
CC_E3CCC0D886D9,0.20251343472389136
CC_E3DD8AD10171,0.3379940304575814
CC_E3E230CF20A1,0.20617646956610006
CC_E3E4B2543CCB,0.07591378871162553
CC_E3E5DF01E014,0.17258536627297497
CC_E3EB157288A2,0.10177333756778546
CC_E3FBDA203EDF,0.138607304120755
CC_E404FCA6CB2B,0.6915644082911808
CC_E4054F9C8442,0.3202546893652654
CC_E405D808772F,0.03934855102628736
CC_E4137B250609,0.30470150520072137
CC_E41482A7E968,0.0696030562447348
CC_E421FA1874F4,0.10495544770156255
CC_E42C38BBBD04,0.16520212711233082
CC_E42D90BFB285,0.05466350214717779
CC_E42EFC05C891,0.08944641336221269
CC_E430F3C75969,0.07556709349209137
CC_E4576D6B6478,0.1098447385218996
CC_E46B27A13728,0.38491552300487664
CC_E4783FB590D4,0.16278722001070653
CC_E489009C6500,0.15321589500342844
CC_E493CB46177D,0.10819621933156096
CC_E496AFA9B40A,0.3202578693920262
CC_E4A2FFE0EE1F,0.12771081956673463
CC_E4C553538385,0.34852287302014806
CC_E4C7B5501ED1,0.1931167446360009
CC_E4C8A5A60F51,0.184712853026035
CC_E4C94AB69214,0.4809885962741104
CC_E4D75244E8B8,0.2635366144062712
CC_E4D9A8EEDBAE,0.21318859624451267
CC_E4DF787730AA,0.13536150602589472
CC_E4E0DC070132,0.13675404665771423
CC_E4E3C08B7F86,0.06105763788969371
CC_E4FEEB4389C9,0.4484775021846781
CC_E50598344DD9,0.461992275144678
CC_E50C634A9A18,0.031295561967069695
CC_E5107337FDD7,0.0447757911857771
CC_E511BFCFEC9E,0.651524981143878
CC_E51318749E09,0.12844504546795418
CC_E53FE6708AD9,0.6912001574084982
CC_E54290FEA34D,0.1289652340596467
CC_E54B723C018B,0.038000081700227284
CC_E554618F383B,0.07918011251963664
CC_E557336955A2,0.09630439488078019
CC_E55B48E73651,0.1657485039897722
CC_E55D8DC645B9,0.058674887627802
CC_E575DA02C575,0.20723615444881777
CC_E576BD98A727,0.1952525969924672
CC_E578DC77656B,0.16759956964632328
CC_E57F3EAFD9A3,0.14242570647920536
CC_E59A01603B7D,0.2882595482280286
CC_E59B2D974CB3,0.25658680315471916
CC_E5A1C44F0F07,0.6971479105977303
CC_E5A8BDF6BFC1,0.1617642917389272
CC_E5B284DA0E5D,0.0961483213460412
CC_E5B8363BB378,0.5884203192380204
CC_E5D8BFFA5F88,0.05442133808192177
CC_E5DA04902EFD,0.2248822734027114
CC_E5F53CFC20EC,0.06046432302279859
CC_E5FAECE63C59,0.5486365180284916
CC_E5FB6E872C58,0.04446717794662253
CC_E6045565E7ED,0.09767376927905702
CC_E60845ADC7F1,0.03681379613512567
CC_E61567D6B392,0.1428868805975056
CC_E62174AFA94C,0.13840099595428698
CC_E6247DD14641,0.1095042307999151
CC_E6289A61F0ED,0.10223738864904228
CC_E62E32FB6FBB,0.024662624046148565
CC_E62F6BE942DC,0.20454269641252737
CC_E63E49B128AE,0.06661034254673945
CC_E63F89885A3E,0.7855962321901385
CC_E6466E6A92CB,0.27650016325839993
CC_E64BC95F8B2A,0.83495957500725
CC_E64C652BBAB2,0.060593709738231714
CC_E659DB355476,0.16267371333130076
CC_E65C8BA5A7CE,0.07134571576982812
CC_E65F39446752,0.31891975398199
CC_E67395791589,0.16500376939041603
CC_E67622A69EEF,0.08161947600477525
CC_E680830CAEF3,0.06625630583613701
CC_E6823643AC4C,0.7101867231903247
CC_E683F33931BB,0.13494300414963062
CC_E68841DEB163,0.08091310868924047
CC_E68B2C33D180,0.1307372336095008
CC_E68EE6EC2618,0.05511905587757704
CC_E69508D3D3F1,0.2330623584317176
CC_E698F1348426,0.20698028925864692
CC_E6A178F3709D,0.14734286175455047
CC_E6A4B6E8619C,0.6652762985932168
CC_E6B3887C66BB,0.2772340125775596
CC_E6B6BBBDBEDB,0.2969490256093367
CC_E6DBD0F9DC3B,0.08468797063695985
CC_E6F090F70DDD,0.2251543373691461
CC_E6F2D8CB45C6,0.11113833124861527
CC_E6F8FBEDA2A7,0.10399364171433892
CC_E70854CDFE9C,0.05000731325047151
CC_E71C05F07F85,0.06845660471755934
CC_E72797CABC60,0.06707665747740013
CC_E727C1153226,0.09862374873261978
CC_E73489D828C7,0.12116171628534424
CC_E7355465CE6A,0.06052456692010159
CC_E73CDBC743FF,0.23736404374106604
CC_E74F00E75A4F,0.08974617263778323
CC_E751F7E19192,0.15953664548172716
CC_E7522AD6431A,0.5864421006995517
CC_E7523630D2D9,0.23233584412059427
CC_E767372DD95A,0.5979867456698155
CC_E76C5DFD3BA6,0.2096422450299579
CC_E77326438575,0.19328466531571128
CC_E77E29E11EB1,0.14548618855118745
CC_E78F20B3223F,0.6822082174777315
CC_E79A23E64518,0.09707622338446352
CC_E7AC69AEA182,0.8235913095327067
CC_E7B754CA9668,0.05394879851374022
CC_E7BA60365AE8,0.1338125478386613
CC_E7C95D4A741C,0.0837013332673189
CC_E7D3D728EC5B,0.20913944733297637
CC_E7E4D5F851D3,0.062350082167935146
CC_E7EA49D37B64,0.3252625006470413
CC_E7EF11A24F73,0.7644944967977817
CC_E7F6F9A7EC65,0.08709297999822882
CC_E7FBC7F69DBB,0.17207126269701564
CC_E80B1A55A74D,0.1293637930730716
CC_E824AB0AFDBB,0.19864248099209192
CC_E826DAC92D9D,0.2546016040350302
CC_E83AB7100D06,0.14093590377475973
CC_E83E6D31EC76,0.21825808004943112
CC_E86650461FBE,0.18398086657544793
CC_E868A3754B11,0.879464626732143
CC_E86A993F7D05,0.0895633992983306
CC_E87992FBEE80,0.6526934077155293
CC_E87B909C4DDD,0.17716955236744164
CC_E8828BA7EE08,0.14621141754353537
CC_E886157F6FBD,0.32154321106630834
CC_E88711C5C98E,0.10514478268348307
CC_E887680BB6CC,0.16052476340194186
CC_E8909BF77D8D,0.13312818210599378
CC_E8A82DA3A246,0.15368097283711174
CC_E8AC7545DBD3,0.09748509692547233
CC_E8BA6B224C3E,0.10941186369304333
CC_E8C6CA45BF72,0.2010812718032386
CC_E8D2E3126A8F,0.6661163542517922
CC_E8E55DAC4FF9,0.05792878879056687
CC_E8EB77AF3F78,0.8092587196589227
CC_E8F2C6905503,0.38878044019571195
CC_E90831F897A9,0.20515000759795618
CC_E90B14D51185,0.4530213366127114
CC_E9188329C9E7,0.09329886551390126
CC_E91E1C0C0C61,0.7261832973925486
CC_E91E9D34C5F3,0.11494146642141585
CC_E91F555DBA96,0.13138867005385166
CC_E932CFF4B4A4,0.22591146320945915
CC_E93643CB34CA,0.17699395651105992
CC_E937CA493910,0.12698444532183728
CC_E9409A50B4BF,0.5120345695857424
CC_E96711AD5512,0.0654385854245535
CC_E96A3E6912B4,0.429675171657468
CC_E98AEE74B9BC,0.22841913630628122
CC_E992FB78BC2D,0.3061911707737713
CC_E9A3AECEE3A9,0.08108197841024169
CC_E9BDA7766728,0.2576770399050651
CC_E9BF1AFE86C3,0.21420789745454918
CC_E9CA055AD1A3,0.11396999716013682
CC_E9CA0A56E917,0.2152487814241732
CC_E9D3453F53AC,0.5634821177523051
CC_E9D46EFFA839,0.2100486196227551
CC_E9ED872B6037,0.05224299098115293
CC_E9F40C1B559E,0.1431997949771457
CC_EA06928C0AA9,0.2604745822898073
CC_EA0A46F64C80,0.16433723728872493
CC_EA114B15FC04,0.521230588863443
CC_EA1F3F67BA2E,0.08714378394887357
CC_EA21618614D1,0.686330100780868
CC_EA26B5A89181,0.1734696870378618
CC_EA26C6C27662,0.1849002551883774
CC_EA3B5AC76649,0.2214936347160877
CC_EA4E669C8528,0.07636076574363501
CC_EA6917E7A5C2,0.723890491663831
CC_EA8A25862433,0.08958693174795132
CC_EA901D7CA670,0.16212038112935656
CC_EAA2BCE323EE,0.7189469035028344
CC_EAA6D5189190,0.11569652965738378
CC_EAAA8DD7FAAF,0.1419922469585391
CC_EAB7408CCE0E,0.34188894693022925
CC_EABEDB3C4827,0.13620482739108802
CC_EAC6D83D1BFC,0.02764755072589971
CC_EAD7F3E9DAD1,0.051274971397978465
CC_EADC7D8196C2,0.27078071936767806
CC_EAE608E24E29,0.03404699275067463
CC_EB05AD2C7C27,0.04915826221704832
CC_EB1DA337E2D1,0.1257237525522556
CC_EB1F425EC937,0.12630893759951534
CC_EB2FE764BF6D,0.13680898735973815
CC_EB55483587DE,0.12851357893339257
CC_EB569B3E2E12,0.5542430460249972
CC_EB57E6E6C96C,0.1974153723510345
CC_EB5A0FE0605C,0.09894219365731714
CC_EB64EC97D01D,0.09373958262454997
CC_EB691249B91A,0.1919592312551689
CC_EB7C50A7D4C1,0.5070834650340977
CC_EB7C52FDBEC3,0.23238062231921894
CC_EB86FED24535,0.29636596522332326
CC_EB89DECC2021,0.13723005045463582
CC_EB999F9D6095,0.17870397380488476
CC_EBA2F85924CE,0.07694983513886991
CC_EBAC5A53FD11,0.05392885632687826
CC_EBB109EF7619,0.1732095612047272
CC_EBBD00C18763,0.03628236360814509
CC_EBCA68C7854D,0.0836767504149238
CC_EBCBDE122879,0.1452057931992327
CC_EBDF6C88BBA5,0.11448066400268113
CC_EBEDAC91ED43,0.07366537047813465
CC_EBEEC4183FDE,0.056057287347791786
CC_EBFD9D007253,0.4521740560695796
CC_EC1ABC58E09A,0.17947150738887088
CC_EC26EABA68DC,0.748800154508656
CC_EC2A485A3E71,0.17059000646337974
CC_EC3B9E2FE47B,0.10721208712841844
CC_EC505F03EE5F,0.03464077357221834
CC_EC5317EC6706,0.17567821548242205
CC_EC5B7FBD1EA7,0.11953729353135792
CC_EC5C7471FFC5,0.06140737675845453
CC_EC5D92B3617B,0.16811701738301918
CC_EC5E214BFED0,0.687492329931797
CC_EC6406527201,0.13122593842508556
CC_EC79022358C6,0.3233706984516608
CC_EC831A90189F,0.08087275581801939
CC_EC87C131FADC,0.04303129520087276
CC_EC88785D6F39,0.2160032458080206
CC_EC9173F5284E,0.028633620928054035
CC_ECB7B3B6272E,0.07321671999764709
CC_ECBF4CED56D1,0.1112667054769831
CC_ECBF80B94EAE,0.785850816312582
CC_ECC78B7AE3F1,0.5048338457312918
CC_ECC7E9E691F5,0.14017527110753802
CC_ECC9235F612E,0.25182873390650773
CC_ECCB0BD557DC,0.1175126815521875
CC_ECCCB1B4EA8F,0.09709145299920444
CC_ECDDF4983DD9,0.05629560305756073
CC_ECEE93C4F564,0.6052811366630348
CC_ED07BD8B2CB3,0.05787758944671168
CC_ED0F4A02A01C,0.2701259230046188
CC_ED11D72A1D3B,0.06199268814616324
CC_ED165FC5A06F,0.06165492854150949
CC_ED2B6A40ABC7,0.21356338659721705
CC_ED390F22A931,0.09577149419416958
CC_ED40E7CE5177,0.16384246305443334
CC_ED4E4B13DB1A,0.04257787665484964
CC_ED4F22572419,0.13981538317403402
CC_ED5AE5CB1DC5,0.045694526986928725
CC_ED6090A4E6E4,0.2628974842860042
CC_ED645D91E6A5,0.1112050217433694
CC_ED6B045B6075,0.1985956422300913
CC_ED9313C71C57,0.1307632706639126
CC_ED9BCE7C776F,0.7126711831612078
CC_ED9D4644716C,0.14402154275423118
CC_EDA794402358,0.2376916765209403
CC_EDAADACD4DED,0.10907879143454387
CC_EDBAD2E989FB,0.16191389348402938
CC_EDC98B474E76,0.3446019418664752
CC_EDD1FD49A66A,0.7090536787229176
CC_EDD448008C0C,0.7214607623285062
CC_EDDA3B790095,0.06404254331380074
CC_EDF95BF0E3D6,0.20840126445395452
CC_EE03D7C2BC69,0.06486063829122254
CC_EE0D95184E81,0.0440535646985108
CC_EE0FF690C214,0.4557559309217859
CC_EE2412C352D5,0.09194208072603645
CC_EE2A010019CF,0.08701178268748257
CC_EE2AC730827E,0.05709859693571492
CC_EE3236E6A9FD,0.12698542463049547
CC_EE3759EA49FF,0.15680005857092566
CC_EE38C78AD88B,0.4469968348494649
CC_EE3CE0FD6B77,0.6160622943372699
CC_EE6B7E58FC63,0.054271358288452066
CC_EE6E02464067,0.28300152707332427
CC_EE6E1FA7A753,0.11728142109854364
CC_EE6FCE6C233A,0.25764541025682824
CC_EE88C07B9333,0.072581210372177
CC_EE9004165810,0.06590183289874713
CC_EE9BD17AD343,0.05376679812201097
CC_EEA608D5A455,0.14976000844932252
CC_EEAFDB1BB486,0.4891859816818719
CC_EEB482736C41,0.24264991968021782
CC_EEBD9DA093E1,0.04832410117119245
CC_EEF23DDD2262,0.12237112372091973
CC_EEFBDC9AD94A,0.0769599484752936
CC_EF05000895F4,0.5224197963493467
CC_EF16B2CE0988,0.33701874692809464
CC_EF1DD3F0CBDF,0.07303958307485309
CC_EF2D82085BB9,0.12117984400257284
CC_EF2DBE79D656,0.27434196745630257
CC_EF3000C48A4C,0.07207065987441946
CC_EF359AF608EA,0.028673415427624405
CC_EF362432D758,0.295354355736672
CC_EF548B30F1B6,0.23274157609635357
CC_EF5B403DFD7E,0.1082835103681654
CC_EF66DA0DDF9C,0.309840085105153
CC_EF70BA4AEEC4,0.19688224005104277
CC_EF83DD56FCC5,0.0689661293716023
CC_EF8B642A6F8D,0.06625809039055314
CC_EFA1EB27DA19,0.04311273756530563
CC_EFAE84EA9BDE,0.0837811722693168
CC_EFB26BEA106E,0.3485354422259508
CC_EFBB51CD8502,0.18401363409296037
CC_EFC18E9B3B55,0.1162623189662209
CC_EFC4B0020E2D,0.13902734899080577
CC_EFC9FA5108D9,0.16207616802015237
CC_EFE45D9B9D9C,0.042870367689203555
CC_EFF27FA98DF1,0.0681062178157027
CC_F000DA497736,0.25787264469804205
CC_F00107DE219E,0.6719361190953735
CC_F009FC54A64B,0.7945360659682615
CC_F01DF28C6BFF,0.13384918871477475
CC_F037C91F63BF,0.13219271824103562
CC_F03FADA95A03,0.7572542227907411
CC_F05235F3C894,0.0905242670330709
CC_F0649FEBFEB8,0.4783669317749721
CC_F066C78B5C0D,0.12487677727085165
CC_F07313626618,0.6033065809674059
CC_F0783F6A56F5,0.7711897132764218
CC_F0791523691A,0.23176570913335723
CC_F080750455CE,0.0683673795644579
CC_F0809EBB0B51,0.02941204327555388
CC_F08259F86E23,0.16151837402537061
CC_F0929F859702,0.16574373457810382
CC_F0A7203CCA39,0.1481435311790141
CC_F0CD4DD9C63C,0.1522983265578473
CC_F0D29AD328E5,0.1586414059886985
CC_F0D339E5B80C,0.05754064501410153
CC_F0D3BC14FA77,0.09234595169063962
CC_F0E16D28D49D,0.16584717491873224
CC_F0EBE2C00A7B,0.052054743055602454
CC_F0F137758DC2,0.06254050010002275
CC_F0F6BD40CA43,0.3205926158574779
CC_F0F6FCF6010F,0.1601447102914897
CC_F0FBC9D4ECA1,0.03381950372511875
CC_F0FEE924096C,0.2051274242113015
CC_F1074E035DE6,0.06348583733485873
CC_F108D26930FF,0.31765923693450193
CC_F10DB853B9DF,0.3750138648772763
CC_F10E06D52D76,0.1420640837127303
CC_F11F5F477B91,0.701623631409003
CC_F14913B5BE1B,0.7605491148324716
CC_F156C1647E3D,0.09347095496859564
CC_F1598097E314,0.6431965296728236
CC_F1641E3AAB3C,0.05283344224884485
CC_F166878FB959,0.05414774868171837
CC_F17540FE7C9F,0.1250584626333886
CC_F175BB08B29E,0.05538803575762753
CC_F1782AF286D0,0.3306946562013989
CC_F1796AD4B774,0.6550737497749114
CC_F17B3A3A5E56,0.5633557919509653
CC_F1858D6F0080,0.13653301428113623
CC_F18689FA8E29,0.06807137746701633
CC_F18A82B0F153,0.11850799821635441
CC_F1AE7142A128,0.13780059414701895
CC_F1B43DD57C9C,0.11433688053854145
CC_F1BCB7676492,0.10980468381521036
CC_F1C8B8BB90AE,0.16020017076945425
CC_F1E044CD2D75,0.31620657522403134
CC_F1FCB96B5E14,0.24395623587925297
CC_F2067E92A939,0.13217443230473191
CC_F21512554CC9,0.09983958095182366
CC_F243956B7575,0.07998681940881808
CC_F24FBC9FD3F7,0.33401434110765177
CC_F252EB3F208B,0.07258872520541858
CC_F25D793346CA,0.3431167486576146
CC_F25EB1ED5AD9,0.08077485086198513
CC_F265A0AE845F,0.6679497864182224
CC_F274BB4AEBE0,0.044392640124437215
CC_F28BF2185131,0.07491267742495729
CC_F29077E45AF0,0.3004844222397706
CC_F2988560CAB8,0.3224285057787018
CC_F2993AB36C56,0.10573139340933066
CC_F29D6C65779E,0.07935935653706075
CC_F2D2BADD0000,0.062006576416106914
CC_F2E4AEB73D57,0.10767980793772695
CC_F2E630BAF431,0.035296001630840124
CC_F2EFCB40AE74,0.14421444626049149
CC_F2F085891915,0.7144462399704791
CC_F3030E2C80A0,0.20375329212463997
CC_F3044C7C16BB,0.053522797194413274
CC_F30B21CB4603,0.10340883166737466
CC_F3140FCE870A,0.08953773809961839
CC_F32A84B321FC,0.13637085033674706
CC_F339FF584607,0.2639319844797733
CC_F33CEE0F6DBE,0.389507925881778
CC_F33DAF3E9CF0,0.1666079284230095
CC_F34EC3FF202F,0.06799950022802032
CC_F35A6C383B39,0.2084742190909278
CC_F360E0FF27CA,0.06891395701873337
CC_F36B7AEC0086,0.11853240833904531
CC_F370665BECB8,0.6274062762014123
CC_F373A60E53E8,0.037852929142895717
CC_F373BDAE18B2,0.06407796787898978
CC_F3745BC63340,0.07563022979851192
CC_F37DC9169301,0.16313296299597105
CC_F394E57C5243,0.218351605565923
CC_F39E98FD418D,0.09227401473933429
CC_F39F51452381,0.03890342273391251
CC_F3A52465664E,0.06662259527682207
CC_F3A8CF761A0F,0.2101681020678098
CC_F3BF1709E29A,0.3797572577329667
CC_F3BF72C29211,0.07164640715502843
CC_F3CF35465CF1,0.057731243834398586
CC_F3E2186DBD4F,0.2590766272752738
CC_F3F0F9B9B56E,0.14063906565078335
CC_F3F185395BE1,0.1265196625007874
CC_F3F68E6599E7,0.06473697792148686
CC_F3F7763C9DFE,0.11546041050111096
CC_F3FFF13592CE,0.06081252012787148
CC_F410C3CE89E1,0.14312135194327658
CC_F410C8B811FE,0.0692040197861592
CC_F4132072D78E,0.1019766294381258
CC_F4157B8E5B32,0.5564279474725875
CC_F41CF067E828,0.108204403722109
CC_F41DC456E539,0.054243244549779
CC_F41EEF55A0EC,0.04257252880098356
CC_F426B5C1F07D,0.3359403064780588
CC_F437875F9000,0.13389685283221697
CC_F43C961F8A30,0.15837379570146234
CC_F43D9BF23472,0.051355243962461467
CC_F444BE033109,0.1529680373907998
CC_F4481124F17A,0.15508810205927803
CC_F44EAAF80F70,0.1370280161632496
CC_F4521F6D3492,0.4501071846564633
CC_F46BD9AB1B68,0.14132399113441074
CC_F4763AA0B824,0.638449962407803
CC_F47976F33E20,0.1862333682752414
CC_F47E588D4470,0.21533362829996602
CC_F4A2777912C2,0.12493099578827219
CC_F4A6C2B23685,0.06377673362049768
CC_F4B3EAEEEA8B,0.04282265275865123
CC_F4C6CD1E720C,0.07342767119194885
CC_F4D05DA98C83,0.07934047270553583
CC_F4D15889CDE0,0.14707945774500436
CC_F4DEC1E6173D,0.05264797456313979
CC_F4EFAD6AF8BD,0.3211616590634904
CC_F4F7835A1FA2,0.2048721433302116
CC_F500597795FB,0.17391647931899143
CC_F5197FA9580F,0.6929181543048923
CC_F5240F59146F,0.09244219350451043
CC_F534A0B87C3B,0.16602155702534246
CC_F536972BFE98,0.14240455426768936
CC_F54FDFE5A5C8,0.07481227873364812
CC_F55727F65F86,0.17417581370753188
CC_F558EBDCDD6D,0.12090153814584828
CC_F56D569AC51F,0.09779672034619756
CC_F5714D180EE1,0.12999915319732452
CC_F576ED9554AD,0.3180493084640311
CC_F57C2559358E,0.1893240352006951
CC_F5AA72FC0972,0.0835604403451715
CC_F5AE7DEA2B48,0.09052085336539406
CC_F5C6A5E9D495,0.15391636664680547
CC_F5E0731F2181,0.18050093454096572
CC_F5F4F3B03FE8,0.7556989611966223
CC_F604D7B9CBD9,0.2467582549526023
CC_F60F13391D61,0.17580331897673895
CC_F618D72DF162,0.0968626883197891
CC_F620B15ACC5D,0.07699644449519487
CC_F62D426D6614,0.11471213253389412
CC_F634999D5C1D,0.02551184154465286
CC_F636E5BAEE47,0.22169329369188154
CC_F6461B692240,0.6684935328422956
CC_F65BAD63AED0,0.20467991934973395
CC_F65DD2AC57E8,0.2500293521543191
CC_F66C6577674C,0.04907847954165979
CC_F670896FE959,0.1489195357893222
CC_F67376F272EA,0.6920564971310748
CC_F67FFE9E884E,0.27173318244414635
CC_F683C99F06C1,0.10152493945831817
CC_F68523E2CE7A,0.7607401111639971
CC_F68E62F9AA0F,0.025711523543705185
CC_F69604E05962,0.08281824429873343
CC_F6B8913740B3,0.09513336425632633
CC_F6BB4952DD35,0.2191873873372175
CC_F6C0B7AC57B5,0.6453258630556721
CC_F6D2B06E6E8B,0.6230950273932039
CC_F6EB30A84C9F,0.24479282472742345
CC_F70345A4792A,0.12286959129735278
CC_F7068C1F77B3,0.32646229808361177
CC_F70B0EA8C0E7,0.06272077710512922
CC_F71CC97FCE83,0.09292962073281158
CC_F722224A84F4,0.7227261886009382
CC_F72D1046063A,0.28236436713040863
CC_F72DAB32A281,0.06499670291031515
CC_F733AA5C0ED9,0.07625712262173295
CC_F74043C1BBEB,0.053726452861419596
CC_F74A31E36137,0.05365478113625499
CC_F756B167634F,0.18635137661887127
CC_F75CBE8E1B92,0.463186226410012
CC_F761F7EEAD39,0.13987887165161114
CC_F79303D62FCD,0.0901954113399882
CC_F795134B52E6,0.6407785440413115
CC_F79533E83ECA,0.07293304433688427
CC_F79F9A7ED432,0.7611925470747677
CC_F7B2FC73E020,0.051035276419241035
CC_F7CF24594B20,0.07446457911092987
CC_F7D31937AA89,0.044484034838685446
CC_F7EFD378035D,0.30906539036962155
CC_F8014B1E00D6,0.04746276070564621
CC_F80ADE95A7C8,0.05376277845262927
CC_F82E58E476A9,0.11494826844471369
CC_F82EB123CC19,0.28779871631796505
CC_F83088660331,0.08495244580034773
CC_F83C6DF6A815,0.5562698369429959
CC_F8620C4F7581,0.14643842050286687
CC_F869F4DA5077,0.8006476934820199
CC_F86B1C53EAF4,0.23469644583955915
CC_F87B7F26FF51,0.23905855379627824
CC_F8803D1C899B,0.060697749112599335
CC_F892E51AC9DD,0.03324727190434176
CC_F89C185743F0,0.15731129601184266
CC_F8A4D45C3769,0.11232419908074831
CC_F8AD68EA5A16,0.2217315066164209
CC_F8B4DBD0CE8A,0.3421540578884361
CC_F8F3E551F166,0.2433901449825995
CC_F8F9FE2C9B65,0.2567142496013082
CC_F912A50D0DD1,0.1542394846049297
CC_F91B7C2B1AFD,0.11297449494002326
CC_F925251D4BF0,0.43661823161187585
CC_F925ADD60E7B,0.05829156362677559
CC_F9282C144479,0.07243725708641123
CC_F92EE3287CC8,0.09203057677151585
CC_F93332608FE1,0.12501580947550991
CC_F94070DE3B81,0.04545145090308318
CC_F94C81428D20,0.204971351797968
CC_F95DFFDA9B12,0.41608168621157626
CC_F96A53B02447,0.5589609651848556
CC_F96A965CDCB0,0.6307605230034896
CC_F9721FEDBE9E,0.17269044460222832
CC_F97C3E145882,0.1905374129242256
CC_F97C64C64052,0.10204004176387775
CC_F98660A07E6A,0.7997497402206977
CC_F98BA4B13724,0.0700000328837289
CC_F9A3F3A76B1A,0.10054722541758135
CC_F9A8E2B3A703,0.115676337188325
CC_F9B3E7E7F2A9,0.43878702005675047
CC_F9D7D0B1E4A8,0.6731958007812939
CC_F9EDA4EDDD44,0.05317145810106834
CC_F9F2176B12FE,0.06052939428516289
CC_F9F90E76CA5B,0.1137798117277278
CC_FA0157249C01,0.12192636421681305
CC_FA169BCA835F,0.09774654577094803
CC_FA19B61BCABB,0.13920118749707597
CC_FA1DD203C293,0.2708921423664861
CC_FA2E30269BC1,0.17297822808375293
CC_FA304CE8E045,0.21231854837479391
CC_FA310759A257,0.654968108892362
CC_FA32397E7B8C,0.1105235695980794
CC_FA33D97B84D4,0.0827116267785499
CC_FA38991B9434,0.032160252259469946
CC_FA4079FFF1E5,0.1775435629446383
CC_FA716665CD8F,0.0832810255466065
CC_FA770268B207,0.16201144342985346
CC_FA7A2F59245B,0.46285078279675385
CC_FA8205104EBF,0.08793302768473277
CC_FA8370AF8740,0.05560826450447842
CC_FA858F1025FF,0.16375100421356356
CC_FA86320CF6B0,0.05650552655570205
CC_FA8B341CD3EA,0.30032531928880196
CC_FA9057AAF95B,0.1021408258074756
CC_FA97314C666C,0.05222967713420223
CC_FA974C1D91AD,0.3739364580039356
CC_FAA0E5BC9F44,0.7304723957188576
CC_FAA2694D8578,0.298822751712665
CC_FAAFFC74BC35,0.6907263092426839
CC_FABA6DCF8E45,0.028031302063462174
CC_FABC53294AC1,0.18456568936142573
CC_FAC52B8E66DA,0.09470183383721842
CC_FAD284D8DAC8,0.9033514731844665
CC_FAE70CA5999C,0.1356961995487853
CC_FAF1CCB40132,0.11064781517575437
CC_FAF93D8B3B59,0.06513327564370264
CC_FB09E5481B64,0.12353664144700087
CC_FB150A1F7C3B,0.11280082329993694
CC_FB1808471515,0.36832494230941454
CC_FB296D823CF6,0.07330775284830729
CC_FB301E1FA7FF,0.041628004665771115
CC_FB33C958A19E,0.4376858129799697
CC_FB40D63FC3D3,0.16121324490032557
CC_FB45A1837AD7,0.11047247888960583
CC_FB45B79CED15,0.11290531252426438
CC_FB52260232E3,0.05480441703931234
CC_FB6A0A7B8813,0.2534434581862225
CC_FB6ED10D82D2,0.08766540245681397
CC_FB78DE84AF05,0.03135945387056485
CC_FB8DF8F93E7F,0.18071894707791833
CC_FB8F89048B89,0.08467354693394905
CC_FB9C3E77A49E,0.11978385817721789
CC_FBA40CEAEA18,0.08148543247216433
CC_FBA998938FE5,0.16684526228297294
CC_FBADBAFCD1B3,0.2414316994734797
CC_FBCB85E21ADD,0.1487024532158096
CC_FBCD00EE4402,0.158791289004381
CC_FBD40DFBA5D5,0.21915940725027785
CC_FBDECF3DACAE,0.234599196138233
CC_FBE4E2F652EB,0.20988699949883832
CC_FBEA9510C687,0.21461234173334148
CC_FBED1E2E1CC0,0.13590974471663697
CC_FBF54E48EB13,0.05269581567794008
CC_FC1E279EF320,0.04722988377613701
CC_FC2E1D460089,0.09224877916313921
CC_FC31CBD20CDF,0.157738880200921
CC_FC41D8134A1C,0.07143334545241159
CC_FC44D7EF257E,0.049272647460595224
CC_FC4A649BDD07,0.2242662955386057
CC_FC51BCDBB6B2,0.13397439753497942
CC_FC57B6E79AAC,0.18493837810788363
CC_FC6AA879D9CF,0.11179419645994824
CC_FC7A926F3A64,0.722537903545604
CC_FC83CB9C71CD,0.05198294656773094
CC_FC9E6D511294,0.14105177541674166
CC_FCA657E69930,0.2999287073452732
CC_FCB451237214,0.7770564389042575
CC_FCC7E51DF812,0.395323712242186
CC_FCD42ECC012B,0.04697427442492167
CC_FCE8FAEAAEF1,0.11877338428220603
CC_FCFAE9BE2522,0.40132630172449457
CC_FCFDB5DFE5D4,0.09048018938325066
CC_FD24FC7961A5,0.07570488063622464
CC_FD2793DCB5EF,0.13812965981605005
CC_FD2EEF724088,0.1307773896488953
CC_FD3205367675,0.08633062246104511
CC_FD3A21CDCA7C,0.10443875989757628
CC_FD3C4C2FB68C,0.12456670250020281
CC_FD41687DC1A0,0.13079186406600612
CC_FD44B4E31EFE,0.07736746318733127
CC_FD5721556AB7,0.06543237953056338
CC_FD643C174587,0.3004533633661975
CC_FD6BFA30DD9E,0.20130246626162313
CC_FD7C9DD7F11B,0.16177836380246727
CC_FD7F2D90CF8C,0.05901876509198311
CC_FD8C4F601909,0.05752943764472257
CC_FD90B45AA24E,0.10416227561083348
CC_FD95457772AB,0.0751791093847041
CC_FD9D9B58DB1A,0.203206784390641
CC_FDA918AEB5D6,0.55491377755936
CC_FDD4C2065540,0.30597530622228186
CC_FDE57A2C5156,0.20517480821147488
CC_FDE9920975F6,0.182919988302285
CC_FDEC856F9C6D,0.07145684076603591
CC_FDEED2AA92A3,0.4619064133052267
CC_FDF5607ECC1B,0.06370663639578256
CC_FDFED3D7E70E,0.1539400993985302
CC_FE0324F99784,0.10860592071960015
CC_FE0A18D6570D,0.054019866409912694
CC_FE0DACAC84BC,0.19649789578573984
CC_FE16586C9FAB,0.196212360133923
CC_FE16FBC86237,0.17603761960305866
CC_FE1C808C4515,0.053367553823880476
CC_FE1E64201B9F,0.12274313541953573
CC_FE33D60E29EB,0.03745146116406904
CC_FE3ACE674BEA,0.11421378301318781
CC_FE468E9AA9D9,0.03240265848986851
CC_FE5AA923C220,0.1740861812659089
CC_FE6C777DDC19,0.06672597051690948
CC_FE6DD8C8EC90,0.24279336799044335
CC_FE7A84AAA8F7,0.13604150575458618
CC_FE7DB6B410A4,0.1383697050656127
CC_FE8691B1F3D9,0.07980761879043524
CC_FE874279A94B,0.12198073537637524
CC_FEA61499305D,0.20335505520971675
CC_FEC22B334AC5,0.1726253160632601
CC_FF045F9508F2,0.14387289941968784
CC_FF0EFF711598,0.2761651166082524
CC_FF12F53D5676,0.055817723799175906
CC_FF13D426EC1C,0.16218967394133463
CC_FF16A7C8600F,0.22063058815795444
CC_FF2236DC115C,0.4146117511232788
CC_FF2725428B6F,0.0606267240681542
CC_FF3176D91690,0.13777401148375143
CC_FF393D295D66,0.05982330197037077
CC_FF4598202C5F,0.6221647120390998
CC_FF463A4B3D04,0.22886470346216628
CC_FF4703F7664E,0.04875971312148144
CC_FF86EC3C0851,0.4736158614968718
CC_FF8A580DD831,0.1468598174304182
CC_FF8BD8697ADE,0.1407377189634834
CC_FFA681A2054A,0.06020402487051435
CC_FFB6B2D2BB2A,0.3196515458598987
CC_FFBFA27643F8,0.13393572745138788
CC_FFC81CC80F9D,0.12659067719632
CC_FFCC9C0763D4,0.10214649601481465
CC_FFD4E33DC920,0.5416591835275768
CC_FFDE11143038,0.0663809981692079
CC_FFEF28047C4F,0.3421214043942292
